CustomerID,Recency,Frequency,Monetary,TotalQuantity,ProductDiversity,AvgOrderValue,Cluster,Segment
12346,326,1,77183.6,74215,1,77183.6,1,Regular / Growth Potential
12347,2,7,4310.0,2458,103,615.7142857142857,0,High-Value / Champions
12348,75,4,1797.24,2341,22,449.31,1,Regular / Growth Potential
12349,19,1,1757.55,631,73,1757.55,1,Regular / Growth Potential
12350,310,1,334.4,197,17,334.4,2,At-Risk / Low-Engagement
12352,36,8,2506.04,536,59,313.255,0,High-Value / Champions
12353,204,1,89.0,20,4,89.0,2,At-Risk / Low-Engagement
12354,232,1,1079.4,530,58,1079.4,2,At-Risk / Low-Engagement
12355,214,1,459.4,240,13,459.4,2,At-Risk / Low-Engagement
12356,23,3,2811.43,1591,53,937.1433333333333,1,Regular / Growth Potential
12357,33,1,6207.67,2708,131,6207.67,1,Regular / Growth Potential
12358,2,2,1168.06,248,13,584.03,1,Regular / Growth Potential
12359,58,4,6310.03,1609,214,1577.5075,1,Regular / Growth Potential
12360,52,3,2662.06,1165,105,887.3533333333334,1,Regular / Growth Potential
12361,287,1,189.9,91,10,189.9,2,At-Risk / Low-Engagement
12362,3,10,5226.23,2229,201,522.6229999999999,0,High-Value / Champions
12363,110,2,552.0,408,23,276.0,2,At-Risk / Low-Engagement
12364,8,4,1313.1,1506,70,328.275,1,Regular / Growth Potential
12365,291,2,641.38,174,22,320.69,2,At-Risk / Low-Engagement
12367,4,1,168.9,173,11,168.9,1,Regular / Growth Potential
12370,51,4,3541.94,2352,143,885.485,1,Regular / Growth Potential
12371,45,2,1887.96,591,63,943.98,1,Regular / Growth Potential
12372,72,3,1298.04,794,34,432.68,1,Regular / Growth Potential
12373,311,1,364.6,197,14,364.6,2,At-Risk / Low-Engagement
12374,25,1,742.9300000000001,342,33,742.9300000000001,1,Regular / Growth Potential
12375,11,2,457.5,178,14,228.75,1,Regular / Growth Potential
12377,315,2,1628.12,944,72,814.06,2,At-Risk / Low-Engagement
12378,130,1,4008.62,2529,219,4008.62,1,Regular / Growth Potential
12379,82,2,852.24,407,39,426.12,1,Regular / Growth Potential
12380,22,4,2724.81,1127,77,681.2025,1,Regular / Growth Potential
12381,5,5,1845.31,808,70,369.062,0,High-Value / Champions
12383,185,5,1850.56,1532,84,370.11199999999997,1,Regular / Growth Potential
12384,29,2,585.27,126,26,292.635,1,Regular / Growth Potential
12386,338,2,401.9,354,10,200.95,2,At-Risk / Low-Engagement
12388,16,6,2780.66,1462,57,463.4433333333333,0,High-Value / Champions
12390,80,1,549.84,353,32,549.84,2,At-Risk / Low-Engagement
12391,22,1,439.66,293,92,439.66,1,Regular / Growth Potential
12393,72,4,1582.6000000000001,816,47,395.65000000000003,1,Regular / Growth Potential
12394,64,2,1272.48,819,26,636.24,1,Regular / Growth Potential
12395,19,12,3018.63,2118,91,251.5525,0,High-Value / Champions
12397,36,2,2409.9,1263,110,1204.95,1,Regular / Growth Potential
12398,46,1,1635.6599999999999,1394,85,1635.6599999999999,1,Regular / Growth Potential
12399,119,4,1108.65,1178,47,277.1625,1,Regular / Growth Potential
12401,303,1,84.3,11,5,84.3,2,At-Risk / Low-Engagement
12402,323,1,225.6,94,11,225.6,2,At-Risk / Low-Engagement
12403,50,1,427.7,96,5,427.7,2,At-Risk / Low-Engagement
12405,149,1,1710.39,857,54,1710.39,2,At-Risk / Low-Engagement
12406,22,2,3415.3,1818,92,1707.65,1,Regular / Growth Potential
12407,50,5,1708.1200000000001,1416,57,341.624,1,Regular / Growth Potential
12408,33,5,2888.55,1409,81,577.71,1,Regular / Growth Potential
12409,79,3,11072.67,5551,91,3690.89,1,Regular / Growth Potential
12410,309,2,693.3299999999999,211,26,346.66499999999996,2,At-Risk / Low-Engagement
12412,75,3,1226.88,829,43,408.96000000000004,1,Regular / Growth Potential
12413,67,3,758.1,286,29,252.70000000000002,1,Regular / Growth Potential
12414,217,3,562.41,300,16,187.47,2,At-Risk / Low-Engagement
12415,24,21,124914.53,77374,444,5948.310952380953,0,High-Value / Champions
12417,3,9,3649.1,1552,158,405.4555555555555,0,High-Value / Champions
12418,113,1,668.58,407,34,668.58,2,At-Risk / Low-Engagement
12420,64,1,600.39,345,29,600.39,2,At-Risk / Low-Engagement
12421,16,4,807.04,484,32,201.76,1,Regular / Growth Potential
12422,96,3,803.5600000000001,370,39,267.85333333333335,1,Regular / Growth Potential
12423,1,8,1859.31,1339,97,232.41375,0,High-Value / Champions
12424,163,2,1760.96,740,30,880.48,1,Regular / Growth Potential
12425,78,1,777.2,496,36,777.2,2,At-Risk / Low-Engagement
12426,195,1,582.73,258,30,582.73,2,At-Risk / Low-Engagement
12427,22,3,825.8,533,26,275.26666666666665,1,Regular / Growth Potential
12428,26,9,7956.46,3536,258,884.0511111111111,0,High-Value / Champions
12429,9,4,3750.4,1557,82,937.6,0,High-Value / Champions
12430,43,1,256.4,117,11,256.4,2,At-Risk / Low-Engagement
12431,36,15,6419.95,2896,163,427.99666666666667,0,High-Value / Champions
12432,43,5,5059.32,1801,107,1011.8639999999999,0,High-Value / Champions
12433,1,7,13375.87,11071,219,1910.8385714285716,0,High-Value / Champions
12434,85,2,806.14,394,46,403.07,1,Regular / Growth Potential
12435,80,2,7829.89,2055,31,3914.945,1,Regular / Growth Potential
12436,100,1,509.01,211,16,509.01,2,At-Risk / Low-Engagement
12437,2,18,4951.41,2922,118,275.0783333333333,0,High-Value / Champions
12438,14,2,2906.85,1180,84,1453.425,1,Regular / Growth Potential
12441,367,1,173.55,121,11,173.55,2,At-Risk / Low-Engagement
12442,3,1,172.06,182,12,172.06,1,Regular / Growth Potential
12444,21,5,5005.46,1153,138,1001.092,0,High-Value / Champions
12445,22,1,133.4,62,4,133.4,2,At-Risk / Low-Engagement
12446,58,1,1002.3100000000001,351,57,1002.3100000000001,1,Regular / Growth Potential
12447,243,1,476.49,190,26,476.49,2,At-Risk / Low-Engagement
12448,44,1,449.45,243,22,449.45,2,At-Risk / Low-Engagement
12449,22,4,4067.29,1553,118,1016.8225,1,Regular / Growth Potential
12450,156,2,197.88,128,7,98.94,2,At-Risk / Low-Engagement
12451,11,5,9035.52,6575,265,1807.104,0,High-Value / Champions
12452,17,2,430.57,185,21,215.285,1,Regular / Growth Potential
12453,134,1,707.09,473,43,707.09,2,At-Risk / Low-Engagement
12454,56,1,3528.34,1006,15,3528.34,1,Regular / Growth Potential
12455,73,6,2466.86,2089,85,411.1433333333334,1,Regular / Growth Potential
12456,44,3,3181.04,1633,105,1060.3466666666666,1,Regular / Growth Potential
12457,66,7,2363.23,843,53,337.6042857142857,1,Regular / Growth Potential
12458,71,2,947.4,506,35,473.7,1,Regular / Growth Potential
12461,94,2,826.88,287,35,413.44,1,Regular / Growth Potential
12462,19,2,1189.59,536,51,594.795,1,Regular / Growth Potential
12463,53,4,1344.78,776,65,336.195,1,Regular / Growth Potential
12464,10,8,1212.05,112,6,151.50625,0,High-Value / Champions
12465,17,2,742.1899999999999,479,46,371.09499999999997,1,Regular / Growth Potential
12468,188,2,729.5400000000001,366,36,364.77000000000004,2,At-Risk / Low-Engagement
12471,2,30,19788.65,8200,150,659.6216666666667,0,High-Value / Champions
12472,32,7,6572.11,4148,219,938.8728571428571,0,High-Value / Champions
12473,29,5,3928.0499999999997,2414,140,785.6099999999999,0,High-Value / Champions
12474,17,18,7324.09,4833,253,406.8938888888889,0,High-Value / Champions
12475,54,1,723.38,535,36,723.38,2,At-Risk / Low-Engagement
12476,16,11,6816.42,2408,177,619.6745454545454,0,High-Value / Champions
12477,23,6,13219.74,3653,191,2203.29,0,High-Value / Champions
12478,4,1,680.99,236,36,680.99,1,Regular / Growth Potential
12479,11,1,527.2,385,31,527.2,1,Regular / Growth Potential
12480,28,4,3281.63,1707,129,820.4075,1,Regular / Growth Potential
12481,23,10,5579.82,3294,150,557.982,0,High-Value / Champions
12483,17,8,2484.98,1110,46,310.6225,0,High-Value / Champions
12484,33,6,4527.32,2187,256,754.5533333333333,0,High-Value / Champions
12488,10,3,1298.66,529,46,432.8866666666667,1,Regular / Growth Potential
12489,336,1,334.93,105,15,334.93,2,At-Risk / Low-Engagement
12490,5,10,5417.93,3064,131,541.793,0,High-Value / Champions
12491,39,1,460.40000000000003,260,25,460.40000000000003,2,At-Risk / Low-Engagement
12492,63,2,263.21000000000004,192,19,131.60500000000002,2,At-Risk / Low-Engagement
12493,166,2,433.74,207,20,216.87,2,At-Risk / Low-Engagement
12494,16,7,1246.1000000000001,707,63,178.01428571428573,0,High-Value / Champions
12497,82,1,1043.1,1236,14,1043.1,2,At-Risk / Low-Engagement
12498,21,3,403.70000000000005,159,21,134.5666666666667,1,Regular / Growth Potential
12500,23,11,4257.82,2678,34,387.07454545454544,0,High-Value / Champions
12501,337,1,2169.39,1783,149,2169.39,2,At-Risk / Low-Engagement
12502,96,5,3723.87,820,102,744.774,1,Regular / Growth Potential
12504,18,2,482.04999999999995,90,6,241.02499999999998,1,Regular / Growth Potential
12506,233,1,73.5,23,23,73.5,2,At-Risk / Low-Engagement
12507,134,3,1304.81,894,19,434.93666666666667,1,Regular / Growth Potential
12508,26,2,397.88,271,57,198.94,1,Regular / Growth Potential
12509,284,1,176.5,55,7,176.5,2,At-Risk / Low-Engagement
12510,143,2,982.5699999999999,353,29,491.28499999999997,2,At-Risk / Low-Engagement
12512,66,2,132.18,96,31,66.09,2,At-Risk / Low-Engagement
12513,113,1,612.29,462,35,612.29,2,At-Risk / Low-Engagement
12514,267,1,1017.68,440,51,1017.68,2,At-Risk / Low-Engagement
12515,353,1,383.7,131,16,383.7,2,At-Risk / Low-Engagement
12516,78,2,1312.06,875,20,656.03,1,Regular / Growth Potential
12517,28,5,2481.6,1361,232,496.32,1,Regular / Growth Potential
12518,1,5,2056.89,1318,84,411.378,0,High-Value / Champions
12519,64,1,330.84,175,17,330.84,2,At-Risk / Low-Engagement
12520,79,5,2634.26,1439,121,526.8520000000001,1,Regular / Growth Potential
12521,143,1,599.68,309,38,599.68,2,At-Risk / Low-Engagement
12522,39,2,192.72,194,11,96.36,2,At-Risk / Low-Engagement
12523,19,11,1789.77,865,84,162.70636363636365,0,High-Value / Champions
12524,9,8,4485.72,3699,113,560.715,0,High-Value / Champions
12526,1,3,1316.66,632,64,438.8866666666667,1,Regular / Growth Potential
12527,82,3,348.71000000000004,234,18,116.23666666666668,2,At-Risk / Low-Engagement
12528,9,6,1933.48,756,50,322.24666666666667,0,High-Value / Champions
12530,60,4,1662.28,913,51,415.57,1,Regular / Growth Potential
12531,15,1,125.22,45,17,125.22,2,At-Risk / Low-Engagement
12532,30,1,349.83000000000004,153,16,349.83000000000004,2,At-Risk / Low-Engagement
12534,131,1,1089.18,651,63,1089.18,2,At-Risk / Low-Engagement
12535,92,2,716.35,219,28,358.175,2,At-Risk / Low-Engagement
12536,43,3,12601.830000000002,2803,260,4200.610000000001,0,High-Value / Champions
12538,29,1,363.95,191,21,363.95,2,At-Risk / Low-Engagement
12539,22,4,5568.35,2067,157,1392.0875,0,High-Value / Champions
12540,20,17,13400.24,6685,277,788.2494117647059,0,High-Value / Champions
12541,30,3,981.18,680,46,327.06,1,Regular / Growth Potential
12544,36,1,372.7,136,19,372.7,2,At-Risk / Low-Engagement
12545,75,2,1000.39,523,42,500.195,1,Regular / Growth Potential
12546,47,2,1161.5,633,59,580.75,1,Regular / Growth Potential
12547,198,2,207.79999999999998,134,7,103.89999999999999,2,At-Risk / Low-Engagement
12548,166,1,95.19999999999999,49,5,95.19999999999999,2,At-Risk / Low-Engagement
12550,79,1,964.83,569,57,964.83,2,At-Risk / Low-Engagement
12551,358,1,168.0,100,10,168.0,2,At-Risk / Low-Engagement
12552,39,2,437.82,88,20,218.91,1,Regular / Growth Potential
12553,8,10,3692.28,1965,95,369.228,0,High-Value / Champions
12556,50,2,599.56,355,100,299.78,1,Regular / Growth Potential
12557,16,5,11990.960000000001,4384,15,2398.192,0,High-Value / Champions
12558,8,1,269.96,196,11,269.96,1,Regular / Growth Potential
12559,311,2,561.71,283,21,280.855,2,At-Risk / Low-Engagement
12560,5,3,2134.01,1110,91,711.3366666666667,1,Regular / Growth Potential
12561,303,1,238.85,177,16,238.85,2,At-Risk / Low-Engagement
12562,8,7,3781.7400000000002,1779,99,540.2485714285715,0,High-Value / Champions
12564,261,1,456.9,133,21,456.9,2,At-Risk / Low-Engagement
12565,289,1,145.92,80,9,145.92,2,At-Risk / Low-Engagement
12566,86,1,351.65,265,19,351.65,2,At-Risk / Low-Engagement
12567,23,10,9401.28,4305,323,940.128,0,High-Value / Champions
12569,2,32,4124.69,1801,92,128.8965625,0,High-Value / Champions
12571,40,2,519.61,523,31,259.805,1,Regular / Growth Potential
12572,9,2,1020.42,452,53,510.21,1,Regular / Growth Potential
12573,227,1,160.54000000000002,84,26,160.54000000000002,2,At-Risk / Low-Engagement
12574,316,1,218.45,61,11,218.45,2,At-Risk / Low-Engagement
12576,36,5,1315.83,967,72,263.166,1,Regular / Growth Potential
12577,35,3,626.6,469,137,208.86666666666667,1,Regular / Growth Potential
12578,21,2,2794.51,1196,111,1397.255,1,Regular / Growth Potential
12579,78,1,440.42,285,29,440.42,2,At-Risk / Low-Engagement
12580,247,1,415.7,238,24,415.7,2,At-Risk / Low-Engagement
12581,40,1,197.71,161,15,197.71,2,At-Risk / Low-Engagement
12582,239,2,511.36,300,21,255.68,2,At-Risk / Low-Engagement
12583,3,15,7281.38,5060,115,485.42533333333336,0,High-Value / Champions
12584,4,9,2338.15,416,44,259.7944444444445,0,High-Value / Champions
12585,234,2,2040.1,1279,77,1020.05,1,Regular / Growth Potential
12586,17,1,196.94000000000003,79,11,196.94000000000003,2,At-Risk / Low-Engagement
12587,8,1,144.0,51,4,144.0,1,Regular / Growth Potential
12588,39,1,214.89999999999998,53,10,214.89999999999998,2,At-Risk / Low-Engagement
12589,29,2,646.68,306,29,323.34,1,Regular / Growth Potential
12590,211,2,9864.26,4283,68,4932.13,1,Regular / Growth Potential
12591,317,1,452.84999999999997,228,26,452.84999999999997,2,At-Risk / Low-Engagement
12592,92,2,437.6,290,11,218.8,2,At-Risk / Low-Engagement
12593,109,3,418.09999999999997,206,14,139.36666666666665,2,At-Risk / Low-Engagement
12594,38,10,3338.2200000000003,1777,50,333.822,0,High-Value / Champions
12596,51,2,618.27,474,25,309.135,1,Regular / Growth Potential
12597,19,4,3811.22,2236,184,952.805,1,Regular / Growth Potential
12598,10,8,3023.08,1964,84,377.885,0,High-Value / Champions
12599,29,7,1032.58,956,32,147.51142857142855,1,Regular / Growth Potential
12600,29,10,2599.04,774,32,259.904,0,High-Value / Champions
12601,190,5,577.0600000000001,245,21,115.412,1,Regular / Growth Potential
12602,59,1,153.12,162,12,153.12,2,At-Risk / Low-Engagement
12603,22,1,739.1999999999999,63,2,739.1999999999999,1,Regular / Growth Potential
12604,79,2,254.18,201,15,127.09,2,At-Risk / Low-Engagement
12607,60,1,1579.51,1228,101,1579.51,1,Regular / Growth Potential
12609,78,3,1126.85,648,57,375.6166666666666,1,Regular / Growth Potential
12610,23,5,2099.54,1049,85,419.908,1,Regular / Growth Potential
12611,52,1,1193.32,846,65,1193.32,1,Regular / Growth Potential
12612,74,1,704.0400000000001,262,19,704.0400000000001,2,At-Risk / Low-Engagement
12613,57,5,3344.38,1644,124,668.876,1,Regular / Growth Potential
12614,278,1,315.6,76,20,315.6,2,At-Risk / Low-Engagement
12615,2,4,2291.19,1376,82,572.7975,0,High-Value / Champions
12616,95,2,713.3,284,25,356.65,2,At-Risk / Low-Engagement
12617,29,1,352.98,210,39,352.98,2,At-Risk / Low-Engagement
12618,22,1,177.31,96,11,177.31,2,At-Risk / Low-Engagement
12619,16,9,3641.24,3378,50,404.5822222222222,0,High-Value / Champions
12620,15,3,1339.41,1181,89,446.47,1,Regular / Growth Potential
12621,2,20,13689.67,7440,261,684.4835,0,High-Value / Champions
12622,232,1,180.1,69,11,180.1,2,At-Risk / Low-Engagement
12623,276,1,305.1,191,18,305.1,2,At-Risk / Low-Engagement
12624,106,2,641.13,355,36,320.565,2,At-Risk / Low-Engagement
12625,212,2,2683.82,1612,73,1341.91,1,Regular / Growth Potential
12626,23,9,6620.48,3453,232,735.6088888888888,0,High-Value / Champions
12627,11,7,4478.53,2752,162,639.79,0,High-Value / Champions
12628,4,3,786.46,448,34,262.15333333333336,1,Regular / Growth Potential
12630,10,2,1270.88,548,60,635.44,1,Regular / Growth Potential
12631,57,1,640.5,236,31,640.5,2,At-Risk / Low-Engagement
12633,59,4,2163.98,1162,73,540.995,1,Regular / Growth Potential
12635,90,2,1689.18,1172,96,844.59,1,Regular / Growth Potential
12637,67,8,6002.9,2994,205,750.3625,0,High-Value / Champions
12638,33,1,671.69,577,39,671.69,1,Regular / Growth Potential
12639,239,1,486.1,201,22,486.1,2,At-Risk / Low-Engagement
12640,24,3,1174.58,311,47,391.52666666666664,1,Regular / Growth Potential
12641,115,1,185.9,72,10,185.9,2,At-Risk / Low-Engagement
12642,25,3,1013.26,552,39,337.75333333333333,1,Regular / Growth Potential
12643,128,6,3344.64,1808,11,557.4399999999999,1,Regular / Growth Potential
12644,130,1,477.91,325,31,477.91,2,At-Risk / Low-Engagement
12645,34,4,1775.18,1084,58,443.795,1,Regular / Growth Potential
12646,5,2,1346.97,897,43,673.485,1,Regular / Growth Potential
12647,22,12,3722.82,1431,78,310.235,0,High-Value / Champions
12648,155,1,318.05,160,21,318.05,2,At-Risk / Low-Engagement
12649,107,3,623.51,586,28,207.83666666666667,1,Regular / Growth Potential
12650,3,1,314.44,254,20,314.44,1,Regular / Growth Potential
12651,335,1,114.0,78,9,114.0,2,At-Risk / Low-Engagement
12652,331,1,919.98,505,48,919.98,2,At-Risk / Low-Engagement
12653,149,2,2209.85,919,37,1104.925,1,Regular / Growth Potential
12654,11,5,601.98,264,31,120.396,1,Regular / Growth Potential
12656,17,5,4051.17,1723,89,810.234,0,High-Value / Champions
12657,11,4,1643.18,1044,35,410.795,1,Regular / Growth Potential
12658,19,1,686.05,320,36,686.05,1,Regular / Growth Potential
12659,30,1,91.68,105,5,91.68,2,At-Risk / Low-Engagement
12660,11,1,245.1,127,13,245.1,1,Regular / Growth Potential
12662,1,11,3849.78,2058,129,349.98,0,High-Value / Champions
12664,8,9,4881.88,1203,10,542.4311111111111,0,High-Value / Champions
12665,325,1,63.0,37,3,63.0,2,At-Risk / Low-Engagement
12667,58,1,620.13,395,33,620.13,2,At-Risk / Low-Engagement
12668,12,4,3807.15,1634,115,951.7875,0,High-Value / Champions
12669,151,3,2744.0299999999997,1115,98,914.6766666666666,1,Regular / Growth Potential
12670,10,5,2996.05,1397,58,599.21,0,High-Value / Champions
12672,330,1,225.89999999999998,78,10,225.89999999999998,2,At-Risk / Low-Engagement
12673,5,2,610.52,351,42,305.26,1,Regular / Growth Potential
12674,39,4,1970.6,1133,52,492.65,1,Regular / Growth Potential
12676,25,6,1331.39,670,33,221.89833333333334,1,Regular / Growth Potential
12678,42,12,17628.46,10923,105,1469.0383333333332,0,High-Value / Champions
12679,59,4,1113.02,554,43,278.255,1,Regular / Growth Potential
12680,1,4,862.81,443,33,215.7025,1,Regular / Growth Potential
12681,15,22,13787.54,7536,267,626.7063636363637,0,High-Value / Champions
12682,4,31,12279.82,5555,209,396.1232258064516,0,High-Value / Champions
12683,4,15,8476.57,4987,177,565.1046666666666,0,High-Value / Champions
12684,8,7,2283.63,1985,61,326.23285714285714,0,High-Value / Champions
12685,28,6,2863.08,1523,117,477.18,0,High-Value / Champions
12686,372,1,89.14,107,7,89.14,2,At-Risk / Low-Engagement
12688,114,1,4873.8099999999995,3028,171,4873.8099999999995,1,Regular / Growth Potential
12689,26,2,1247.61,628,57,623.805,1,Regular / Growth Potential
12690,206,1,389.01,106,16,389.01,2,At-Risk / Low-Engagement
12691,28,6,1035.8,394,21,172.63333333333333,1,Regular / Growth Potential
12693,127,4,855.91,255,35,213.9775,1,Regular / Growth Potential
12694,70,2,869.67,509,32,434.835,1,Regular / Growth Potential
12695,7,4,582.1,220,23,145.525,1,Regular / Growth Potential
12697,29,3,957.59,508,37,319.19666666666666,1,Regular / Growth Potential
12700,8,4,4939.99,2967,193,1234.9975,0,High-Value / Champions
12701,80,2,797.71,678,50,398.855,1,Regular / Growth Potential
12702,20,1,219.0,53,12,219.0,2,At-Risk / Low-Engagement
12703,71,1,283.55,164,21,283.55,2,At-Risk / Low-Engagement
12704,7,8,2340.84,1006,64,292.605,0,High-Value / Champions
12705,15,9,6868.29,3997,228,763.1433333333333,0,High-Value / Champions
12707,292,1,603.42,256,33,603.42,2,At-Risk / Low-Engagement
12708,30,10,2712.91,1307,86,271.291,0,High-Value / Champions
12709,15,15,9706.52,3912,93,647.1013333333334,0,High-Value / Champions
12710,97,3,1149.02,851,75,383.00666666666666,1,Regular / Growth Potential
12712,29,13,4396.13,1062,58,338.1638461538462,0,High-Value / Champions
12713,1,1,848.55,508,38,848.55,1,Regular / Growth Potential
12714,9,5,4708.86,3069,216,941.7719999999999,0,High-Value / Champions
12715,106,1,343.36,192,20,343.36,2,At-Risk / Low-Engagement
12716,4,2,1053.49,708,60,526.745,1,Regular / Growth Potential
12717,151,2,1030.98,506,49,515.49,2,At-Risk / Low-Engagement
12718,71,1,238.25,203,19,238.25,2,At-Risk / Low-Engagement
12719,5,2,644.95,374,34,322.475,1,Regular / Growth Potential
12720,3,25,5781.73,4672,211,231.26919999999998,0,High-Value / Champions
12721,32,6,2656.13,1959,133,442.68833333333333,0,High-Value / Champions
12722,85,4,997.63,566,50,249.4075,1,Regular / Growth Potential
12723,4,5,725.07,434,53,145.014,1,Regular / Growth Potential
12724,5,4,1031.41,445,47,257.8525,1,Regular / Growth Potential
12725,371,1,427.8,164,24,427.8,2,At-Risk / Low-Engagement
12726,28,7,2609.1,3143,57,372.7285714285714,0,High-Value / Champions
12727,11,7,3980.7,2098,109,568.6714285714286,0,High-Value / Champions
12728,71,4,836.33,419,38,209.0825,1,Regular / Growth Potential
12729,114,1,453.01,233,26,453.01,2,At-Risk / Low-Engagement
12731,24,12,18895.91,8437,109,1574.6591666666666,0,High-Value / Champions
12732,180,1,236.26000000000002,111,12,236.26000000000002,2,At-Risk / Low-Engagement
12733,234,1,383.95,137,22,383.95,2,At-Risk / Low-Engagement
12734,353,1,110.39999999999999,88,4,110.39999999999999,2,At-Risk / Low-Engagement
12735,315,2,779.5699999999999,368,38,389.78499999999997,2,At-Risk / Low-Engagement
12736,333,1,234.0,173,4,234.0,2,At-Risk / Low-Engagement
12738,372,1,155.35,148,11,155.35,2,At-Risk / Low-Engagement
12739,78,2,1013.04,486,38,506.52,1,Regular / Growth Potential
12740,64,1,427.6,342,27,427.6,2,At-Risk / Low-Engagement
12743,134,2,540.13,315,114,270.065,2,At-Risk / Low-Engagement
12744,52,7,21279.29,5241,178,3039.8985714285714,0,High-Value / Champions
12747,2,11,4196.01,1275,42,381.4554545454546,0,High-Value / Champions
12748,1,209,33053.19,25287,1768,158.14923444976077,0,High-Value / Champions
12749,4,5,4090.88,1471,160,818.176,0,High-Value / Champions
12750,129,1,275.88,137,15,275.88,2,At-Risk / Low-Engagement
12752,81,1,4366.78,2262,53,4366.78,1,Regular / Growth Potential
12753,23,6,21429.39,11421,132,3571.565,0,High-Value / Champions
12754,236,3,3010.74,6481,49,1003.5799999999999,1,Regular / Growth Potential
12755,281,2,3811.95,1491,4,1905.975,1,Regular / Growth Potential
12756,87,1,112.07999999999998,144,4,112.07999999999998,2,At-Risk / Low-Engagement
12757,16,13,7834.650000000001,2395,237,602.6653846153847,0,High-Value / Champions
12758,117,2,2791.59,2135,84,1395.795,1,Regular / Growth Potential
12759,52,3,1531.44,902,81,510.48,1,Regular / Growth Potential
12762,8,2,1898.52,1227,62,949.26,1,Regular / Growth Potential
12763,138,2,494.08,316,16,247.04,2,At-Risk / Low-Engagement
12764,317,1,1693.88,386,45,1693.88,2,At-Risk / Low-Engagement
12766,4,7,6989.63,3646,205,998.5185714285715,0,High-Value / Champions
12769,239,1,1143.6,356,32,1143.6,2,At-Risk / Low-Engagement
12770,211,1,1351.45,743,12,1351.45,2,At-Risk / Low-Engagement
12772,60,1,892.47,556,55,892.47,2,At-Risk / Low-Engagement
12775,17,5,1386.04,877,47,277.20799999999997,1,Regular / Growth Potential
12778,20,6,822.23,825,40,137.03833333333333,1,Regular / Growth Potential
12779,38,8,3981.36,2024,88,497.67,0,High-Value / Champions
12781,64,2,826.74,671,25,413.37,1,Regular / Growth Potential
12782,5,5,2330.92,1086,81,466.184,0,High-Value / Champions
12783,2,6,2225.91,624,76,370.98499999999996,0,High-Value / Champions
12784,9,2,532.8199999999999,280,54,266.40999999999997,1,Regular / Growth Potential
12785,364,1,311.95,131,14,311.95,2,At-Risk / Low-Engagement
12787,10,3,463.66,261,17,154.55333333333334,1,Regular / Growth Potential
12789,65,1,91.85,4,4,91.85,2,At-Risk / Low-Engagement
12790,192,1,324.92,166,21,324.92,2,At-Risk / Low-Engagement
12791,374,1,192.60000000000002,97,2,192.60000000000002,2,At-Risk / Low-Engagement
12792,257,1,400.53999999999996,217,25,400.53999999999996,2,At-Risk / Low-Engagement
12793,335,2,545.48,295,21,272.74,2,At-Risk / Low-Engagement
12794,53,2,860.41,592,43,430.205,1,Regular / Growth Potential
12795,19,1,430.48,68,14,430.48,1,Regular / Growth Potential
12797,366,1,254.03,118,13,254.03,2,At-Risk / Low-Engagement
12798,10,3,6977.04,5256,6,2325.68,0,High-Value / Champions
12802,187,1,427.58,314,25,427.58,2,At-Risk / Low-Engagement
12808,37,3,483.65000000000003,188,27,161.21666666666667,1,Regular / Growth Potential
12809,178,1,489.31,220,25,489.31,2,At-Risk / Low-Engagement
12811,261,3,514.85,230,27,171.61666666666667,2,At-Risk / Low-Engagement
12812,45,1,229.64000000000001,164,15,229.64000000000001,2,At-Risk / Low-Engagement
12814,102,1,125.92,49,2,125.92,2,At-Risk / Low-Engagement
12815,148,2,1063.46,379,38,531.73,2,At-Risk / Low-Engagement
12816,96,2,572.2,128,27,286.1,2,At-Risk / Low-Engagement
12817,281,1,166.04,53,4,166.04,2,At-Risk / Low-Engagement
12818,262,1,1542.08,929,14,1542.08,2,At-Risk / Low-Engagement
12820,3,4,942.34,722,55,235.585,1,Regular / Growth Potential
12821,214,1,92.72,70,6,92.72,2,At-Risk / Low-Engagement
12822,71,2,948.88,550,41,474.44,1,Regular / Growth Potential
12823,75,5,1759.5,230,1,351.9,1,Regular / Growth Potential
12824,60,1,397.12,232,25,397.12,2,At-Risk / Low-Engagement
12826,3,7,1474.72,1058,58,210.67428571428573,0,High-Value / Champions
12827,6,3,430.15000000000003,197,19,143.38333333333335,1,Regular / Growth Potential
12828,3,6,1018.71,494,46,169.785,0,High-Value / Champions
12829,337,2,293.0,376,9,146.5,2,At-Risk / Low-Engagement
12830,38,6,6814.64,9848,13,1135.7733333333333,0,High-Value / Champions
12831,262,1,215.05,135,9,215.05,2,At-Risk / Low-Engagement
12832,32,2,383.03,195,27,191.515,1,Regular / Growth Potential
12833,145,1,417.38,156,24,417.38,2,At-Risk / Low-Engagement
12834,283,1,312.38,110,18,312.38,2,At-Risk / Low-Engagement
12836,59,4,2610.36,1062,148,652.59,1,Regular / Growth Potential
12837,173,1,134.1,24,12,134.1,2,At-Risk / Low-Engagement
12838,34,2,671.95,355,115,335.975,1,Regular / Growth Potential
12839,3,14,5591.42,3807,95,399.38714285714286,0,High-Value / Champions
12840,144,4,2726.77,1511,67,681.6925,1,Regular / Growth Potential
12841,5,25,3991.58,2720,229,159.6632,0,High-Value / Champions
12842,70,2,1118.99,547,34,559.495,1,Regular / Growth Potential
12843,66,8,1702.26,781,69,212.7825,1,Regular / Growth Potential
12844,29,2,325.96000000000004,125,47,162.98000000000002,1,Regular / Growth Potential
12845,267,4,354.09,204,26,88.5225,2,At-Risk / Low-Engagement
12847,22,1,843.64,873,72,843.64,1,Regular / Growth Potential
12849,31,2,1010.29,597,47,505.145,1,Regular / Growth Potential
12851,97,1,131.81,106,43,131.81,2,At-Risk / Low-Engagement
12852,295,1,311.55,149,17,311.55,2,At-Risk / Low-Engagement
12853,135,6,1957.1000000000001,800,66,326.18333333333334,1,Regular / Growth Potential
12854,79,3,1316.25,626,95,438.75,1,Regular / Growth Potential
12855,373,1,38.1,30,3,38.1,2,At-Risk / Low-Engagement
12856,8,6,2170.78,1076,155,361.7966666666667,0,High-Value / Champions
12857,211,2,1106.4,343,37,553.2,2,At-Risk / Low-Engagement
12863,52,1,521.2,188,5,521.2,2,At-Risk / Low-Engagement
12864,138,1,147.12,216,3,147.12,2,At-Risk / Low-Engagement
12865,26,2,1568.23,925,86,784.115,1,Regular / Growth Potential
12866,283,1,559.12,171,26,559.12,2,At-Risk / Low-Engagement
12867,26,7,4009.34,4284,240,572.7628571428571,0,High-Value / Champions
12868,186,6,1607.0600000000002,928,72,267.84333333333336,1,Regular / Growth Potential
12871,84,2,380.64,200,8,190.32,2,At-Risk / Low-Engagement
12872,327,2,599.97,319,58,299.985,2,At-Risk / Low-Engagement
12873,282,1,374.0,128,4,374.0,2,At-Risk / Low-Engagement
12875,143,2,343.2300000000001,2019,1,171.61500000000004,2,At-Risk / Low-Engagement
12876,58,2,2218.02,1941,67,1109.01,1,Regular / Growth Potential
12877,4,12,1535.77,1178,100,127.98083333333334,0,High-Value / Champions
12878,236,2,854.99,547,38,427.495,2,At-Risk / Low-Engagement
12879,45,3,573.22,370,7,191.07333333333335,1,Regular / Growth Potential
12881,276,1,298.0,21,7,298.0,2,At-Risk / Low-Engagement
12882,9,2,1463.04,246,12,731.52,1,Regular / Growth Potential
12883,25,4,703.47,196,39,175.8675,1,Regular / Growth Potential
12884,88,1,309.05,43,7,309.05,2,At-Risk / Low-Engagement
12885,63,3,1175.22,655,66,391.74,1,Regular / Growth Potential
12886,68,2,1378.4,770,75,689.2,1,Regular / Growth Potential
12888,214,2,354.12,76,4,177.06,2,At-Risk / Low-Engagement
12890,24,1,376.71999999999997,256,78,376.71999999999997,2,At-Risk / Low-Engagement
12891,186,3,331.0,950,2,110.33333333333333,2,At-Risk / Low-Engagement
12893,31,1,176.55,90,27,176.55,2,At-Risk / Low-Engagement
12895,42,2,372.8,210,22,186.4,1,Regular / Growth Potential
12897,205,2,216.5,110,3,108.25,2,At-Risk / Low-Engagement
12901,9,28,17654.54,23075,30,630.5192857142857,0,High-Value / Champions
12902,265,1,138.68,66,10,138.68,2,At-Risk / Low-Engagement
12904,18,2,496.06,294,59,248.03,1,Regular / Growth Potential
12906,12,5,2919.81,1749,55,583.962,0,High-Value / Champions
12908,176,2,750.0,1200,1,375.0,2,At-Risk / Low-Engagement
12909,40,5,2178.67,1280,78,435.73400000000004,1,Regular / Growth Potential
12910,23,8,3075.04,1692,48,384.38,0,High-Value / Champions
12912,3,5,1662.3,670,17,332.46,0,High-Value / Champions
12913,5,5,2483.63,1419,37,496.726,0,High-Value / Champions
12915,149,2,363.65,93,19,181.825,2,At-Risk / Low-Engagement
12916,139,4,2944.95,1083,53,736.2375,1,Regular / Growth Potential
12917,128,1,594.0,120,2,594.0,2,At-Risk / Low-Engagement
12919,8,6,1335.19,673,34,222.53166666666667,0,High-Value / Champions
12920,17,1,162.78,128,27,162.78,2,At-Risk / Low-Engagement
12921,9,37,16587.09,9526,233,448.29972972972973,0,High-Value / Champions
12922,161,1,405.38,370,28,405.38,2,At-Risk / Low-Engagement
12923,64,1,172.82,68,28,172.82,2,At-Risk / Low-Engagement
12924,88,4,933.7,481,22,233.425,1,Regular / Growth Potential
12925,5,2,694.05,541,42,347.025,1,Regular / Growth Potential
12928,35,5,2062.7000000000003,1472,59,412.5400000000001,1,Regular / Growth Potential
12929,312,1,117.85,37,8,117.85,2,At-Risk / Low-Engagement
12930,78,2,415.8,252,20,207.9,2,At-Risk / Low-Engagement
12931,22,15,42055.96,28004,28,2803.730666666667,0,High-Value / Champions
12933,24,3,607.53,499,102,202.51,1,Regular / Growth Potential
12935,2,7,2160.7,1853,80,308.6714285714285,0,High-Value / Champions
12936,17,4,1063.9,559,56,265.975,1,Regular / Growth Potential
12937,15,4,1504.27,1007,81,376.0675,1,Regular / Growth Potential
12938,26,1,114.14,140,9,114.14,2,At-Risk / Low-Engagement
12939,64,8,11581.8,4876,21,1447.725,0,High-Value / Champions
12940,55,2,899.69,404,87,449.845,1,Regular / Growth Potential
12942,131,3,675.6,198,68,225.20000000000002,2,At-Risk / Low-Engagement
12944,36,2,604.51,289,29,302.255,1,Regular / Growth Potential
12945,288,1,462.95,165,23,462.95,2,At-Risk / Low-Engagement
12947,144,6,1603.99,1165,83,267.33166666666665,1,Regular / Growth Potential
12948,16,7,2064.95,1080,82,294.99285714285713,0,High-Value / Champions
12949,31,8,4167.22,2381,166,520.9025,0,High-Value / Champions
12950,2,3,1843.0,1380,13,614.3333333333334,1,Regular / Growth Potential
12951,9,6,1064.07,503,53,177.345,1,Regular / Growth Potential
12952,6,4,1387.79,653,64,346.9475,1,Regular / Growth Potential
12953,10,1,329.85,84,17,329.85,1,Regular / Growth Potential
12955,1,11,4757.16,3664,81,432.4690909090909,0,High-Value / Champions
12956,306,1,108.07,34,19,108.07,2,At-Risk / Low-Engagement
12957,10,8,4017.54,2549,208,502.1925,0,High-Value / Champions
12962,7,2,266.39,129,15,133.195,1,Regular / Growth Potential
12963,8,8,1856.63,881,75,232.07875,0,High-Value / Champions
12965,89,1,769.8100000000001,282,108,769.8100000000001,2,At-Risk / Low-Engagement
12966,10,1,160.18,75,10,160.18,2,At-Risk / Low-Engagement
12967,358,2,1660.9,438,19,830.45,2,At-Risk / Low-Engagement
12968,112,1,135.95,73,5,135.95,2,At-Risk / Low-Engagement
12970,7,4,405.47,268,116,101.3675,1,Regular / Growth Potential
12971,4,86,11189.91,9289,94,130.11523255813952,0,High-Value / Champions
12974,198,1,144.8,24,8,144.8,2,At-Risk / Low-Engagement
12976,212,1,738.6,561,22,738.6,2,At-Risk / Low-Engagement
12977,156,1,39.239999999999995,12,9,39.239999999999995,2,At-Risk / Low-Engagement
12980,158,9,7374.900000000001,886,6,819.4333333333334,0,High-Value / Champions
12981,30,2,372.21999999999997,242,12,186.10999999999999,1,Regular / Growth Potential
12982,243,1,390.54,288,28,390.54,2,At-Risk / Low-Engagement
12984,19,1,97.5,26,4,97.5,2,At-Risk / Low-Engagement
12985,1,2,1239.38,1533,73,619.69,1,Regular / Growth Potential
12987,74,2,558.7,219,27,279.35,2,At-Risk / Low-Engagement
12988,292,1,505.82,126,75,505.82,2,At-Risk / Low-Engagement
12989,3,15,6924.110000000001,2943,41,461.6073333333334,0,High-Value / Champions
12990,31,3,409.5,200,8,136.5,1,Regular / Growth Potential
12991,23,2,503.76,405,31,251.88,1,Regular / Growth Potential
12993,23,4,414.76,240,26,103.69,1,Regular / Growth Potential
12994,4,3,974.4200000000001,459,52,324.8066666666667,1,Regular / Growth Potential
12995,85,1,211.32,108,3,211.32,2,At-Risk / Low-Engagement
12997,22,4,1226.89,664,45,306.7225,1,Regular / Growth Potential
12999,196,3,455.88,342,25,151.96,2,At-Risk / Low-Engagement
13000,107,3,534.85,379,30,178.28333333333333,2,At-Risk / Low-Engagement
13001,4,13,9785.970000000001,5490,166,752.7669230769231,0,High-Value / Champions
13002,318,1,120.94999999999999,73,7,120.94999999999999,2,At-Risk / Low-Engagement
13003,106,3,149.05,103,4,49.68333333333334,2,At-Risk / Low-Engagement
13004,12,18,5655.91,4822,277,314.21722222222223,0,High-Value / Champions
13005,174,2,513.7,172,21,256.85,2,At-Risk / Low-Engagement
13006,56,1,81.57,55,4,81.57,2,At-Risk / Low-Engagement
13008,323,1,229.46999999999997,175,14,229.46999999999997,2,At-Risk / Low-Engagement
13011,372,1,50.550000000000004,13,3,50.550000000000004,2,At-Risk / Low-Engagement
13012,9,8,1646.8400000000001,820,67,205.85500000000002,0,High-Value / Champions
13013,1,13,4810.9400000000005,2224,155,370.07230769230773,0,High-Value / Champions
13014,11,10,3466.2799999999997,905,67,346.628,0,High-Value / Champions
13015,53,5,3339.64,1609,156,667.928,1,Regular / Growth Potential
13016,73,3,789.89,527,39,263.2966666666667,1,Regular / Growth Potential
13017,7,1,204.0,48,1,204.0,1,Regular / Growth Potential
13018,16,28,7277.7,5435,313,259.91785714285714,0,High-Value / Champions
13021,4,9,2616.38,1352,101,290.7088888888889,0,High-Value / Champions
13023,64,2,689.9,286,36,344.95,1,Regular / Growth Potential
13026,1,5,975.36,1620,32,195.072,0,High-Value / Champions
13027,114,6,6912.0,17280,6,1152.0,0,High-Value / Champions
13028,23,2,661.3199999999999,798,40,330.65999999999997,1,Regular / Growth Potential
13029,31,3,1247.5,134,8,415.8333333333333,1,Regular / Growth Potential
13030,11,2,752.4399999999999,348,76,376.21999999999997,1,Regular / Growth Potential
13032,52,2,1010.18,375,55,505.09,1,Regular / Growth Potential
13033,357,1,190.55,83,11,190.55,2,At-Risk / Low-Engagement
13034,55,2,642.77,369,37,321.385,1,Regular / Growth Potential
13035,74,2,921.88,644,23,460.94,1,Regular / Growth Potential
13037,138,3,881.07,431,44,293.69,1,Regular / Growth Potential
13038,80,3,908.46,360,24,302.82,1,Regular / Growth Potential
13040,9,2,676.99,355,38,338.495,1,Regular / Growth Potential
13043,273,1,516.42,254,13,516.42,2,At-Risk / Low-Engagement
13044,291,1,560.47,429,33,560.47,2,At-Risk / Low-Engagement
13045,99,1,305.28000000000003,221,18,305.28000000000003,2,At-Risk / Low-Engagement
13046,31,2,629.31,264,33,314.655,1,Regular / Growth Potential
13047,32,10,3237.54,1391,106,323.754,0,High-Value / Champions
13048,14,4,1819.41,1228,77,454.8525,1,Regular / Growth Potential
13049,64,2,656.6800000000001,268,14,328.34000000000003,1,Regular / Growth Potential
13050,15,17,5836.86,3748,246,343.3447058823529,0,High-Value / Champions
13052,212,1,348.15000000000003,222,18,348.15000000000003,2,At-Risk / Low-Engagement
13055,78,3,1214.41,894,74,404.80333333333334,1,Regular / Growth Potential
13058,25,3,271.40000000000003,52,5,90.46666666666668,1,Regular / Growth Potential
13059,250,1,183.4,35,8,183.4,2,At-Risk / Low-Engagement
13060,254,1,307.53,123,15,307.53,2,At-Risk / Low-Engagement
13061,72,1,248.61,107,10,248.61,2,At-Risk / Low-Engagement
13062,191,1,346.98,343,11,346.98,2,At-Risk / Low-Engagement
13064,13,4,1105.59,514,51,276.3975,1,Regular / Growth Potential
13065,373,1,205.86,74,14,205.86,2,At-Risk / Low-Engagement
13066,24,2,470.8,322,48,235.4,1,Regular / Growth Potential
13067,82,1,115.46000000000001,32,14,115.46000000000001,2,At-Risk / Low-Engagement
13068,10,2,344.0,200,1,172.0,1,Regular / Growth Potential
13069,1,24,4431.44,5873,281,184.64333333333332,0,High-Value / Champions
13070,192,1,228.8,110,9,228.8,2,At-Risk / Low-Engagement
13072,267,1,177.15,69,7,177.15,2,At-Risk / Low-Engagement
13075,130,1,919.61,485,22,919.61,2,At-Risk / Low-Engagement
13077,1,4,728.02,862,99,182.005,1,Regular / Growth Potential
13078,3,26,12627.94,5630,95,485.69,0,High-Value / Champions
13079,4,5,220.10000000000002,62,2,44.02,1,Regular / Growth Potential
13080,179,1,58.08,120,6,58.08,2,At-Risk / Low-Engagement
13081,12,11,28337.38,19068,503,2576.1254545454544,0,High-Value / Champions
13082,126,9,3613.63,4324,63,401.51444444444445,0,High-Value / Champions
13083,4,2,303.75,187,15,151.875,1,Regular / Growth Potential
13085,158,2,416.08000000000004,216,17,208.04000000000002,2,At-Risk / Low-Engagement
13089,3,97,58762.08,31025,636,605.7946391752578,0,High-Value / Champions
13090,9,14,8910.82,2263,98,636.4871428571429,0,High-Value / Champions
13091,28,1,345.82,466,21,345.82,2,At-Risk / Low-Engagement
13092,71,5,477.83,279,19,95.566,1,Regular / Growth Potential
13093,276,8,7832.47,3961,97,979.05875,0,High-Value / Champions
13094,21,12,1927.3200000000002,1716,4,160.61,0,High-Value / Champions
13095,71,1,74.39999999999999,144,6,74.39999999999999,2,At-Risk / Low-Engagement
13097,33,10,6003.22,2360,214,600.322,0,High-Value / Champions
13098,1,28,28882.44,15968,156,1031.5157142857142,0,High-Value / Champions
13099,99,1,207.35999999999999,288,1,207.35999999999999,2,At-Risk / Low-Engagement
13101,234,1,101.19,113,8,101.19,2,At-Risk / Low-Engagement
13102,1,24,6424.09,4204,140,267.67041666666665,0,High-Value / Champions
13103,40,1,243.94,82,8,243.94,2,At-Risk / Low-Engagement
13104,3,6,1098.48,504,14,183.08,0,High-Value / Champions
13106,133,1,76.5,18,1,76.5,2,At-Risk / Low-Engagement
13107,44,4,1531.6200000000001,1293,54,382.90500000000003,1,Regular / Growth Potential
13108,373,1,350.06,298,10,350.06,2,At-Risk / Low-Engagement
13109,60,2,786.54,520,41,393.27,1,Regular / Growth Potential
13110,31,7,1488.67,388,109,212.66714285714286,1,Regular / Growth Potential
13113,1,24,12245.960000000001,3045,95,510.2483333333334,0,High-Value / Champions
13115,12,4,2294.78,1567,88,573.695,1,Regular / Growth Potential
13116,138,1,501.14,291,30,501.14,2,At-Risk / Low-Engagement
13117,22,8,984.91,945,66,123.11375,1,Regular / Growth Potential
13118,20,5,1197.81,410,68,239.56199999999998,1,Regular / Growth Potential
13120,239,1,30.599999999999998,12,1,30.599999999999998,2,At-Risk / Low-Engagement
13121,269,1,283.73,252,50,283.73,2,At-Risk / Low-Engagement
13122,94,2,922.39,585,54,461.195,1,Regular / Growth Potential
13124,90,3,3756.33,2119,185,1252.11,1,Regular / Growth Potential
13126,5,8,2099.64,2143,124,262.455,0,High-Value / Champions
13127,78,1,259.17,127,15,259.17,2,At-Risk / Low-Engagement
13130,94,1,64.0,32,2,64.0,2,At-Risk / Low-Engagement
13131,23,3,1073.3,447,30,357.76666666666665,1,Regular / Growth Potential
13132,262,1,77.3,20,3,77.3,2,At-Risk / Low-Engagement
13133,274,2,109.8,32,7,54.9,2,At-Risk / Low-Engagement
13134,86,4,1793.58,1059,94,448.395,1,Regular / Growth Potential
13135,197,1,3096.0,4300,1,3096.0,2,At-Risk / Low-Engagement
13136,56,5,2607.61,1328,94,521.522,1,Regular / Growth Potential
13137,11,8,3603.29,2204,345,450.41125,0,High-Value / Champions
13138,22,6,962.39,473,31,160.39833333333334,1,Regular / Growth Potential
13139,16,7,5064.94,2425,132,723.5628571428571,0,High-Value / Champions
13140,108,3,422.47,185,40,140.82333333333335,2,At-Risk / Low-Engagement
13141,85,5,2388.75,1548,113,477.75,1,Regular / Growth Potential
13142,19,1,307.09,258,23,307.09,1,Regular / Growth Potential
13144,333,1,110.95,21,3,110.95,2,At-Risk / Low-Engagement
13145,40,4,618.52,145,5,154.63,1,Regular / Growth Potential
13146,26,1,228.91,154,16,228.91,2,At-Risk / Low-Engagement
13147,10,4,712.8000000000001,144,1,178.20000000000002,1,Regular / Growth Potential
13148,29,12,3683.26,1965,231,306.93833333333333,0,High-Value / Champions
13149,14,4,1676.06,1280,76,419.015,1,Regular / Growth Potential
13151,296,1,1257.8700000000001,363,73,1257.8700000000001,2,At-Risk / Low-Engagement
13153,6,1,486.22,418,15,486.22,1,Regular / Growth Potential
13155,33,4,971.76,497,67,242.94,1,Regular / Growth Potential
13157,49,4,1741.22,1439,69,435.305,1,Regular / Growth Potential
13158,95,4,1201.06,784,59,300.265,1,Regular / Growth Potential
13159,9,4,1429.35,1058,114,357.3375,1,Regular / Growth Potential
13160,22,1,91.8,56,4,91.8,2,At-Risk / Low-Engagement
13161,313,1,112.75,29,8,112.75,2,At-Risk / Low-Engagement
13162,122,4,1688.29,1713,74,422.0725,1,Regular / Growth Potential
13165,46,2,1021.48,1376,40,510.74,1,Regular / Growth Potential
13166,283,1,417.2,216,39,417.2,2,At-Risk / Low-Engagement
13167,19,4,791.33,785,51,197.8325,1,Regular / Growth Potential
13168,36,4,1299.59,670,102,324.8975,1,Regular / Growth Potential
13169,64,2,712.88,272,11,356.44,1,Regular / Growth Potential
13170,27,1,108.81,141,29,108.81,2,At-Risk / Low-Engagement
13171,22,3,468.41,229,37,156.13666666666668,1,Regular / Growth Potential
13173,4,2,353.65,277,41,176.825,1,Regular / Growth Potential
13174,16,3,2742.82,1352,228,914.2733333333334,1,Regular / Growth Potential
13176,46,1,481.49,448,66,481.49,2,At-Risk / Low-Engagement
13177,65,1,282.45,91,17,282.45,2,At-Risk / Low-Engagement
13178,26,11,5725.47,3570,95,520.4972727272727,0,High-Value / Champions
13182,45,1,121.18,201,11,121.18,2,At-Risk / Low-Engagement
13183,8,9,3957.78,2208,51,439.75333333333333,0,High-Value / Champions
13184,15,10,1668.95,1662,138,166.895,0,High-Value / Champions
13185,268,1,71.4,12,1,71.4,2,At-Risk / Low-Engagement
13186,40,3,1575.89,820,69,525.2966666666667,1,Regular / Growth Potential
13187,337,1,236.02,95,37,236.02,2,At-Risk / Low-Engagement
13188,11,1,114.60000000000001,25,2,114.60000000000001,2,At-Risk / Low-Engagement
13189,19,2,260.68,842,29,130.34,1,Regular / Growth Potential
13192,95,2,911.94,595,57,455.97,1,Regular / Growth Potential
13193,61,1,112.08,46,22,112.08,2,At-Risk / Low-Engagement
13194,136,1,60.7,26,3,60.7,2,At-Risk / Low-Engagement
13196,11,4,1797.78,1224,97,449.445,1,Regular / Growth Potential
13198,10,6,3401.2400000000002,2648,199,566.8733333333333,0,High-Value / Champions
13199,4,38,9817.12,6176,48,258.34526315789475,0,High-Value / Champions
13200,19,4,870.09,516,42,217.5225,1,Regular / Growth Potential
13203,10,4,869.46,800,56,217.365,1,Regular / Growth Potential
13207,15,2,250.26000000000002,130,7,125.13000000000001,1,Regular / Growth Potential
13208,59,6,1217.65,803,124,202.9416666666667,1,Regular / Growth Potential
13209,30,8,5891.61,4253,255,736.45125,0,High-Value / Champions
13210,94,1,353.48,316,22,353.48,2,At-Risk / Low-Engagement
13211,10,3,1095.42,834,45,365.14000000000004,1,Regular / Growth Potential
13212,20,3,786.83,309,128,262.2766666666667,1,Regular / Growth Potential
13213,57,5,1520.58,1360,82,304.116,1,Regular / Growth Potential
13216,268,1,333.74,297,5,333.74,2,At-Risk / Low-Engagement
13217,122,3,533.98,262,3,177.99333333333334,2,At-Risk / Low-Engagement
13218,127,1,62.63999999999999,88,5,62.63999999999999,2,At-Risk / Low-Engagement
13220,78,4,819.2900000000001,196,18,204.82250000000002,1,Regular / Growth Potential
13221,240,2,847.41,244,62,423.705,2,At-Risk / Low-Engagement
13223,200,2,163.20000000000002,88,5,81.60000000000001,2,At-Risk / Low-Engagement
13224,60,2,2155.95,1518,101,1077.975,1,Regular / Growth Potential
13225,3,7,6463.84,3416,23,923.4057142857143,0,High-Value / Champions
13226,273,1,108.21000000000001,80,16,108.21000000000001,2,At-Risk / Low-Engagement
13227,202,1,257.7,99,9,257.7,2,At-Risk / Low-Engagement
13228,81,1,358.0,200,2,358.0,2,At-Risk / Low-Engagement
13229,226,1,160.95,63,10,160.95,2,At-Risk / Low-Engagement
13230,4,14,2755.63,1638,393,196.8307142857143,0,High-Value / Champions
13232,13,7,1328.35,773,147,189.7642857142857,0,High-Value / Champions
13233,74,2,605.12,1004,43,302.56,2,At-Risk / Low-Engagement
13235,212,1,1031.07,441,53,1031.07,2,At-Risk / Low-Engagement
13236,25,2,744.85,416,34,372.425,1,Regular / Growth Potential
13238,17,4,700.73,298,20,175.1825,1,Regular / Growth Potential
13239,262,1,329.56,327,21,329.56,2,At-Risk / Low-Engagement
13240,96,4,663.65,298,59,165.9125,1,Regular / Growth Potential
13242,112,3,270.40000000000003,130,12,90.13333333333334,2,At-Risk / Low-Engagement
13243,203,1,585.12,232,56,585.12,2,At-Risk / Low-Engagement
13244,93,1,121.74000000000001,38,27,121.74000000000001,2,At-Risk / Low-Engagement
13245,51,1,430.5,125,16,430.5,2,At-Risk / Low-Engagement
13246,18,6,1961.52,1587,110,326.92,0,High-Value / Champions
13247,18,4,501.12,328,18,125.28,1,Regular / Growth Potential
13248,125,2,465.68,305,25,232.84,2,At-Risk / Low-Engagement
13249,92,3,711.41,546,21,237.13666666666666,1,Regular / Growth Potential
13253,157,2,1030.4,1572,35,515.2,2,At-Risk / Low-Engagement
13255,9,2,399.51,177,13,199.755,1,Regular / Growth Potential
13258,12,3,672.83,282,28,224.27666666666667,1,Regular / Growth Potential
13259,62,1,283.18,126,77,283.18,2,At-Risk / Low-Engagement
13260,61,1,557.62,142,8,557.62,2,At-Risk / Low-Engagement
13261,269,2,944.1,210,8,472.05,2,At-Risk / Low-Engagement
13262,263,1,200.29,125,11,200.29,2,At-Risk / Low-Engagement
13263,1,35,7436.93,4768,450,212.48371428571429,0,High-Value / Champions
13265,53,5,2092.66,1740,66,418.532,1,Regular / Growth Potential
13266,11,12,3834.2599999999998,4428,82,319.52166666666665,0,High-Value / Champions
13267,3,19,4521.49,1969,88,237.97315789473683,0,High-Value / Champions
13268,18,11,3174.75,3624,257,288.6136363636364,0,High-Value / Champions
13269,1,15,5343.28,3513,177,356.21866666666665,0,High-Value / Champions
13270,366,1,590.0,200,1,590.0,2,At-Risk / Low-Engagement
13271,37,1,211.49,240,79,211.49,2,At-Risk / Low-Engagement
13272,31,2,276.56,96,15,138.28,1,Regular / Growth Potential
13273,113,1,138.98,153,16,138.98,2,At-Risk / Low-Engagement
13276,64,2,590.9300000000001,161,30,295.46500000000003,1,Regular / Growth Potential
13277,16,4,258.4,176,5,64.6,1,Regular / Growth Potential
13278,41,1,542.73,537,46,542.73,2,At-Risk / Low-Engagement
13279,78,1,137.75,73,9,137.75,2,At-Risk / Low-Engagement
13280,122,3,798.46,518,67,266.15333333333336,1,Regular / Growth Potential
13282,18,3,1132.14,307,29,377.38000000000005,1,Regular / Growth Potential
13283,60,2,93.66,90,7,46.83,2,At-Risk / Low-Engagement
13284,331,1,201.19,91,13,201.19,2,At-Risk / Low-Engagement
13285,23,4,2709.12,2051,157,677.28,1,Regular / Growth Potential
13291,156,1,361.11,233,41,361.11,2,At-Risk / Low-Engagement
13292,39,2,578.9399999999999,347,29,289.46999999999997,1,Regular / Growth Potential
13294,190,2,873.74,453,48,436.87,2,At-Risk / Low-Engagement
13295,360,1,201.20000000000002,82,10,201.20000000000002,2,At-Risk / Low-Engagement
13296,137,1,87.4,78,5,87.4,2,At-Risk / Low-Engagement
13297,8,4,2089.85,963,52,522.4625,1,Regular / Growth Potential
13298,1,1,360.0,96,2,360.0,1,Regular / Growth Potential
13299,268,1,142.5,30,5,142.5,2,At-Risk / Low-Engagement
13300,169,1,371.89,203,20,371.89,2,At-Risk / Low-Engagement
13301,104,4,618.09,345,75,154.5225,1,Regular / Growth Potential
13302,155,1,63.75,5,1,63.75,2,At-Risk / Low-Engagement
13304,351,1,300.42,238,21,300.42,2,At-Risk / Low-Engagement
13305,4,10,2000.86,1232,50,200.08599999999998,0,High-Value / Champions
13307,120,1,15.0,4,1,15.0,2,At-Risk / Low-Engagement
13308,23,3,1385.51,843,49,461.83666666666664,1,Regular / Growth Potential
13309,7,5,1456.79,1544,82,291.358,1,Regular / Growth Potential
13310,28,3,1132.03,587,65,377.3433333333333,1,Regular / Growth Potential
13311,4,2,598.57,305,25,299.285,1,Regular / Growth Potential
13313,22,5,1555.32,851,47,311.06399999999996,1,Regular / Growth Potential
13314,2,3,775.94,560,55,258.6466666666667,1,Regular / Growth Potential
13316,37,4,5732.93,5508,66,1433.2325,1,Regular / Growth Potential
13317,66,6,2273.68,1035,100,378.94666666666666,1,Regular / Growth Potential
13318,1,3,640.76,304,14,213.58666666666667,1,Regular / Growth Potential
13319,5,26,10845.550000000001,4724,209,417.1365384615385,0,High-Value / Champions
13320,78,4,1532.2,1086,77,383.05,1,Regular / Growth Potential
13321,72,2,567.36,372,10,283.68,2,At-Risk / Low-Engagement
13322,17,1,199.48000000000002,117,25,199.48000000000002,2,At-Risk / Low-Engagement
13323,3,5,787.85,175,6,157.57,1,Regular / Growth Potential
13324,36,10,7121.95,5205,25,712.1949999999999,0,High-Value / Champions
13325,82,1,675.3,240,12,675.3,2,At-Risk / Low-Engagement
13327,39,8,3627.77,1600,74,453.47125,0,High-Value / Champions
13328,316,1,1308.48,680,17,1308.48,2,At-Risk / Low-Engagement
13329,32,2,789.0,463,16,394.5,1,Regular / Growth Potential
13330,93,3,1140.93,751,37,380.31,1,Regular / Growth Potential
13332,14,1,350.9,179,21,350.9,1,Regular / Growth Potential
13334,82,3,3502.32,1764,207,1167.44,1,Regular / Growth Potential
13336,77,1,795.12,559,51,795.12,2,At-Risk / Low-Engagement
13338,158,1,487.02,256,19,487.02,2,At-Risk / Low-Engagement
13339,201,1,860.12,326,54,860.12,2,At-Risk / Low-Engagement
13340,45,7,10736.48,5770,128,1533.782857142857,0,High-Value / Champions
13341,261,1,775.85,301,42,775.85,2,At-Risk / Low-Engagement
13343,178,1,353.43,135,19,353.43,2,At-Risk / Low-Engagement
13344,68,3,2511.69,952,115,837.23,1,Regular / Growth Potential
13345,288,1,389.5,141,20,389.5,2,At-Risk / Low-Engagement
13347,70,1,341.36,205,8,341.36,2,At-Risk / Low-Engagement
13348,64,1,233.76,136,14,233.76,2,At-Risk / Low-Engagement
13349,11,1,247.32,225,16,247.32,1,Regular / Growth Potential
13350,16,2,979.12,287,36,489.56,1,Regular / Growth Potential
13351,66,1,373.94,117,16,373.94,2,At-Risk / Low-Engagement
13352,60,1,397.97999999999996,321,24,397.97999999999996,2,At-Risk / Low-Engagement
13354,71,1,743.53,604,51,743.53,2,At-Risk / Low-Engagement
13355,122,1,674.7,314,32,674.7,2,At-Risk / Low-Engagement
13356,80,1,768.24,325,42,768.24,2,At-Risk / Low-Engagement
13357,257,1,609.4,321,85,609.4,2,At-Risk / Low-Engagement
13358,269,1,439.03,285,29,439.03,2,At-Risk / Low-Engagement
13359,64,1,439.56,161,23,439.56,2,At-Risk / Low-Engagement
13362,9,4,3090.7400000000002,1382,128,772.6850000000001,0,High-Value / Champions
13363,18,2,992.5,710,47,496.25,1,Regular / Growth Potential
13364,71,1,134.95999999999998,71,10,134.95999999999998,2,At-Risk / Low-Engagement
13365,34,2,2225.37,1247,122,1112.685,1,Regular / Growth Potential
13366,50,1,56.160000000000004,144,1,56.160000000000004,2,At-Risk / Low-Engagement
13368,257,2,623.4,327,29,311.7,2,At-Risk / Low-Engagement
13369,366,1,308.28000000000003,149,14,308.28000000000003,2,At-Risk / Low-Engagement
13370,372,1,754.87,343,39,754.87,2,At-Risk / Low-Engagement
13372,90,1,378.64,159,23,378.64,2,At-Risk / Low-Engagement
13373,61,3,3312.25,1651,135,1104.0833333333333,1,Regular / Growth Potential
13375,89,1,778.65,442,37,778.65,2,At-Risk / Low-Engagement
13376,99,3,1019.76,493,45,339.92,1,Regular / Growth Potential
13379,26,3,572.56,601,85,190.85333333333332,1,Regular / Growth Potential
13381,32,6,3639.31,2029,77,606.5516666666666,0,High-Value / Champions
13382,281,1,222.99,131,15,222.99,2,At-Risk / Low-Engagement
13384,31,7,4151.93,2422,123,593.1328571428572,0,High-Value / Champions
13385,330,1,534.57,281,35,534.57,2,At-Risk / Low-Engagement
13388,131,2,677.1,282,35,338.55,2,At-Risk / Low-Engagement
13389,11,3,797.96,429,50,265.9866666666667,1,Regular / Growth Potential
13390,75,1,544.08,224,13,544.08,2,At-Risk / Low-Engagement
13391,204,1,59.8,4,1,59.8,2,At-Risk / Low-Engagement
13394,2,8,2520.02,2392,124,315.0025,0,High-Value / Champions
13395,185,1,307.72,336,21,307.72,2,At-Risk / Low-Engagement
13396,29,2,1360.99,600,42,680.495,1,Regular / Growth Potential
13397,73,5,1544.13,430,28,308.826,1,Regular / Growth Potential
13398,192,1,457.34,281,26,457.34,2,At-Risk / Low-Engagement
13402,127,2,621.23,479,32,310.615,2,At-Risk / Low-Engagement
13403,18,1,75.0,44,3,75.0,2,At-Risk / Low-Engagement
13404,1,2,252.49,111,11,126.245,1,Regular / Growth Potential
13405,74,3,572.451,165,25,190.817,1,Regular / Growth Potential
13408,2,62,28117.04,16232,234,453.5006451612903,0,High-Value / Champions
13410,24,5,1003.06,518,15,200.612,1,Regular / Growth Potential
13411,107,1,213.55,72,17,213.55,2,At-Risk / Low-Engagement
13414,134,3,1390.5,1574,23,463.5,1,Regular / Growth Potential
13416,44,2,712.5,142,11,356.25,1,Regular / Growth Potential
13417,5,2,640.83,162,26,320.415,1,Regular / Growth Potential
13418,12,18,6127.43,3918,223,340.4127777777778,0,High-Value / Champions
13419,64,1,221.06,275,16,221.06,2,At-Risk / Low-Engagement
13420,150,2,159.85,101,8,79.925,2,At-Risk / Low-Engagement
13421,40,2,1833.71,1128,88,916.855,1,Regular / Growth Potential
13422,64,1,2626.3,1326,127,2626.3,1,Regular / Growth Potential
13425,108,3,1624.21,1123,66,541.4033333333333,1,Regular / Growth Potential
13426,1,10,3641.32,2245,103,364.132,0,High-Value / Champions
13427,19,3,582.6,545,25,194.20000000000002,1,Regular / Growth Potential
13428,10,1,201.78,151,70,201.78,1,Regular / Growth Potential
13429,11,4,1006.8,1390,55,251.7,1,Regular / Growth Potential
13430,19,2,679.45,751,48,339.725,1,Regular / Growth Potential
13431,67,2,1269.1,672,44,634.55,1,Regular / Growth Potential
13434,74,2,534.24,300,9,267.12,2,At-Risk / Low-Engagement
13435,5,7,3809.8900000000003,2129,68,544.2700000000001,0,High-Value / Champions
13436,2,1,196.89,76,12,196.89,1,Regular / Growth Potential
13437,14,7,3408.06,1283,143,486.86571428571426,0,High-Value / Champions
13439,255,1,283.71,242,54,283.71,2,At-Risk / Low-Engagement
13441,92,1,296.64,204,13,296.64,2,At-Risk / Low-Engagement
13447,23,3,1129.14,584,55,376.38000000000005,1,Regular / Growth Potential
13448,17,6,3534.69,1648,137,589.115,0,High-Value / Champions
13449,24,1,291.88,222,19,291.88,2,At-Risk / Low-Engagement
13450,27,6,2043.7199999999998,1982,32,340.61999999999995,1,Regular / Growth Potential
13451,26,5,2898.2599999999998,2128,315,579.6519999999999,1,Regular / Growth Potential
13452,259,2,590.0,2,1,295.0,2,At-Risk / Low-Engagement
13453,166,2,356.97999999999996,134,16,178.48999999999998,2,At-Risk / Low-Engagement
13455,25,2,1058.34,354,42,529.17,1,Regular / Growth Potential
13456,18,6,1766.72,765,43,294.4533333333333,1,Regular / Growth Potential
13458,7,14,9646.57,5508,242,689.0407142857142,0,High-Value / Champions
13460,29,2,183.44,286,16,91.72,2,At-Risk / Low-Engagement
13461,39,3,1445.0,1170,14,481.6666666666667,1,Regular / Growth Potential
13462,253,1,151.5,62,9,151.5,2,At-Risk / Low-Engagement
13464,58,1,674.68,403,41,674.68,2,At-Risk / Low-Engagement
13466,184,1,307.9,259,17,307.9,2,At-Risk / Low-Engagement
13467,11,2,1071.91,580,89,535.955,1,Regular / Growth Potential
13468,2,37,5704.97,2589,184,154.1883783783784,0,High-Value / Champions
13470,99,2,165.0,100,7,82.5,2,At-Risk / Low-Engagement
13471,1,4,2501.84,1583,214,625.46,0,High-Value / Champions
13473,61,2,422.64,266,21,211.32,2,At-Risk / Low-Engagement
13474,236,1,226.84,129,59,226.84,2,At-Risk / Low-Engagement
13475,191,4,1431.78,1012,64,357.945,1,Regular / Growth Potential
13476,179,2,1238.47,417,56,619.235,2,At-Risk / Low-Engagement
13477,38,6,1454.58,1021,57,242.42999999999998,1,Regular / Growth Potential
13479,201,2,300.95,134,14,150.475,2,At-Risk / Low-Engagement
13481,46,5,1804.56,1142,98,360.912,1,Regular / Growth Potential
13482,232,1,184.64,116,11,184.64,2,At-Risk / Low-Engagement
13483,66,1,140.34,160,10,140.34,2,At-Risk / Low-Engagement
13484,241,1,313.8,44,8,313.8,2,At-Risk / Low-Engagement
13485,233,1,454.24,277,23,454.24,2,At-Risk / Low-Engagement
13486,78,3,1122.41,669,69,374.1366666666667,1,Regular / Growth Potential
13487,58,3,575.4,265,26,191.79999999999998,1,Regular / Growth Potential
13488,17,13,8968.31,4518,271,689.87,0,High-Value / Champions
13489,105,4,449.52,560,11,112.38,1,Regular / Growth Potential
13491,52,10,1215.82,903,73,121.582,0,High-Value / Champions
13492,136,3,1269.84,408,38,423.28,1,Regular / Growth Potential
13493,275,2,618.63,380,6,309.315,2,At-Risk / Low-Engagement
13494,312,1,316.26000000000005,162,18,316.26000000000005,2,At-Risk / Low-Engagement
13495,8,5,2044.8700000000001,829,34,408.97400000000005,0,High-Value / Champions
13496,11,2,653.33,341,28,326.665,1,Regular / Growth Potential
13497,283,2,348.05,163,19,174.025,2,At-Risk / Low-Engagement
13499,18,5,1159.11,1365,31,231.82199999999997,1,Regular / Growth Potential
13500,23,3,1166.77,609,60,388.92333333333335,1,Regular / Growth Potential
13501,288,1,1340.32,560,52,1340.32,2,At-Risk / Low-Engagement
13502,17,3,292.0,264,17,97.33333333333333,1,Regular / Growth Potential
13503,71,1,216.85,248,17,216.85,2,At-Risk / Low-Engagement
13504,64,1,295.93,178,22,295.93,2,At-Risk / Low-Engagement
13505,73,4,4393.63,2486,182,1098.4075,1,Regular / Growth Potential
13506,316,2,458.52,324,26,229.26,2,At-Risk / Low-Engagement
13507,3,4,2479.16,1597,146,619.79,0,High-Value / Champions
13508,244,1,110.97,24,12,110.97,2,At-Risk / Low-Engagement
13509,9,7,979.72,1106,27,139.96,0,High-Value / Champions
13510,1,4,1791.56,1386,86,447.89,0,High-Value / Champions
13512,261,1,251.21,143,15,251.21,2,At-Risk / Low-Engagement
13513,127,1,205.1,109,10,205.1,2,At-Risk / Low-Engagement
13514,74,1,152.20000000000002,40,4,152.20000000000002,2,At-Risk / Low-Engagement
13515,73,4,891.12,681,50,222.78,1,Regular / Growth Potential
13516,21,3,1389.41,985,43,463.1366666666667,1,Regular / Growth Potential
13517,60,3,2128.42,1369,125,709.4733333333334,1,Regular / Growth Potential
13518,86,1,627.16,382,36,627.16,2,At-Risk / Low-Engagement
13519,78,1,122.75,23,8,122.75,2,At-Risk / Low-Engagement
13520,59,6,3624.35,1649,49,604.0583333333333,1,Regular / Growth Potential
13521,1,3,1071.73,718,313,357.24333333333334,1,Regular / Growth Potential
13522,30,1,125.80000000000001,44,5,125.80000000000001,2,At-Risk / Low-Engagement
13523,33,5,3964.88,1752,157,792.976,0,High-Value / Champions
13524,41,5,680.1800000000001,324,17,136.036,1,Regular / Growth Potential
13525,15,2,628.78,394,5,314.39,1,Regular / Growth Potential
13527,34,7,2242.36,1683,153,320.33714285714285,0,High-Value / Champions
13529,79,2,307.76,74,15,153.88,2,At-Risk / Low-Engagement
13531,205,2,483.8,174,17,241.9,2,At-Risk / Low-Engagement
13532,34,1,210.31,129,66,210.31,2,At-Risk / Low-Engagement
13533,183,3,269.09,202,61,89.69666666666666,2,At-Risk / Low-Engagement
13534,2,25,5870.08,2961,119,234.8032,0,High-Value / Champions
13536,1,7,3444.39,2126,91,492.05571428571426,0,High-Value / Champions
13538,43,7,1280.85,175,10,182.97857142857143,1,Regular / Growth Potential
13539,86,3,631.34,320,35,210.4466666666667,1,Regular / Growth Potential
13544,40,2,276.06,112,76,138.03,2,At-Risk / Low-Engagement
13546,12,3,621.09,357,72,207.03,1,Regular / Growth Potential
13548,96,2,678.16,436,114,339.08,2,At-Risk / Low-Engagement
13549,26,7,918.2,458,37,131.17142857142858,1,Regular / Growth Potential
13551,319,1,91.80000000000001,12,4,91.80000000000001,2,At-Risk / Low-Engagement
13552,66,12,3740.07,1417,82,311.6725,0,High-Value / Champions
13555,74,4,4098.88,2636,128,1024.72,1,Regular / Growth Potential
13557,28,2,584.06,546,31,292.03,1,Regular / Growth Potential
13558,6,4,594.52,338,123,148.63,1,Regular / Growth Potential
13560,7,1,171.42000000000002,63,32,171.42000000000002,1,Regular / Growth Potential
13561,216,1,141.85999999999999,83,14,141.85999999999999,2,At-Risk / Low-Engagement
13562,82,3,1799.33,757,50,599.7766666666666,1,Regular / Growth Potential
13563,84,2,777.53,209,49,388.765,1,Regular / Growth Potential
13564,144,3,1724.67,636,68,574.89,1,Regular / Growth Potential
13565,19,2,240.22,172,35,120.11,1,Regular / Growth Potential
13566,41,2,856.84,567,134,428.42,1,Regular / Growth Potential
13568,173,1,187.05,66,41,187.05,2,At-Risk / Low-Engagement
13569,17,2,338.62,156,73,169.31,1,Regular / Growth Potential
13570,243,1,239.49,161,27,239.49,2,At-Risk / Low-Engagement
13571,13,12,2088.94,1757,157,174.07833333333335,0,High-Value / Champions
13572,206,1,1384.25,534,32,1384.25,2,At-Risk / Low-Engagement
13573,50,2,290.25,302,24,145.125,2,At-Risk / Low-Engagement
13575,23,5,732.0699999999999,449,41,146.414,1,Regular / Growth Potential
13576,10,18,6717.34,2646,78,373.18555555555554,0,High-Value / Champions
13577,25,4,1687.6000000000001,791,61,421.90000000000003,1,Regular / Growth Potential
13579,15,2,467.04,176,19,233.52,1,Regular / Growth Potential
13581,309,1,118.0,30,10,118.0,2,At-Risk / Low-Engagement
13583,156,1,781.03,725,53,781.03,2,At-Risk / Low-Engagement
13584,307,1,142.4,37,24,142.4,2,At-Risk / Low-Engagement
13587,64,1,712.4,180,8,712.4,2,At-Risk / Low-Engagement
13588,16,9,2478.95,2606,131,275.43888888888887,0,High-Value / Champions
13589,15,2,379.65,114,21,189.825,1,Regular / Growth Potential
13590,11,6,1981.92,1848,70,330.32,0,High-Value / Champions
13591,65,3,1117.13,485,56,372.3766666666667,1,Regular / Growth Potential
13592,36,4,247.95999999999998,84,15,61.989999999999995,1,Regular / Growth Potential
13593,108,5,2011.88,719,77,402.37600000000003,1,Regular / Growth Potential
13594,53,1,396.97,359,26,396.97,2,At-Risk / Low-Engagement
13596,6,2,664.11,384,133,332.055,1,Regular / Growth Potential
13598,47,1,160.04,52,33,160.04,2,At-Risk / Low-Engagement
13599,1,21,5149.92,3293,171,245.2342857142857,0,High-Value / Champions
13600,312,1,219.52,324,19,219.52,2,At-Risk / Low-Engagement
13601,45,2,693.32,548,90,346.66,1,Regular / Growth Potential
13602,65,1,428.89,267,23,428.89,2,At-Risk / Low-Engagement
13603,26,1,164.34,164,27,164.34,2,At-Risk / Low-Engagement
13606,29,3,276.75,276,40,92.25,1,Regular / Growth Potential
13607,40,1,675.51,288,93,675.51,1,Regular / Growth Potential
13610,12,7,1082.33,488,165,154.6185714285714,0,High-Value / Champions
13611,89,3,1154.4,754,67,384.8,1,Regular / Growth Potential
13614,24,4,1585.46,564,171,396.365,1,Regular / Growth Potential
13615,319,1,417.69,189,23,417.69,2,At-Risk / Low-Engagement
13617,40,3,544.18,300,31,181.39333333333332,1,Regular / Growth Potential
13618,174,1,177.34,246,13,177.34,2,At-Risk / Low-Engagement
13621,117,1,213.85,343,19,213.85,2,At-Risk / Low-Engagement
13623,31,5,727.74,286,75,145.548,1,Regular / Growth Potential
13626,253,1,257.23,209,19,257.23,2,At-Risk / Low-Engagement
13627,59,5,1638.47,1269,84,327.694,1,Regular / Growth Potential
13629,23,11,7792.36,4372,28,708.3963636363636,0,High-Value / Champions
13630,5,7,2031.78,1391,51,290.2542857142857,0,High-Value / Champions
13631,100,11,3070.42,467,6,279.1290909090909,0,High-Value / Champions
13632,25,5,2118.93,1031,121,423.78599999999994,1,Regular / Growth Potential
13634,33,5,1547.3600000000001,700,156,309.47200000000004,1,Regular / Growth Potential
13635,68,1,1071.03,677,62,1071.03,2,At-Risk / Low-Engagement
13636,37,5,949.12,592,57,189.824,1,Regular / Growth Potential
13637,52,3,804.3,405,79,268.09999999999997,1,Regular / Growth Potential
13638,16,1,122.64,93,8,122.64,2,At-Risk / Low-Engagement
13639,74,1,1033.34,800,39,1033.34,2,At-Risk / Low-Engagement
13642,216,1,312.28,151,57,312.28,2,At-Risk / Low-Engagement
13643,31,3,519.44,273,24,173.14666666666668,1,Regular / Growth Potential
13644,16,4,2624.26,2067,144,656.065,1,Regular / Growth Potential
13645,120,1,252.1,158,5,252.1,2,At-Risk / Low-Engagement
13647,10,4,1648.1200000000001,887,65,412.03000000000003,1,Regular / Growth Potential
13649,257,2,346.6,139,23,173.3,2,At-Risk / Low-Engagement
13650,17,6,1836.34,922,79,306.0566666666667,0,High-Value / Champions
13651,35,2,94.2,33,6,47.1,2,At-Risk / Low-Engagement
13652,46,3,1095.08,578,48,365.02666666666664,1,Regular / Growth Potential
13654,43,6,2707.33,2182,157,451.22166666666664,1,Regular / Growth Potential
13655,114,2,932.97,605,52,466.485,2,At-Risk / Low-Engagement
13656,165,2,379.65,490,49,189.825,2,At-Risk / Low-Engagement
13657,11,2,382.14,209,16,191.07,1,Regular / Growth Potential
13658,10,5,2639.17,1019,91,527.8340000000001,0,High-Value / Champions
13659,206,2,1563.0,882,92,781.5,2,At-Risk / Low-Engagement
13662,86,3,881.26,533,50,293.75333333333333,1,Regular / Growth Potential
13663,179,1,189.47,91,13,189.47,2,At-Risk / Low-Engagement
13666,60,3,84.65,41,12,28.21666666666667,2,At-Risk / Low-Engagement
13667,149,1,299.05,149,82,299.05,2,At-Risk / Low-Engagement
13668,3,21,6309.83,3722,284,300.46809523809526,0,High-Value / Champions
13669,51,2,218.55,237,9,109.275,2,At-Risk / Low-Engagement
13670,75,1,349.7,282,25,349.7,2,At-Risk / Low-Engagement
13672,301,2,186.39000000000001,57,4,93.19500000000001,2,At-Risk / Low-Engagement
13673,19,2,387.44,114,47,193.72,1,Regular / Growth Potential
13675,151,2,486.82000000000005,330,25,243.41000000000003,2,At-Risk / Low-Engagement
13678,152,1,232.6,924,16,232.6,2,At-Risk / Low-Engagement
13680,1,4,3719.12,1934,164,929.78,0,High-Value / Champions
13681,18,4,827.83,360,37,206.9575,1,Regular / Growth Potential
13682,187,1,59.5,10,3,59.5,2,At-Risk / Low-Engagement
13684,286,1,65.13,38,29,65.13,2,At-Risk / Low-Engagement
13685,3,7,3119.44,5056,29,445.63428571428574,0,High-Value / Champions
13686,183,1,72.0,70,8,72.0,2,At-Risk / Low-Engagement
13689,63,1,910.0,512,6,910.0,2,At-Risk / Low-Engagement
13690,59,1,172.25,67,9,172.25,2,At-Risk / Low-Engagement
13692,25,3,1488.32,1226,48,496.1066666666666,1,Regular / Growth Potential
13694,4,50,65039.62,63312,366,1300.7924,0,High-Value / Champions
13695,31,15,2504.13,1603,46,166.942,0,High-Value / Champions
13697,39,1,151.29999999999998,177,12,151.29999999999998,2,At-Risk / Low-Engagement
13699,155,1,308.58000000000004,66,14,308.58000000000004,2,At-Risk / Low-Engagement
13700,26,10,2248.63,2281,139,224.863,0,High-Value / Champions
13703,318,1,99.5,10,1,99.5,2,At-Risk / Low-Engagement
13704,5,9,2308.06,1531,111,256.4511111111111,0,High-Value / Champions
13705,8,3,711.86,363,25,237.28666666666666,1,Regular / Growth Potential
13706,303,1,330.79,189,20,330.79,2,At-Risk / Low-Engagement
13707,267,2,806.41,351,48,403.205,2,At-Risk / Low-Engagement
13708,271,1,285.33,301,49,285.33,2,At-Risk / Low-Engagement
13709,4,13,6307.650000000001,3508,244,485.2038461538462,0,High-Value / Champions
13710,32,1,180.48,176,8,180.48,2,At-Risk / Low-Engagement
13711,219,2,252.06,140,11,126.03,2,At-Risk / Low-Engagement
13712,247,1,228.84,352,10,228.84,2,At-Risk / Low-Engagement
13715,281,5,1077.39,562,89,215.478,1,Regular / Growth Potential
13716,269,1,138.28,138,21,138.28,2,At-Risk / Low-Engagement
13717,32,6,1445.01,1959,92,240.835,1,Regular / Growth Potential
13718,246,2,306.55,173,9,153.275,2,At-Risk / Low-Engagement
13719,15,5,1041.68,609,56,208.336,1,Regular / Growth Potential
13720,117,4,799.9,501,42,199.975,1,Regular / Growth Potential
13721,36,1,524.14,316,28,524.14,2,At-Risk / Low-Engagement
13722,132,3,2375.41,1401,75,791.8033333333333,1,Regular / Growth Potential
13723,217,1,199.85000000000002,43,6,199.85000000000002,2,At-Risk / Low-Engagement
13725,50,8,1980.56,806,95,247.57,0,High-Value / Champions
13726,39,2,1079.6599999999999,1054,39,539.8299999999999,1,Regular / Growth Potential
13727,29,2,333.48,162,19,166.74,1,Regular / Growth Potential
13728,37,6,1016.14,458,38,169.35666666666665,1,Regular / Growth Potential
13730,136,2,752.6,488,38,376.3,2,At-Risk / Low-Engagement
13731,219,2,610.59,278,36,305.295,2,At-Risk / Low-Engagement
13732,28,1,491.86,498,33,491.86,1,Regular / Growth Potential
13735,25,4,2883.54,1128,158,720.885,1,Regular / Growth Potential
13736,5,2,729.8,496,166,364.9,1,Regular / Growth Potential
13737,200,1,339.59999999999997,125,29,339.59999999999997,2,At-Risk / Low-Engagement
13739,18,1,216.9,54,3,216.9,2,At-Risk / Low-Engagement
13740,241,1,350.75,425,23,350.75,2,At-Risk / Low-Engagement
13741,72,3,668.4300000000001,218,34,222.81000000000003,1,Regular / Growth Potential
13742,17,12,3107.87,1115,200,258.9891666666667,0,High-Value / Champions
13743,3,7,1341.6,1776,8,191.65714285714284,0,High-Value / Champions
13744,95,2,1080.52,1153,54,540.26,1,Regular / Growth Potential
13745,162,1,300.04,496,25,300.04,2,At-Risk / Low-Engagement
13747,374,1,79.6,8,1,79.6,2,At-Risk / Low-Engagement
13748,96,5,948.25,439,24,189.65,1,Regular / Growth Potential
13750,54,5,1647.26,516,20,329.452,1,Regular / Growth Potential
13751,288,1,296.25,152,9,296.25,2,At-Risk / Low-Engagement
13752,124,6,1175.38,874,64,195.89666666666668,1,Regular / Growth Potential
13753,288,1,741.26,512,35,741.26,2,At-Risk / Low-Engagement
13754,152,2,282.59999999999997,214,11,141.29999999999998,2,At-Risk / Low-Engagement
13755,4,9,2108.06,1242,232,234.2288888888889,0,High-Value / Champions
13756,2,14,5189.52,3188,66,370.68,0,High-Value / Champions
13758,12,7,3190.55,1844,104,455.79285714285714,0,High-Value / Champions
13759,33,2,659.4100000000001,287,24,329.70500000000004,1,Regular / Growth Potential
13760,54,2,286.79,197,50,143.395,2,At-Risk / Low-Engagement
13761,50,2,1070.65,642,68,535.325,1,Regular / Growth Potential
13762,219,1,306.72,272,7,306.72,2,At-Risk / Low-Engagement
13763,63,1,1714.96,728,15,1714.96,1,Regular / Growth Potential
13764,71,3,1519.42,926,183,506.47333333333336,1,Regular / Growth Potential
13767,2,37,17220.36,7322,55,465.41513513513513,0,High-Value / Champions
13769,2,10,2796.51,1163,73,279.651,0,High-Value / Champions
13771,64,4,2634.45,1477,114,658.6125,1,Regular / Growth Potential
13772,34,3,1122.63,540,141,374.21000000000004,1,Regular / Growth Potential
13774,82,1,345.0,192,22,345.0,2,At-Risk / Low-Engagement
13777,1,33,25977.16,12897,36,787.1866666666666,0,High-Value / Champions
13778,103,1,178.7,70,9,178.7,2,At-Risk / Low-Engagement
13780,7,2,360.01,318,56,180.005,1,Regular / Growth Potential
13781,251,1,127.84,30,17,127.84,2,At-Risk / Low-Engagement
13782,13,6,908.86,369,96,151.47666666666666,1,Regular / Growth Potential
13784,10,11,2462.79,2493,9,223.89,0,High-Value / Champions
13786,367,1,230.39999999999998,136,7,230.39999999999998,2,At-Risk / Low-Engagement
13787,76,2,309.04,337,24,154.52,2,At-Risk / Low-Engagement
13790,4,1,348.8,748,45,348.8,1,Regular / Growth Potential
13791,128,2,1516.0,1200,7,758.0,1,Regular / Growth Potential
13792,66,2,195.55,92,13,97.775,2,At-Risk / Low-Engagement
13798,1,57,37153.85,23948,113,651.8219298245614,0,High-Value / Champions
13799,117,2,688.86,402,32,344.43,2,At-Risk / Low-Engagement
13800,310,1,558.32,331,33,558.32,2,At-Risk / Low-Engagement
13801,67,1,324.8,168,23,324.8,2,At-Risk / Low-Engagement
13802,139,3,4599.42,2572,55,1533.14,1,Regular / Growth Potential
13803,255,1,277.07,121,17,277.07,2,At-Risk / Low-Engagement
13804,31,7,2588.39,1462,124,369.77,0,High-Value / Champions
13805,52,2,924.6,1900,10,462.3,1,Regular / Growth Potential
13806,64,1,256.38,56,10,256.38,2,At-Risk / Low-Engagement
13807,367,1,112.6,36,7,112.6,2,At-Risk / Low-Engagement
13808,6,5,1747.66,782,70,349.53200000000004,0,High-Value / Champions
13809,305,1,155.05,29,11,155.05,2,At-Risk / Low-Engagement
13810,29,3,1499.01,312,32,499.67,1,Regular / Growth Potential
13811,184,3,814.5,68,7,271.5,2,At-Risk / Low-Engagement
13812,42,3,539.0,333,33,179.66666666666666,1,Regular / Growth Potential
13813,40,4,1366.8600000000001,552,54,341.71500000000003,1,Regular / Growth Potential
13814,92,2,1579.12,864,37,789.56,1,Regular / Growth Potential
13815,22,4,4027.36,2560,132,1006.84,1,Regular / Growth Potential
13816,24,2,571.6700000000001,269,25,285.83500000000004,1,Regular / Growth Potential
13817,29,2,382.98,211,20,191.49,1,Regular / Growth Potential
13819,302,3,1140.35,1109,26,380.1166666666666,2,At-Risk / Low-Engagement
13821,145,2,385.64,153,51,192.82,2,At-Risk / Low-Engagement
13822,6,2,632.0,611,90,316.0,1,Regular / Growth Potential
13823,19,2,957.66,439,39,478.83,1,Regular / Growth Potential
13824,33,5,1698.94,768,34,339.788,1,Regular / Growth Potential
13826,176,1,189.5,82,10,189.5,2,At-Risk / Low-Engagement
13827,58,3,409.8,138,83,136.6,1,Regular / Growth Potential
13828,22,1,209.49,311,15,209.49,2,At-Risk / Low-Engagement
13831,16,6,2198.45,743,58,366.4083333333333,0,High-Value / Champions
13832,19,1,52.199999999999996,28,3,52.199999999999996,2,At-Risk / Low-Engagement
13833,159,1,383.85,117,28,383.85,2,At-Risk / Low-Engagement
13835,25,4,834.57,442,48,208.6425,1,Regular / Growth Potential
13837,212,2,266.59000000000003,182,17,133.29500000000002,2,At-Risk / Low-Engagement
13838,6,4,674.82,254,144,168.705,1,Regular / Growth Potential
13841,253,1,85.0,100,1,85.0,2,At-Risk / Low-Engagement
13842,59,9,3385.62,1768,155,376.18,0,High-Value / Champions
13844,11,1,361.62,196,20,361.62,1,Regular / Growth Potential
13845,65,1,312.98,182,9,312.98,2,At-Risk / Low-Engagement
13846,25,3,865.0600000000001,388,55,288.35333333333335,1,Regular / Growth Potential
13848,92,3,1255.0,3700,3,418.3333333333333,1,Regular / Growth Potential
13849,52,2,1537.95,1016,97,768.975,1,Regular / Growth Potential
13850,129,1,1595.48,944,93,1595.48,2,At-Risk / Low-Engagement
13851,96,3,2651.46,1705,77,883.82,1,Regular / Growth Potential
13853,57,1,1090.14,312,23,1090.14,1,Regular / Growth Potential
13854,9,25,8109.5199999999995,2296,39,324.38079999999997,0,High-Value / Champions
13856,169,3,388.5,494,10,129.5,2,At-Risk / Low-Engagement
13858,57,1,216.17,75,11,216.17,2,At-Risk / Low-Engagement
13859,326,1,201.16,129,27,201.16,2,At-Risk / Low-Engagement
13860,1,5,1245.9,591,58,249.18,0,High-Value / Champions
13862,18,8,2209.36,1688,97,276.17,0,High-Value / Champions
13863,248,1,305.78,224,20,305.78,2,At-Risk / Low-Engagement
13865,58,4,501.56,204,26,125.39,1,Regular / Growth Potential
13866,74,1,145.67000000000002,57,7,145.67000000000002,2,At-Risk / Low-Engagement
13867,31,3,1005.09,501,51,335.03000000000003,1,Regular / Growth Potential
13868,7,2,3192.54,1964,32,1596.27,1,Regular / Growth Potential
13869,123,4,3083.65,1709,234,770.9125,1,Regular / Growth Potential
13870,2,8,2770.94,1325,91,346.3675,0,High-Value / Champions
13871,23,13,6403.25,2806,155,492.5576923076923,0,High-Value / Champions
13873,120,3,389.6,140,21,129.86666666666667,2,At-Risk / Low-Engagement
13874,358,1,540.45,180,18,540.45,2,At-Risk / Low-Engagement
13875,54,5,1786.79,1316,79,357.358,1,Regular / Growth Potential
13876,64,1,122.7,36,7,122.7,2,At-Risk / Low-Engagement
13877,86,1,117.24,108,3,117.24,2,At-Risk / Low-Engagement
13878,55,1,1271.57,463,35,1271.57,1,Regular / Growth Potential
13880,21,13,3219.77,1842,125,247.67461538461538,0,High-Value / Champions
13881,4,20,17159.52,10118,72,857.976,0,High-Value / Champions
13882,3,5,1191.13,953,54,238.22600000000003,0,High-Value / Champions
13883,11,5,2674.48,1436,108,534.896,0,High-Value / Champions
13884,7,5,787.6,300,45,157.52,1,Regular / Growth Potential
13885,189,2,506.8,182,28,253.4,2,At-Risk / Low-Engagement
13886,71,1,243.56,126,16,243.56,2,At-Risk / Low-Engagement
13887,204,1,349.55,147,19,349.55,2,At-Risk / Low-Engagement
13888,120,2,595.67,254,38,297.835,2,At-Risk / Low-Engagement
13889,93,1,416.90000000000003,146,15,416.90000000000003,2,At-Risk / Low-Engagement
13890,1,10,1883.8100000000002,831,74,188.38100000000003,0,High-Value / Champions
13892,27,4,632.97,983,26,158.2425,1,Regular / Growth Potential
13893,298,1,821.1,190,21,821.1,2,At-Risk / Low-Engagement
13894,24,3,564.62,354,25,188.20666666666668,1,Regular / Growth Potential
13895,28,4,2593.07,1365,97,648.2675,1,Regular / Growth Potential
13897,50,1,311.16,200,17,311.16,2,At-Risk / Low-Engagement
13898,326,1,155.93,133,12,155.93,2,At-Risk / Low-Engagement
13899,16,2,388.52,156,19,194.26,1,Regular / Growth Potential
13900,183,3,740.95,430,42,246.98333333333335,2,At-Risk / Low-Engagement
13901,72,5,2867.2,1739,144,573.4399999999999,1,Regular / Growth Potential
13904,37,2,332.64,332,24,166.32,1,Regular / Growth Potential
13908,80,4,2369.55,1478,104,592.3875,1,Regular / Growth Potential
13911,57,9,2580.91,2731,120,286.7677777777778,0,High-Value / Champions
13914,12,2,626.45,380,28,313.225,1,Regular / Growth Potential
13917,50,2,272.04,228,16,136.02,2,At-Risk / Low-Engagement
13918,50,2,1212.8400000000001,1140,30,606.4200000000001,1,Regular / Growth Potential
13919,59,2,384.81,474,24,192.405,2,At-Risk / Low-Engagement
13922,352,1,172.25,93,7,172.25,2,At-Risk / Low-Engagement
13923,54,1,351.13,185,20,351.13,2,At-Risk / Low-Engagement
13924,2,6,1838.8500000000001,1575,90,306.475,0,High-Value / Champions
13925,93,4,678.25,331,28,169.5625,1,Regular / Growth Potential
13926,23,1,223.85000000000002,104,11,223.85000000000002,2,At-Risk / Low-Engagement
13927,75,1,348.99,214,21,348.99,2,At-Risk / Low-Engagement
13928,11,4,464.57,129,23,116.1425,1,Regular / Growth Potential
13929,169,2,842.65,143,8,421.325,2,At-Risk / Low-Engagement
13930,58,2,337.34,274,15,168.67,2,At-Risk / Low-Engagement
13931,96,2,1237.53,725,56,618.765,1,Regular / Growth Potential
13932,295,1,307.4,72,16,307.4,2,At-Risk / Low-Engagement
13933,109,2,608.7900000000001,205,23,304.39500000000004,2,At-Risk / Low-Engagement
13934,264,1,922.1,390,31,922.1,2,At-Risk / Low-Engagement
13936,180,1,376.58,330,26,376.58,2,At-Risk / Low-Engagement
13937,169,1,158.85,123,9,158.85,2,At-Risk / Low-Engagement
13938,35,1,71.66,70,7,71.66,2,At-Risk / Low-Engagement
13939,23,3,568.55,847,43,189.51666666666665,1,Regular / Growth Potential
13940,17,4,839.14,516,39,209.785,1,Regular / Growth Potential
13941,22,5,5112.96,2364,24,1022.592,0,High-Value / Champions
13946,79,3,561.5699999999999,443,11,187.18999999999997,1,Regular / Growth Potential
13947,65,1,90.6,44,5,90.6,2,At-Risk / Low-Engagement
13948,361,1,102.0,40,3,102.0,2,At-Risk / Low-Engagement
13949,3,6,2427.32,2474,124,404.55333333333334,0,High-Value / Champions
13950,11,4,745.06,323,33,186.265,1,Regular / Growth Potential
13951,176,3,674.45,459,38,224.8166666666667,2,At-Risk / Low-Engagement
13952,218,2,3251.071,1431,120,1625.5355,1,Regular / Growth Potential
13953,7,7,3515.68,2724,8,502.23999999999995,0,High-Value / Champions
13954,2,2,439.92,150,24,219.96,1,Regular / Growth Potential
13955,154,2,322.96,154,33,161.48,2,At-Risk / Low-Engagement
13956,5,5,1019.27,486,123,203.85399999999998,1,Regular / Growth Potential
13959,79,3,594.04,355,79,198.01333333333332,1,Regular / Growth Potential
13960,21,2,230.22,142,11,115.11,1,Regular / Growth Potential
13962,22,2,169.55,87,11,84.775,2,At-Risk / Low-Engagement
13963,308,4,664.54,460,35,166.135,2,At-Risk / Low-Engagement
13967,146,1,80.7,42,2,80.7,2,At-Risk / Low-Engagement
13969,7,18,9024.17,4528,334,501.34277777777777,0,High-Value / Champions
13971,19,8,2758.26,1844,118,344.7825,0,High-Value / Champions
13972,71,2,190.25,187,15,95.125,2,At-Risk / Low-Engagement
13973,287,1,264.7,109,11,264.7,2,At-Risk / Low-Engagement
13974,49,1,413.59000000000003,249,28,413.59000000000003,2,At-Risk / Low-Engagement
13975,31,6,2461.2400000000002,1697,240,410.2066666666667,1,Regular / Growth Potential
13976,207,1,357.98,154,10,357.98,2,At-Risk / Low-Engagement
13978,15,2,196.79000000000002,315,14,98.39500000000001,1,Regular / Growth Potential
13979,73,1,869.87,639,54,869.87,2,At-Risk / Low-Engagement
13980,60,1,200.14,172,11,200.14,2,At-Risk / Low-Engagement
13982,39,4,1871.81,1136,72,467.9525,1,Regular / Growth Potential
13983,30,12,2603.43,1183,91,216.9525,0,High-Value / Champions
13984,27,5,920.51,679,14,184.102,1,Regular / Growth Potential
13985,4,15,7060.13,3445,108,470.67533333333336,0,High-Value / Champions
13986,17,1,320.46,430,12,320.46,1,Regular / Growth Potential
13988,20,6,4147.96,3044,188,691.3266666666667,0,High-Value / Champions
13989,66,2,1266.08,1313,33,633.04,1,Regular / Growth Potential
13990,213,1,311.3,190,16,311.3,2,At-Risk / Low-Engagement
13991,12,6,852.88,995,58,142.14666666666668,1,Regular / Growth Potential
13992,30,1,76.8,64,5,76.8,2,At-Risk / Low-Engagement
13993,43,9,3466.36,900,66,385.1511111111111,0,High-Value / Champions
13994,4,6,2274.14,932,122,379.0233333333333,0,High-Value / Champions
13995,15,5,1393.69,879,55,278.738,1,Regular / Growth Potential
13999,10,12,3901.81,2243,102,325.1508333333333,0,High-Value / Champions
14000,211,1,635.66,710,15,635.66,2,At-Risk / Low-Engagement
14001,46,3,2043.0800000000002,962,34,681.0266666666668,1,Regular / Growth Potential
14002,134,2,529.73,877,47,264.865,2,At-Risk / Low-Engagement
14004,43,7,4582.64,2668,102,654.6628571428572,0,High-Value / Champions
14005,10,5,2874.72,2478,53,574.944,0,High-Value / Champions
14006,116,3,962.19,641,22,320.73,1,Regular / Growth Potential
14009,198,2,695.61,365,42,347.805,2,At-Risk / Low-Engagement
14012,278,1,328.8,160,11,328.8,2,At-Risk / Low-Engagement
14013,110,3,473.02,462,30,157.67333333333332,2,At-Risk / Low-Engagement
14014,77,1,505.18,1076,39,505.18,2,At-Risk / Low-Engagement
14015,53,1,917.34,378,20,917.34,1,Regular / Growth Potential
14016,162,4,4341.21,2125,154,1085.3025,1,Regular / Growth Potential
14019,47,3,1421.61,1037,37,473.86999999999995,1,Regular / Growth Potential
14020,17,2,642.8,441,37,321.4,1,Regular / Growth Potential
14021,155,3,631.9,192,22,210.63333333333333,2,At-Risk / Low-Engagement
14022,225,1,440.0,487,28,440.0,2,At-Risk / Low-Engagement
14023,7,2,584.07,345,30,292.035,1,Regular / Growth Potential
14024,122,2,327.7,150,16,163.85,2,At-Risk / Low-Engagement
14027,61,1,104.82,62,6,104.82,2,At-Risk / Low-Engagement
14029,63,2,467.66,198,15,233.83,2,At-Risk / Low-Engagement
14030,18,8,2358.84,1478,210,294.855,0,High-Value / Champions
14031,7,19,17286.86,5788,119,909.8347368421053,0,High-Value / Champions
14032,2,11,2975.59,2032,53,270.5081818181818,0,High-Value / Champions
14034,22,3,648.89,420,82,216.29666666666665,1,Regular / Growth Potential
14035,29,5,1428.02,739,41,285.604,1,Regular / Growth Potential
14036,285,1,626.65,268,38,626.65,2,At-Risk / Low-Engagement
14037,176,2,147.20000000000002,46,27,73.60000000000001,2,At-Risk / Low-Engagement
14038,78,3,1560.38,965,64,520.1266666666667,1,Regular / Growth Potential
14039,33,1,152.2,92,6,152.2,2,At-Risk / Low-Engagement
14040,41,12,3560.32,1544,146,296.6933333333333,0,High-Value / Champions
14041,266,1,141.41,94,21,141.41,2,At-Risk / Low-Engagement
14044,27,4,646.42,304,165,161.605,1,Regular / Growth Potential
14045,109,4,1659.75,535,4,414.9375,1,Regular / Growth Potential
14046,284,1,154.99,460,14,154.99,2,At-Risk / Low-Engagement
14047,9,5,1308.6100000000001,381,22,261.72200000000004,1,Regular / Growth Potential
14048,305,1,409.93,288,83,409.93,2,At-Risk / Low-Engagement
14049,17,4,5578.72,3808,348,1394.68,0,High-Value / Champions
14050,32,2,746.36,689,49,373.18,1,Regular / Growth Potential
14051,1,23,15610.390000000001,3756,52,678.7126086956522,0,High-Value / Champions
14052,20,1,225.36,89,56,225.36,2,At-Risk / Low-Engagement
14053,124,2,260.25,215,2,130.125,2,At-Risk / Low-Engagement
14054,65,1,92.46,62,6,92.46,2,At-Risk / Low-Engagement
14055,106,1,725.6400000000001,216,10,725.6400000000001,2,At-Risk / Low-Engagement
14056,1,23,8152.71,4252,320,354.46565217391304,0,High-Value / Champions
14057,24,17,6211.66,4873,179,365.39176470588234,0,High-Value / Champions
14059,267,1,183.6,128,8,183.6,2,At-Risk / Low-Engagement
14060,5,19,6140.42,5386,86,323.18,0,High-Value / Champions
14062,10,12,10464.85,5593,60,872.0708333333333,0,High-Value / Champions
14064,29,5,1334.34,1772,59,266.868,1,Regular / Growth Potential
14066,267,1,152.55,45,7,152.55,2,At-Risk / Low-Engagement
14067,64,2,374.7,361,51,187.35,2,At-Risk / Low-Engagement
14068,320,1,265.85,73,22,265.85,2,At-Risk / Low-Engagement
14071,4,8,1437.57,994,271,179.69625,0,High-Value / Champions
14073,32,1,151.04,130,13,151.04,2,At-Risk / Low-Engagement
14075,5,3,942.26,754,33,314.08666666666664,1,Regular / Growth Potential
14076,129,1,118.67,79,43,118.67,2,At-Risk / Low-Engagement
14077,41,5,499.41999999999996,268,33,99.88399999999999,1,Regular / Growth Potential
14078,102,6,1049.37,310,46,174.89499999999998,1,Regular / Growth Potential
14079,125,1,375.1,301,12,375.1,2,At-Risk / Low-Engagement
14080,33,1,45.599999999999994,48,4,45.599999999999994,2,At-Risk / Low-Engagement
14081,302,2,921.62,592,126,460.81,2,At-Risk / Low-Engagement
14082,365,1,182.25,110,28,182.25,2,At-Risk / Low-Engagement
14083,4,9,1002.9,705,162,111.43333333333334,0,High-Value / Champions
14085,2,18,4421.29,3177,272,245.62722222222223,0,High-Value / Champions
14087,3,1,191.47,250,61,191.47,1,Regular / Growth Potential
14088,10,13,50491.81,12665,379,3883.9853846153846,0,High-Value / Champions
14089,57,1,158.75,133,13,158.75,2,At-Risk / Low-Engagement
14090,325,1,76.32000000000001,72,1,76.32000000000001,2,At-Risk / Low-Engagement
14092,8,14,4076.91,2066,117,291.2078571428571,0,High-Value / Champions
14093,12,1,433.86,391,95,433.86,1,Regular / Growth Potential
14096,4,17,65164.79,16352,1119,3833.2229411764706,0,High-Value / Champions
14098,37,1,147.35,104,21,147.35,2,At-Risk / Low-Engagement
14099,16,11,3104.17,2179,167,282.1972727272727,0,High-Value / Champions
14100,138,1,191.95000000000002,63,24,191.95000000000002,2,At-Risk / Low-Engagement
14101,74,6,5976.79,6942,15,996.1316666666667,0,High-Value / Champions
14102,5,5,1105.8799999999999,769,35,221.176,1,Regular / Growth Potential
14104,155,2,216.20999999999998,72,21,108.10499999999999,2,At-Risk / Low-Engagement
14105,239,1,1266.23,800,74,1266.23,2,At-Risk / Low-Engagement
14107,52,7,2703.23,1793,61,386.17571428571426,0,High-Value / Champions
14108,31,2,597.91,381,33,298.955,1,Regular / Growth Potential
14109,73,1,144.2,88,9,144.2,2,At-Risk / Low-Engagement
14110,4,12,5683.15,2445,94,473.5958333333333,0,High-Value / Champions
14111,14,4,692.85,458,10,173.2125,1,Regular / Growth Potential
14112,23,7,2915.15,1651,117,416.45,0,High-Value / Champions
14113,4,4,1840.42,745,26,460.105,0,High-Value / Champions
14114,274,2,386.53,101,15,193.265,2,At-Risk / Low-Engagement
14116,20,5,1382.74,707,61,276.548,1,Regular / Growth Potential
14117,144,1,90.0,72,3,90.0,2,At-Risk / Low-Engagement
14121,4,4,2780.15,2082,148,695.0375,0,High-Value / Champions
14124,84,1,419.58000000000004,1618,4,419.58000000000004,2,At-Risk / Low-Engagement
14125,11,3,2720.63,1628,159,906.8766666666667,1,Regular / Growth Potential
14126,8,3,706.1300000000001,508,14,235.3766666666667,1,Regular / Growth Potential
14127,123,3,709.71,321,39,236.57000000000002,1,Regular / Growth Potential
14128,61,2,637.5,564,40,318.75,1,Regular / Growth Potential
14129,2,5,1123.8600000000001,592,31,224.77200000000002,0,High-Value / Champions
14130,319,1,480.91,257,66,480.91,2,At-Risk / Low-Engagement
14132,2,11,3586.0299999999997,3368,100,326.00272727272727,0,High-Value / Champions
14133,130,3,605.64,348,25,201.88,2,At-Risk / Low-Engagement
14135,2,15,4690.31,3850,95,312.68733333333336,0,High-Value / Champions
14138,2,2,965.8800000000001,600,40,482.94000000000005,1,Regular / Growth Potential
14139,46,1,415.82,510,26,415.82,2,At-Risk / Low-Engagement
14140,4,2,935.05,811,60,467.525,1,Regular / Growth Potential
14141,3,4,915.13,355,27,228.7825,1,Regular / Growth Potential
14142,373,1,311.81,313,22,311.81,2,At-Risk / Low-Engagement
14143,134,1,115.8,30,7,115.8,2,At-Risk / Low-Engagement
14145,47,4,3742.2,756,6,935.55,1,Regular / Growth Potential
14146,9,5,4191.0,2437,183,838.2,0,High-Value / Champions
14147,78,2,483.4,108,4,241.7,2,At-Risk / Low-Engagement
14148,234,1,157.2,16,3,157.2,2,At-Risk / Low-Engagement
14149,221,1,446.62,218,28,446.62,2,At-Risk / Low-Engagement
14150,36,2,658.64,496,23,329.32,1,Regular / Growth Potential
14152,75,2,621.29,711,47,310.645,2,At-Risk / Low-Engagement
14154,239,2,1345.62,465,52,672.81,2,At-Risk / Low-Engagement
14155,266,1,118.75,25,6,118.75,2,At-Risk / Low-Engagement
14156,10,55,117210.08,57768,714,2131.0923636363636,0,High-Value / Champions
14157,20,2,424.89000000000004,271,45,212.44500000000002,1,Regular / Growth Potential
14158,40,1,507.66,781,41,507.66,2,At-Risk / Low-Engagement
14159,20,11,4630.35,4348,501,420.94090909090914,0,High-Value / Champions
14161,216,3,1097.6200000000001,450,87,365.8733333333334,2,At-Risk / Low-Engagement
14162,174,2,289.36,142,25,144.68,2,At-Risk / Low-Engagement
14163,87,4,2445.91,893,36,611.4775,1,Regular / Growth Potential
14164,71,2,1631.77,1033,28,815.885,1,Regular / Growth Potential
14165,276,1,120.44,53,23,120.44,2,At-Risk / Low-Engagement
14167,39,4,562.59,147,27,140.6475,1,Regular / Growth Potential
14171,98,1,363.79,167,57,363.79,2,At-Risk / Low-Engagement
14173,11,4,450.84,150,28,112.71,1,Regular / Growth Potential
14174,33,1,134.46,94,26,134.46,2,At-Risk / Low-Engagement
14175,60,3,3222.3,1515,139,1074.1000000000001,1,Regular / Growth Potential
14176,297,4,576.9000000000001,209,28,144.22500000000002,2,At-Risk / Low-Engagement
14177,86,4,549.46,204,37,137.365,1,Regular / Growth Potential
14178,9,7,1600.26,1494,191,228.60857142857142,0,High-Value / Champions
14179,41,2,701.57,319,135,350.785,1,Regular / Growth Potential
14180,11,25,4748.52,719,112,189.94080000000002,0,High-Value / Champions
14184,67,1,452.89,127,24,452.89,2,At-Risk / Low-Engagement
14185,331,1,197.65,6,3,197.65,2,At-Risk / Low-Engagement
14188,31,6,2054.36,1162,34,342.3933333333334,1,Regular / Growth Potential
14189,2,15,4654.08,3937,176,310.272,0,High-Value / Champions
14191,2,13,4684.76,3662,145,360.36615384615385,0,High-Value / Champions
14193,68,2,853.39,445,35,426.695,1,Regular / Growth Potential
14194,5,21,11349.52,5840,269,540.4533333333334,0,High-Value / Champions
14195,202,2,1012.0,760,7,506.0,2,At-Risk / Low-Engagement
14196,107,1,335.52,142,6,335.52,2,At-Risk / Low-Engagement
14198,18,4,701.4,290,35,175.35,1,Regular / Growth Potential
14199,218,1,185.39999999999998,28,2,185.39999999999998,2,At-Risk / Low-Engagement
14201,60,7,747.44,590,32,106.77714285714286,1,Regular / Growth Potential
14204,2,1,150.61,72,36,150.61,1,Regular / Growth Potential
14205,17,2,466.7,204,23,233.35,1,Regular / Growth Potential
14206,239,1,328.15999999999997,276,20,328.15999999999997,2,At-Risk / Low-Engagement
14208,95,1,151.74,114,10,151.74,2,At-Risk / Low-Engagement
14209,11,6,2073.43,691,55,345.57166666666666,0,High-Value / Champions
14210,106,6,1905.8400000000001,760,66,317.64000000000004,1,Regular / Growth Potential
14211,53,9,2241.1,1242,87,249.0111111111111,0,High-Value / Champions
14212,90,1,1070.48,1152,9,1070.48,2,At-Risk / Low-Engagement
14214,31,5,1004.38,751,64,200.876,1,Regular / Growth Potential
14215,12,6,1789.72,1358,98,298.2866666666667,0,High-Value / Champions
14216,3,4,1839.3,594,47,459.825,0,High-Value / Champions
14217,2,17,2004.98,689,78,117.94,0,High-Value / Champions
14218,43,1,169.48000000000002,160,12,169.48000000000002,2,At-Risk / Low-Engagement
14219,4,1,89.94,78,7,89.94,1,Regular / Growth Potential
14220,247,2,632.4,272,21,316.2,2,At-Risk / Low-Engagement
14221,42,9,3432.8,2191,123,381.4222222222222,0,High-Value / Champions
14222,177,1,683.17,607,41,683.17,2,At-Risk / Low-Engagement
14223,92,3,991.13,585,50,330.37666666666667,1,Regular / Growth Potential
14224,110,4,1009.73,483,105,252.4325,1,Regular / Growth Potential
14226,29,5,2214.79,1296,64,442.95799999999997,1,Regular / Growth Potential
14227,26,10,3350.96,1820,117,335.096,0,High-Value / Champions
14229,52,3,1547.2,610,29,515.7333333333333,1,Regular / Growth Potential
14231,184,3,925.71,409,47,308.57,2,At-Risk / Low-Engagement
14232,43,5,2048.07,1941,81,409.61400000000003,1,Regular / Growth Potential
14233,49,4,1462.72,680,30,365.68,1,Regular / Growth Potential
14234,22,4,754.12,951,122,188.53,1,Regular / Growth Potential
14235,75,5,3144.86,1959,65,628.972,1,Regular / Growth Potential
14236,81,2,490.86,310,15,245.43,2,At-Risk / Low-Engagement
14237,373,1,161.0,38,9,161.0,2,At-Risk / Low-Engagement
14238,326,1,146.85,111,8,146.85,2,At-Risk / Low-Engagement
14239,43,11,2380.85,993,83,216.4409090909091,0,High-Value / Champions
14240,30,2,890.34,418,37,445.17,1,Regular / Growth Potential
14241,184,1,213.70000000000002,146,10,213.70000000000002,2,At-Risk / Low-Engagement
14242,235,2,280.55,123,13,140.275,2,At-Risk / Low-Engagement
14243,9,10,2588.77,1221,99,258.877,0,High-Value / Champions
14245,220,2,1693.45,976,107,846.725,2,At-Risk / Low-Engagement
14246,111,3,1474.06,804,57,491.3533333333333,1,Regular / Growth Potential
14247,278,1,136.76999999999998,47,19,136.76999999999998,2,At-Risk / Low-Engagement
14248,318,1,302.58,102,8,302.58,2,At-Risk / Low-Engagement
14250,7,3,1904.05,1200,94,634.6833333333333,1,Regular / Growth Potential
14251,2,5,2879.7000000000003,1674,37,575.94,0,High-Value / Champions
14256,260,2,969.0600000000001,414,51,484.53000000000003,2,At-Risk / Low-Engagement
14257,64,5,3099.7200000000003,1682,88,619.9440000000001,1,Regular / Growth Potential
14258,9,9,12669.98,7100,58,1407.7755555555555,0,High-Value / Champions
14259,142,1,120.0,68,5,120.0,2,At-Risk / Low-Engagement
14261,51,2,1163.45,406,52,581.725,1,Regular / Growth Potential
14262,8,8,2618.23,1645,87,327.27875,0,High-Value / Champions
14264,155,2,333.97,70,15,166.985,2,At-Risk / Low-Engagement
14265,109,2,530.18,330,31,265.09,2,At-Risk / Low-Engagement
14267,163,3,1516.24,530,25,505.41333333333336,1,Regular / Growth Potential
14270,332,1,492.65000000000003,197,29,492.65000000000003,2,At-Risk / Low-Engagement
14271,226,1,112.32,88,10,112.32,2,At-Risk / Low-Engagement
14272,74,2,437.96,599,33,218.98,2,At-Risk / Low-Engagement
14273,51,4,559.97,264,22,139.9925,1,Regular / Growth Potential
14276,99,3,1119.74,744,52,373.24666666666667,1,Regular / Growth Potential
14277,15,3,4188.0,1976,195,1396.0,1,Regular / Growth Potential
14280,197,1,134.04,52,8,134.04,2,At-Risk / Low-Engagement
14282,3,15,3701.44,2656,70,246.76266666666666,0,High-Value / Champions
14284,31,2,595.25,161,24,297.625,1,Regular / Growth Potential
14285,21,4,1910.01,541,18,477.5025,1,Regular / Growth Potential
14286,24,3,4628.75,4338,220,1542.9166666666667,1,Regular / Growth Potential
14287,8,3,176.63,261,9,58.876666666666665,1,Regular / Growth Potential
14288,213,1,426.6,188,16,426.6,2,At-Risk / Low-Engagement
14289,9,6,911.26,292,33,151.87666666666667,1,Regular / Growth Potential
14290,11,5,2314.65,915,89,462.93,0,High-Value / Champions
14291,2,11,3883.25,2749,145,353.02272727272725,0,High-Value / Champions
14292,8,9,4871.93,1663,64,541.3255555555556,0,High-Value / Champions
14293,3,4,1046.56,709,51,261.64,1,Regular / Growth Potential
14295,40,1,166.20000000000002,84,5,166.20000000000002,2,At-Risk / Low-Engagement
14297,18,4,1305.33,865,48,326.3325,1,Regular / Growth Potential
14298,8,44,51527.3,58343,884,1171.075,0,High-Value / Champions
14299,8,9,3965.62,2149,94,440.6244444444444,0,High-Value / Champions
14300,19,1,43.2,32,3,43.2,2,At-Risk / Low-Engagement
14301,117,1,640.14,606,13,640.14,2,At-Risk / Low-Engagement
14304,223,1,383.45,139,17,383.45,2,At-Risk / Low-Engagement
14305,71,3,1858.96,1089,96,619.6533333333333,1,Regular / Growth Potential
14306,51,2,2093.32,1075,33,1046.66,1,Regular / Growth Potential
14307,89,6,2995.72,2058,150,499.28666666666663,1,Regular / Growth Potential
14309,8,9,2352.53,1633,74,261.39222222222224,0,High-Value / Champions
14311,243,1,310.26,146,20,310.26,2,At-Risk / Low-Engagement
14312,47,6,1611.59,1012,74,268.5983333333333,1,Regular / Growth Potential
14314,107,1,120.0,296,8,120.0,2,At-Risk / Low-Engagement
14315,45,6,2481.13,1021,64,413.5216666666667,1,Regular / Growth Potential
14317,65,1,508.58000000000004,255,24,508.58000000000004,2,At-Risk / Low-Engagement
14320,207,2,477.79,325,29,238.895,2,At-Risk / Low-Engagement
14321,11,5,1530.75,2406,111,306.15,1,Regular / Growth Potential
14323,115,2,605.0600000000001,350,32,302.53000000000003,2,At-Risk / Low-Engagement
14326,242,1,183.85,103,8,183.85,2,At-Risk / Low-Engagement
14327,163,1,311.65,139,12,311.65,2,At-Risk / Low-Engagement
14329,17,7,4975.24,3087,218,710.7485714285714,0,High-Value / Champions
14331,124,2,462.65999999999997,252,27,231.32999999999998,2,At-Risk / Low-Engagement
14332,23,3,840.21,463,22,280.07,1,Regular / Growth Potential
14333,68,1,415.2,58,15,415.2,2,At-Risk / Low-Engagement
14334,17,8,2552.21,1731,98,319.02625,0,High-Value / Champions
14335,16,2,454.86,375,55,227.43,1,Regular / Growth Potential
14336,17,4,1614.91,1759,77,403.7275,1,Regular / Growth Potential
14338,161,2,588.22,335,30,294.11,2,At-Risk / Low-Engagement
14339,243,1,309.52,168,14,309.52,2,At-Risk / Low-Engagement
14340,219,1,134.7,58,6,134.7,2,At-Risk / Low-Engagement
14341,45,8,2166.98,1397,109,270.8725,0,High-Value / Champions
14342,21,4,668.5600000000001,347,18,167.14000000000001,1,Regular / Growth Potential
14344,127,8,889.9300000000001,477,56,111.24125000000001,1,Regular / Growth Potential
14345,39,1,108.97999999999999,50,6,108.97999999999999,2,At-Risk / Low-Engagement
14346,121,2,1021.58,605,55,510.79,2,At-Risk / Low-Engagement
14348,260,1,409.57,183,18,409.57,2,At-Risk / Low-Engagement
14349,10,1,133.5,86,31,133.5,2,At-Risk / Low-Engagement
14350,274,1,282.93,183,18,282.93,2,At-Risk / Low-Engagement
14351,165,1,51.0,12,1,51.0,2,At-Risk / Low-Engagement
14352,157,4,1078.96,538,44,269.74,1,Regular / Growth Potential
14353,215,1,90.6,64,6,90.6,2,At-Risk / Low-Engagement
14354,6,2,163.62,210,9,81.81,1,Regular / Growth Potential
14355,366,1,174.4,92,11,174.4,2,At-Risk / Low-Engagement
14356,80,2,701.23,277,33,350.615,1,Regular / Growth Potential
14357,43,1,225.12,147,39,225.12,2,At-Risk / Low-Engagement
14359,19,3,912.18,371,44,304.06,1,Regular / Growth Potential
14360,32,4,2118.03,1139,104,529.5075,1,Regular / Growth Potential
14362,22,1,151.5,96,37,151.5,2,At-Risk / Low-Engagement
14364,109,8,3717.35,1967,61,464.66875,0,High-Value / Champions
14367,8,16,9227.82,4426,270,576.73875,0,High-Value / Champions
14368,320,1,155.0,36,8,155.0,2,At-Risk / Low-Engagement
14371,295,1,100.5,34,4,100.5,2,At-Risk / Low-Engagement
14373,358,1,76.55,17,4,76.55,2,At-Risk / Low-Engagement
14375,185,1,235.56,184,57,235.56,2,At-Risk / Low-Engagement
14377,191,2,617.05,219,11,308.525,2,At-Risk / Low-Engagement
14379,44,2,348.1,292,39,174.05,2,At-Risk / Low-Engagement
14381,52,1,202.68,146,56,202.68,2,At-Risk / Low-Engagement
14382,26,1,615.49,1231,121,615.49,1,Regular / Growth Potential
14383,38,3,1247.69,817,49,415.8966666666667,1,Regular / Growth Potential
14385,9,3,202.11,159,13,67.37,1,Regular / Growth Potential
14386,297,1,142.4,54,7,142.4,2,At-Risk / Low-Engagement
14387,33,3,1727.6,795,125,575.8666666666667,1,Regular / Growth Potential
14388,10,8,3212.84,1941,124,401.605,0,High-Value / Champions
14389,65,2,1043.46,729,33,521.73,1,Regular / Growth Potential
14390,10,9,4642.57,2133,135,515.8411111111111,0,High-Value / Champions
14393,218,1,67.95,13,5,67.95,2,At-Risk / Low-Engagement
14395,2,9,3479.91,1689,181,386.65666666666664,0,High-Value / Champions
14396,65,2,487.99,225,71,243.995,2,At-Risk / Low-Engagement
14397,3,19,2612.96,1890,18,137.52421052631578,0,High-Value / Champions
14400,149,1,574.7,454,25,574.7,2,At-Risk / Low-Engagement
14401,4,13,4051.48,4507,113,311.6523076923077,0,High-Value / Champions
14403,130,4,1475.81,519,17,368.9525,1,Regular / Growth Potential
14404,34,6,1449.32,827,70,241.5533333333333,1,Regular / Growth Potential
14406,119,1,156.75,77,8,156.75,2,At-Risk / Low-Engagement
14407,107,6,2157.73,1415,67,359.62166666666667,1,Regular / Growth Potential
14408,11,7,2599.03,1610,60,371.29,0,High-Value / Champions
14409,71,6,2059.4500000000003,1230,40,343.24166666666673,1,Regular / Growth Potential
14410,92,9,1100.27,567,153,122.25222222222222,1,Regular / Growth Potential
14411,311,1,1063.0,196,14,1063.0,2,At-Risk / Low-Engagement
14412,43,2,770.03,786,43,385.015,1,Regular / Growth Potential
14413,362,1,121.05,67,22,121.05,2,At-Risk / Low-Engagement
14414,92,7,1496.98,2512,79,213.8542857142857,1,Regular / Growth Potential
14415,1,13,5855.57,2996,283,450.42846153846153,0,High-Value / Champions
14416,22,2,490.22,326,13,245.11,1,Regular / Growth Potential
14418,4,3,1937.25,1711,114,645.75,1,Regular / Growth Potential
14419,11,6,1051.79,483,112,175.29833333333332,1,Regular / Growth Potential
14420,99,1,387.52,334,29,387.52,2,At-Risk / Low-Engagement
14421,57,2,813.11,365,25,406.555,1,Regular / Growth Potential
14422,1,6,4263.64,2906,189,710.6066666666667,0,High-Value / Champions
14423,218,1,265.2,120,3,265.2,2,At-Risk / Low-Engagement
14424,18,1,322.08,48,1,322.08,1,Regular / Growth Potential
14426,24,10,4481.67,2699,183,448.16700000000003,0,High-Value / Champions
14427,50,2,363.34000000000003,228,16,181.67000000000002,2,At-Risk / Low-Engagement
14428,7,5,1224.06,428,108,244.81199999999998,1,Regular / Growth Potential
14431,303,1,470.36,130,17,470.36,2,At-Risk / Low-Engagement
14432,10,6,2248.5,2013,256,374.75,0,High-Value / Champions
14434,22,6,1372.8,368,3,228.79999999999998,1,Regular / Growth Potential
14436,99,1,89.06,129,9,89.06,2,At-Risk / Low-Engagement
14437,366,1,63.0,60,5,63.0,2,At-Risk / Low-Engagement
14438,306,1,131.9,82,9,131.9,2,At-Risk / Low-Engagement
14439,320,1,2661.24,526,32,2661.24,2,At-Risk / Low-Engagement
14440,8,5,2357.6800000000003,588,33,471.53600000000006,0,High-Value / Champions
14441,1,4,1712.89,446,43,428.2225,0,High-Value / Champions
14442,205,2,1589.82,482,58,794.91,2,At-Risk / Low-Engagement
14443,54,4,1420.2,938,84,355.05,1,Regular / Growth Potential
14446,1,4,1010.35,916,233,252.5875,0,High-Value / Champions
14447,19,5,1163.23,571,54,232.64600000000002,1,Regular / Growth Potential
14448,9,2,375.35,104,20,187.675,1,Regular / Growth Potential
14449,19,4,885.8,741,201,221.45,1,Regular / Growth Potential
14450,181,3,483.25,241,32,161.08333333333334,2,At-Risk / Low-Engagement
14451,60,2,643.9,378,86,321.95,1,Regular / Growth Potential
14452,11,2,259.05,116,55,129.525,1,Regular / Growth Potential
14453,190,1,119.93,49,22,119.93,2,At-Risk / Low-Engagement
14456,5,9,3017.28,2885,580,335.25333333333333,0,High-Value / Champions
14457,311,1,113.64,88,4,113.64,2,At-Risk / Low-Engagement
14459,155,1,1837.92,760,37,1837.92,2,At-Risk / Low-Engagement
14460,110,3,434.34,881,14,144.78,2,At-Risk / Low-Engagement
14461,148,3,2103.06,766,173,701.02,1,Regular / Growth Potential
14462,66,11,1980.57,956,150,180.05181818181816,0,High-Value / Champions
14463,98,3,529.62,179,6,176.54,1,Regular / Growth Potential
14465,247,3,1038.44,398,107,346.1466666666667,2,At-Risk / Low-Engagement
14466,29,7,2272.4,1006,35,324.62857142857143,0,High-Value / Champions
14467,18,4,596.26,276,67,149.065,1,Regular / Growth Potential
14470,12,2,461.19,193,43,230.595,1,Regular / Growth Potential
14472,104,8,1852.67,1135,153,231.58375,1,Regular / Growth Potential
14473,74,2,234.34000000000003,88,7,117.17000000000002,2,At-Risk / Low-Engagement
14474,46,1,547.66,140,29,547.66,2,At-Risk / Low-Engagement
14475,72,3,925.85,447,35,308.6166666666667,1,Regular / Growth Potential
14476,257,1,193.0,110,17,193.0,2,At-Risk / Low-Engagement
14477,20,4,1309.6,720,7,327.4,1,Regular / Growth Potential
14479,254,2,316.25,117,18,158.125,2,At-Risk / Low-Engagement
14480,11,1,279.05,143,13,279.05,1,Regular / Growth Potential
14481,165,2,636.51,489,25,318.255,2,At-Risk / Low-Engagement
14482,18,6,2022.81,1627,110,337.135,0,High-Value / Champions
14483,282,1,137.1,97,9,137.1,2,At-Risk / Low-Engagement
14484,50,1,321.92,210,14,321.92,2,At-Risk / Low-Engagement
14485,39,1,162.8,70,44,162.8,2,At-Risk / Low-Engagement
14487,27,6,1165.48,712,112,194.24666666666667,1,Regular / Growth Potential
14488,68,1,1064.28,799,46,1064.28,2,At-Risk / Low-Engagement
14489,207,1,463.38,299,30,463.38,2,At-Risk / Low-Engagement
14491,175,2,340.93,139,17,170.465,2,At-Risk / Low-Engagement
14493,7,5,2383.2400000000002,1285,95,476.648,0,High-Value / Champions
14494,26,1,139.56,92,7,139.56,2,At-Risk / Low-Engagement
14495,51,2,123.8,62,6,61.9,2,At-Risk / Low-Engagement
14496,312,2,538.8100000000001,159,16,269.40500000000003,2,At-Risk / Low-Engagement
14497,309,1,475.37,235,29,475.37,2,At-Risk / Low-Engagement
14498,43,5,1957.32,1098,162,391.464,1,Regular / Growth Potential
14499,26,3,808.44,496,146,269.48,1,Regular / Growth Potential
14500,88,3,356.85,117,6,118.95,2,At-Risk / Low-Engagement
14501,184,2,251.21,161,9,125.605,2,At-Risk / Low-Engagement
14502,20,11,2429.83,1480,368,220.89363636363635,0,High-Value / Champions
14503,3,6,3543.26,2004,113,590.5433333333334,0,High-Value / Champions
14504,47,4,673.26,308,85,168.315,1,Regular / Growth Potential
14505,17,8,5859.43,2739,540,732.42875,0,High-Value / Champions
14506,17,5,1960.65,704,204,392.13,1,Regular / Growth Potential
14507,24,6,1367.88,594,79,227.98000000000002,1,Regular / Growth Potential
14508,22,2,268.05,129,52,134.025,1,Regular / Growth Potential
14511,11,5,1314.81,784,53,262.962,1,Regular / Growth Potential
14512,188,2,275.28,122,19,137.64,2,At-Risk / Low-Engagement
14513,101,3,455.59000000000003,361,11,151.86333333333334,2,At-Risk / Low-Engagement
14514,61,3,990.2,564,65,330.06666666666666,1,Regular / Growth Potential
14515,18,6,2076.89,1110,68,346.1483333333333,0,High-Value / Champions
14517,33,2,330.45,91,17,165.225,1,Regular / Growth Potential
14518,64,1,174.37,278,16,174.37,2,At-Risk / Low-Engagement
14520,2,2,270.6,146,3,135.3,1,Regular / Growth Potential
14522,24,4,974.54,525,15,243.635,1,Regular / Growth Potential
14523,108,1,241.09,251,12,241.09,2,At-Risk / Low-Engagement
14524,32,9,1843.83,669,161,204.87,0,High-Value / Champions
14525,20,9,4215.9,2637,217,468.4333333333333,0,High-Value / Champions
14527,3,55,8507.13,2088,330,154.6750909090909,0,High-Value / Champions
14528,37,1,364.21999999999997,278,18,364.21999999999997,2,At-Risk / Low-Engagement
14529,60,3,578.61,325,177,192.87,1,Regular / Growth Potential
14530,26,6,2862.11,1395,140,477.0183333333334,0,High-Value / Champions
14532,236,4,932.85,284,45,233.2125,1,Regular / Growth Potential
14533,25,7,1949.72,4019,53,278.5314285714286,0,High-Value / Champions
14534,3,18,4397.3,2027,331,244.29444444444445,0,High-Value / Champions
14535,60,3,2854.84,1824,280,951.6133333333333,1,Regular / Growth Potential
14536,260,1,170.95,39,18,170.95,2,At-Risk / Low-Engagement
14537,58,1,355.56,120,10,355.56,2,At-Risk / Low-Engagement
14538,65,2,388.25,155,19,194.125,2,At-Risk / Low-Engagement
14539,16,2,537.48,428,31,268.74,1,Regular / Growth Potential
14540,10,3,952.66,411,64,317.55333333333334,1,Regular / Growth Potential
14541,59,8,1453.35,641,71,181.66875,1,Regular / Growth Potential
14542,186,1,103.25,19,5,103.25,2,At-Risk / Low-Engagement
14543,29,16,3599.73,675,43,224.983125,0,High-Value / Champions
14544,24,2,2004.3,1536,97,1002.15,1,Regular / Growth Potential
14546,5,5,2573.93,1313,250,514.786,0,High-Value / Champions
14547,4,8,3974.75,2639,198,496.84375,0,High-Value / Champions
14548,151,2,652.8,256,2,326.4,2,At-Risk / Low-Engagement
14549,311,1,289.24,136,56,289.24,2,At-Risk / Low-Engagement
14550,11,2,757.37,389,38,378.685,1,Regular / Growth Potential
14551,18,2,186.23,106,9,93.115,1,Regular / Growth Potential
14552,152,1,164.22,90,57,164.22,2,At-Risk / Low-Engagement
14553,19,5,859.27,493,103,171.85399999999998,1,Regular / Growth Potential
14554,10,4,2279.4900000000002,1443,147,569.8725000000001,1,Regular / Growth Potential
14555,57,2,312.54,122,18,156.27,2,At-Risk / Low-Engagement
14557,85,1,788.38,510,16,788.38,2,At-Risk / Low-Engagement
14560,7,22,2237.77,1260,39,101.71681818181818,0,High-Value / Champions
14561,76,3,1080.76,1014,67,360.25333333333333,1,Regular / Growth Potential
14562,4,18,5006.77,1815,187,278.1538888888889,0,High-Value / Champions
14565,96,4,3099.12,1540,111,774.78,1,Regular / Growth Potential
14566,111,1,1432.0,800,4,1432.0,2,At-Risk / Low-Engagement
14567,57,2,1530.3600000000001,412,33,765.1800000000001,1,Regular / Growth Potential
14569,1,1,227.39,79,10,227.39,1,Regular / Growth Potential
14570,281,2,218.06,95,29,109.03,2,At-Risk / Low-Engagement
14572,3,7,2804.54,1420,190,400.6485714285714,0,High-Value / Champions
14573,180,9,1639.82,534,127,182.20222222222222,1,Regular / Growth Potential
14576,372,1,35.400000000000006,12,1,35.400000000000006,2,At-Risk / Low-Engagement
14577,13,4,859.71,353,86,214.9275,1,Regular / Growth Potential
14578,3,1,168.63,240,24,168.63,1,Regular / Growth Potential
14581,17,1,138.6,217,16,138.6,2,At-Risk / Low-Engagement
14582,41,1,114.11,73,6,114.11,2,At-Risk / Low-Engagement
14583,6,5,986.96,751,243,197.392,1,Regular / Growth Potential
14584,169,4,1033.06,381,68,258.265,1,Regular / Growth Potential
14585,50,1,157.05,91,29,157.05,2,At-Risk / Low-Engagement
14586,277,1,237.36,444,19,237.36,2,At-Risk / Low-Engagement
14587,19,9,1580.29,749,170,175.58777777777777,0,High-Value / Champions
14589,372,1,39.75,5,3,39.75,2,At-Risk / Low-Engagement
14591,15,4,1320.21,1228,138,330.0525,1,Regular / Growth Potential
14592,35,3,557.94,407,132,185.98000000000002,1,Regular / Growth Potential
14593,22,3,617.15,330,127,205.71666666666667,1,Regular / Growth Potential
14594,7,2,363.33,183,48,181.665,1,Regular / Growth Potential
14595,20,6,1740.6,978,94,290.09999999999997,1,Regular / Growth Potential
14597,11,2,866.24,566,45,433.12,1,Regular / Growth Potential
14598,44,1,221.97,189,49,221.97,2,At-Risk / Low-Engagement
14600,306,1,393.33000000000004,125,25,393.33000000000004,2,At-Risk / Low-Engagement
14601,11,1,213.96,168,7,213.96,1,Regular / Growth Potential
14603,275,1,660.0,400,2,660.0,2,At-Risk / Low-Engagement
14606,1,93,12076.15,6187,819,129.8510752688172,0,High-Value / Champions
14607,16,14,16209.5,11526,38,1157.8214285714287,0,High-Value / Champions
14608,4,4,1785.15,437,8,446.2875,0,High-Value / Champions
14609,72,4,601.56,7026,2,150.39,1,Regular / Growth Potential
14616,243,3,406.08000000000004,104,2,135.36,2,At-Risk / Low-Engagement
14618,9,3,553.44,264,10,184.48000000000002,1,Regular / Growth Potential
14619,246,1,394.44,152,20,394.44,2,At-Risk / Low-Engagement
14620,206,2,412.78000000000003,214,26,206.39000000000001,2,At-Risk / Low-Engagement
14621,1,5,1788.3600000000001,993,80,357.672,0,High-Value / Champions
14622,185,1,320.58000000000004,146,21,320.58000000000004,2,At-Risk / Low-Engagement
14623,32,5,886.7,418,108,177.34,1,Regular / Growth Potential
14624,57,2,225.85,162,13,112.925,2,At-Risk / Low-Engagement
14625,196,2,899.63,335,51,449.815,2,At-Risk / Low-Engagement
14626,24,4,2791.27,1403,108,697.8175,1,Regular / Growth Potential
14628,91,2,671.96,272,22,335.98,2,At-Risk / Low-Engagement
14629,4,2,955.26,378,133,477.63,1,Regular / Growth Potential
14631,51,3,1006.98,622,38,335.66,1,Regular / Growth Potential
14632,263,1,114.56,96,8,114.56,2,At-Risk / Low-Engagement
14633,266,1,344.90000000000003,96,20,344.90000000000003,2,At-Risk / Low-Engagement
14636,36,2,609.85,241,27,304.925,1,Regular / Growth Potential
14638,51,1,443.6,166,16,443.6,2,At-Risk / Low-Engagement
14639,52,6,2984.49,1431,138,497.41499999999996,1,Regular / Growth Potential
14640,24,6,2107.38,880,87,351.23,1,Regular / Growth Potential
14641,22,1,110.46,90,7,110.46,2,At-Risk / Low-Engagement
14642,59,1,96.12,76,2,96.12,2,At-Risk / Low-Engagement
14643,170,2,693.8100000000001,815,30,346.90500000000003,2,At-Risk / Low-Engagement
14644,68,2,830.76,258,26,415.38,1,Regular / Growth Potential
14645,157,2,597.09,381,28,298.545,2,At-Risk / Low-Engagement
14646,2,73,280206.02,196915,700,3838.4386301369864,0,High-Value / Champions
14647,201,1,236.04000000000002,91,24,236.04000000000002,2,At-Risk / Low-Engagement
14649,5,4,1402.59,1004,148,350.6475,1,Regular / Growth Potential
14651,67,2,653.75,343,95,326.875,1,Regular / Growth Potential
14652,77,1,114.18,53,29,114.18,2,At-Risk / Low-Engagement
14653,1,7,1926.65,945,154,275.2357142857143,0,High-Value / Champions
14655,8,4,1932.23,1089,35,483.0575,1,Regular / Growth Potential
14656,169,2,291.05,120,73,145.525,2,At-Risk / Low-Engagement
14657,18,4,848.22,466,103,212.055,1,Regular / Growth Potential
14658,5,2,247.15,47,27,123.575,1,Regular / Growth Potential
14659,9,9,2529.93,1195,147,281.1033333333333,0,High-Value / Champions
14660,87,2,285.74,228,24,142.87,2,At-Risk / Low-Engagement
14661,27,1,107.95,35,4,107.95,2,At-Risk / Low-Engagement
14662,29,4,741.37,578,143,185.3425,1,Regular / Growth Potential
14664,20,2,636.24,465,78,318.12,1,Regular / Growth Potential
14665,61,5,1835.7,740,63,367.14,1,Regular / Growth Potential
14666,24,1,195.25,161,14,195.25,2,At-Risk / Low-Engagement
14667,11,25,9175.04,5319,354,367.00160000000005,0,High-Value / Champions
14669,242,3,1259.24,770,158,419.74666666666667,2,At-Risk / Low-Engagement
14670,280,2,392.86,326,107,196.43,2,At-Risk / Low-Engagement
14672,235,2,765.55,454,58,382.775,2,At-Risk / Low-Engagement
14673,3,5,1736.4,1004,39,347.28000000000003,0,High-Value / Champions
14675,16,1,596.36,336,93,596.36,1,Regular / Growth Potential
14676,31,6,2548.2400000000002,2500,29,424.7066666666667,1,Regular / Growth Potential
14680,25,16,28754.11,13476,73,1797.131875,0,High-Value / Champions
14681,71,3,498.95,76,6,166.31666666666666,1,Regular / Growth Potential
14682,188,2,52.0,80,1,26.0,2,At-Risk / Low-Engagement
14684,26,5,1201.51,821,231,240.302,1,Regular / Growth Potential
14687,107,1,628.38,470,15,628.38,2,At-Risk / Low-Engagement
14688,8,21,5579.1,3584,148,265.6714285714286,0,High-Value / Champions
14689,209,1,112.8,76,13,112.8,2,At-Risk / Low-Engagement
14690,44,2,355.05,167,40,177.525,2,At-Risk / Low-Engagement
14691,31,5,2114.33,707,50,422.866,1,Regular / Growth Potential
14692,137,4,591.55,265,53,147.8875,1,Regular / Growth Potential
14693,265,1,172.9,34,8,172.9,2,At-Risk / Low-Engagement
14696,4,7,2078.95,1630,117,296.99285714285713,0,High-Value / Champions
14697,218,2,188.60999999999999,181,22,94.30499999999999,2,At-Risk / Low-Engagement
14698,2,5,1217.27,602,148,243.454,0,High-Value / Champions
14699,214,1,109.13000000000001,77,8,109.13000000000001,2,At-Risk / Low-Engagement
14700,32,3,2195.1,1314,80,731.6999999999999,1,Regular / Growth Potential
14701,11,9,2526.09,921,268,280.6766666666667,0,High-Value / Champions
14702,1,17,3251.79,1439,196,191.28176470588235,0,High-Value / Champions
14703,15,1,318.17,183,22,318.17,1,Regular / Growth Potential
14704,11,9,1493.96,1043,288,165.99555555555557,0,High-Value / Champions
14705,199,1,179.0,100,1,179.0,2,At-Risk / Low-Engagement
14708,3,3,1126.37,621,25,375.45666666666665,1,Regular / Growth Potential
14709,15,13,4921.04,2484,71,378.54153846153844,0,High-Value / Champions
14710,14,4,599.48,375,124,149.87,1,Regular / Growth Potential
14711,10,11,2839.62,966,221,258.1472727272727,0,High-Value / Champions
14712,29,3,917.07,315,21,305.69,1,Regular / Growth Potential
14713,9,11,2662.2,1613,146,242.0181818181818,0,High-Value / Champions
14714,24,1,160.19,229,10,160.19,2,At-Risk / Low-Engagement
14715,25,4,867.38,521,60,216.845,1,Regular / Growth Potential
14716,43,2,307.51,495,46,153.755,2,At-Risk / Low-Engagement
14719,2,5,1581.84,1025,177,316.368,0,High-Value / Champions
14720,6,3,663.81,219,34,221.26999999999998,1,Regular / Growth Potential
14722,147,1,180.42000000000002,118,28,180.42000000000002,2,At-Risk / Low-Engagement
14723,10,6,1122.3600000000001,673,193,187.06000000000003,1,Regular / Growth Potential
14725,25,1,655.58,588,45,655.58,1,Regular / Growth Potential
14727,274,1,268.58,62,10,268.58,2,At-Risk / Low-Engagement
14729,374,1,313.49,197,69,313.49,2,At-Risk / Low-Engagement
14730,1,8,1897.57,1078,317,237.19625,0,High-Value / Champions
14731,47,3,380.02,256,38,126.67333333333333,1,Regular / Growth Potential
14732,8,8,2702.4900000000002,1405,105,337.81125000000003,0,High-Value / Champions
14733,16,12,9585.91,3764,102,798.8258333333333,0,High-Value / Champions
14735,4,32,6065.69,2264,99,189.5528125,0,High-Value / Champions
14737,4,3,1164.55,345,15,388.18333333333334,1,Regular / Growth Potential
14738,43,7,1314.45,601,39,187.77857142857144,1,Regular / Growth Potential
14739,4,7,3902.28,3820,47,557.4685714285714,0,High-Value / Champions
14740,197,3,1448.21,735,85,482.7366666666667,1,Regular / Growth Potential
14741,12,6,1400.34,841,35,233.39,1,Regular / Growth Potential
14744,16,7,1099.98,627,21,157.14000000000001,1,Regular / Growth Potential
14745,113,5,1220.26,1038,46,244.052,1,Regular / Growth Potential
14747,249,1,328.2,84,18,328.2,2,At-Risk / Low-Engagement
14748,29,5,1415.75,1223,87,283.15,1,Regular / Growth Potential
14752,44,1,389.64,260,5,389.64,2,At-Risk / Low-Engagement
14753,87,1,563.15,211,30,563.15,2,At-Risk / Low-Engagement
14754,45,2,638.05,486,38,319.025,1,Regular / Growth Potential
14755,10,11,5010.28,2219,128,455.47999999999996,0,High-Value / Champions
14756,15,1,738.96,416,38,738.96,1,Regular / Growth Potential
14757,75,1,420.5,160,19,420.5,2,At-Risk / Low-Engagement
14758,145,4,1484.06,419,54,371.015,1,Regular / Growth Potential
14759,5,3,1625.97,569,92,541.99,1,Regular / Growth Potential
14760,297,1,89.2,40,5,89.2,2,At-Risk / Low-Engagement
14761,59,2,255.9,118,11,127.95,2,At-Risk / Low-Engagement
14762,264,1,300.52,341,21,300.52,2,At-Risk / Low-Engagement
14764,47,1,278.3,190,6,278.3,2,At-Risk / Low-Engagement
14765,29,3,254.11,135,38,84.70333333333333,1,Regular / Growth Potential
14766,8,6,2473.37,1349,111,412.2283333333333,0,High-Value / Champions
14768,17,2,192.60000000000002,52,4,96.30000000000001,1,Regular / Growth Potential
14769,3,8,10416.98,7239,718,1302.1225,0,High-Value / Champions
14770,232,2,876.42,490,49,438.21,2,At-Risk / Low-Engagement
14772,112,1,139.26,82,9,139.26,2,At-Risk / Low-Engagement
14775,58,3,1011.9,1174,57,337.3,1,Regular / Growth Potential
14776,51,11,2538.3,3134,44,230.75454545454548,0,High-Value / Champions
14778,127,2,730.86,306,34,365.43,2,At-Risk / Low-Engagement
14779,281,3,386.15,84,40,128.71666666666667,2,At-Risk / Low-Engagement
14780,55,2,447.68,310,26,223.84,2,At-Risk / Low-Engagement
14782,320,1,200.10000000000002,114,6,200.10000000000002,2,At-Risk / Low-Engagement
14784,26,2,289.99,237,15,144.995,1,Regular / Growth Potential
14785,10,2,77.4,84,2,38.7,2,At-Risk / Low-Engagement
14788,7,2,679.4399999999999,421,26,339.71999999999997,1,Regular / Growth Potential
14789,29,1,197.64,116,6,197.64,2,At-Risk / Low-Engagement
14790,17,4,745.06,699,30,186.265,1,Regular / Growth Potential
14792,64,1,6.2,2,2,6.2,2,At-Risk / Low-Engagement
14793,21,1,228.99,91,14,228.99,2,At-Risk / Low-Engagement
14794,3,7,1319.91,673,68,188.55857142857144,0,High-Value / Champions
14795,166,1,131.45000000000002,17,6,131.45000000000002,2,At-Risk / Low-Engagement
14796,1,17,7975.49,5995,403,469.1464705882353,0,High-Value / Champions
14798,53,3,173.74,150,11,57.913333333333334,2,At-Risk / Low-Engagement
14799,51,1,157.7,146,13,157.7,2,At-Risk / Low-Engagement
14800,48,12,4331.79,3644,246,360.9825,0,High-Value / Champions
14801,61,1,189.34,173,56,189.34,2,At-Risk / Low-Engagement
14803,162,3,845.55,370,35,281.84999999999997,2,At-Risk / Low-Engagement
14804,9,1,353.27,121,12,353.27,1,Regular / Growth Potential
14805,15,4,546.4,114,30,136.6,1,Regular / Growth Potential
14806,75,1,193.39000000000001,330,11,193.39000000000001,2,At-Risk / Low-Engagement
14808,40,8,2718.6,2120,176,339.825,0,High-Value / Champions
14810,41,11,2085.33,1015,106,189.57545454545453,0,High-Value / Champions
14813,370,2,152.88,66,25,76.44,2,At-Risk / Low-Engagement
14815,37,2,778.5,744,53,389.25,1,Regular / Growth Potential
14816,197,1,271.85,5,4,271.85,2,At-Risk / Low-Engagement
14817,200,2,1110.34,655,52,555.17,2,At-Risk / Low-Engagement
14818,74,3,657.8,324,41,219.26666666666665,1,Regular / Growth Potential
14819,64,2,272.07,109,13,136.035,2,At-Risk / Low-Engagement
14820,21,4,507.29,253,24,126.8225,1,Regular / Growth Potential
14821,367,1,48.800000000000004,20,2,48.800000000000004,2,At-Risk / Low-Engagement
14823,180,3,321.43,88,56,107.14333333333333,2,At-Risk / Low-Engagement
14824,10,4,1127.71,525,19,281.9275,1,Regular / Growth Potential
14825,4,12,2221.01,989,82,185.08416666666668,0,High-Value / Champions
14828,197,3,2139.76,2172,17,713.2533333333334,1,Regular / Growth Potential
14829,29,4,697.55,452,39,174.3875,1,Regular / Growth Potential
14830,53,1,188.88,164,39,188.88,2,At-Risk / Low-Engagement
14834,18,6,1720.3,734,43,286.71666666666664,1,Regular / Growth Potential
14836,10,3,102.44999999999999,45,5,34.15,1,Regular / Growth Potential
14837,90,4,1649.5,1436,96,412.375,1,Regular / Growth Potential
14840,268,1,62.85,31,4,62.85,2,At-Risk / Low-Engagement
14841,53,6,3295.76,1778,103,549.2933333333334,1,Regular / Growth Potential
14842,44,4,2824.69,1166,128,706.1725,1,Regular / Growth Potential
14844,64,4,3189.81,1833,87,797.4525,1,Regular / Growth Potential
14847,149,1,309.4,120,13,309.4,2,At-Risk / Low-Engagement
14849,22,25,7930.54,5694,159,317.2216,0,High-Value / Champions
14850,312,1,325.75,293,21,325.75,2,At-Risk / Low-Engagement
14851,23,2,511.35,325,28,255.675,1,Regular / Growth Potential
14852,58,6,2836.69,1747,96,472.7816666666667,1,Regular / Growth Potential
14853,24,2,475.8,82,8,237.9,1,Regular / Growth Potential
14854,78,7,2740.03,1820,110,391.4328571428572,1,Regular / Growth Potential
14855,119,2,645.65,267,13,322.825,2,At-Risk / Low-Engagement
14856,36,3,1290.53,711,65,430.1766666666667,1,Regular / Growth Potential
14857,60,2,1173.12,464,58,586.56,1,Regular / Growth Potential
14859,13,4,1353.74,671,47,338.435,1,Regular / Growth Potential
14860,19,1,170.32,232,11,170.32,2,At-Risk / Low-Engagement
14861,52,1,125.79,117,6,125.79,2,At-Risk / Low-Engagement
14862,26,2,841.1999999999999,772,47,420.59999999999997,1,Regular / Growth Potential
14863,29,1,266.76,132,11,266.76,2,At-Risk / Low-Engagement
14865,7,2,52.2,108,4,26.1,2,At-Risk / Low-Engagement
14866,11,12,14389.9,6752,30,1199.1583333333333,0,High-Value / Champions
14867,186,3,710.28,328,31,236.76,2,At-Risk / Low-Engagement
14868,3,8,2953.59,1405,96,369.19875,0,High-Value / Champions
14869,9,2,721.45,549,66,360.725,1,Regular / Growth Potential
14870,262,1,327.25,119,13,327.25,2,At-Risk / Low-Engagement
14871,3,4,501.28000000000003,179,68,125.32000000000001,1,Regular / Growth Potential
14873,210,1,519.68,168,28,519.68,2,At-Risk / Low-Engagement
14875,108,2,1465.3200000000002,558,46,732.6600000000001,1,Regular / Growth Potential
14878,13,9,1476.09,799,62,164.01,0,High-Value / Champions
14880,77,3,690.59,365,45,230.1966666666667,1,Regular / Growth Potential
14881,20,1,255.4,316,17,255.4,2,At-Risk / Low-Engagement
14882,27,2,589.7,158,6,294.85,1,Regular / Growth Potential
14883,19,6,761.59,790,39,126.93166666666667,1,Regular / Growth Potential
14885,132,1,765.3199999999999,724,15,765.3199999999999,2,At-Risk / Low-Engagement
14886,253,1,364.8,160,18,364.8,2,At-Risk / Low-Engagement
14887,79,1,1862.0,1100,6,1862.0,1,Regular / Growth Potential
14888,207,1,369.2,184,20,369.2,2,At-Risk / Low-Engagement
14889,336,1,135.9,90,10,135.9,2,At-Risk / Low-Engagement
14890,254,1,125.65,51,7,125.65,2,At-Risk / Low-Engagement
14891,148,2,554.38,505,30,277.19,2,At-Risk / Low-Engagement
14893,10,2,1237.8500000000001,799,72,618.9250000000001,1,Regular / Growth Potential
14894,85,1,655.75,265,23,655.75,2,At-Risk / Low-Engagement
14895,8,20,11138.710000000001,4851,273,556.9355,0,High-Value / Champions
14896,205,2,468.77000000000004,279,43,234.38500000000002,2,At-Risk / Low-Engagement
14897,8,4,1366.38,468,43,341.595,1,Regular / Growth Potential
14898,23,6,1269.31,1001,86,211.55166666666665,1,Regular / Growth Potential
14901,11,9,1421.29,661,73,157.92111111111112,0,High-Value / Champions
14902,26,1,332.66,218,20,332.66,2,At-Risk / Low-Engagement
14903,21,5,2795.33,1531,227,559.066,1,Regular / Growth Potential
14904,2,2,1025.44,1985,66,512.72,1,Regular / Growth Potential
14905,158,2,616.15,287,14,308.075,2,At-Risk / Low-Engagement
14907,3,7,3501.1,1691,125,500.15714285714284,0,High-Value / Champions
14908,74,1,277.8,132,9,277.8,2,At-Risk / Low-Engagement
14910,3,4,434.35,238,25,108.5875,1,Regular / Growth Potential
14911,1,201,143711.17,80240,1787,714.980945273632,0,High-Value / Champions
14912,17,2,867.85,971,21,433.925,1,Regular / Growth Potential
14913,36,4,1227.43,1743,76,306.8575,1,Regular / Growth Potential
14915,91,2,307.48,112,12,153.74,2,At-Risk / Low-Engagement
14916,71,4,1268.98,1136,72,317.245,1,Regular / Growth Potential
14918,116,2,1610.15,675,39,805.075,1,Regular / Growth Potential
14920,213,2,977.77,509,57,488.885,2,At-Risk / Low-Engagement
14921,30,2,1316.07,953,78,658.035,1,Regular / Growth Potential
14923,51,1,749.1,418,44,749.1,2,At-Risk / Low-Engagement
14924,246,1,310.05,64,10,310.05,2,At-Risk / Low-Engagement
14929,32,1,223.88,136,11,223.88,2,At-Risk / Low-Engagement
14930,109,3,2362.96,1160,116,787.6533333333333,1,Regular / Growth Potential
14931,5,5,1257.68,417,30,251.536,1,Regular / Growth Potential
14932,366,1,363.53,80,17,363.53,2,At-Risk / Low-Engagement
14934,82,2,1890.94,1042,68,945.47,1,Regular / Growth Potential
14935,297,1,1784.71,935,10,1784.71,2,At-Risk / Low-Engagement
14936,34,8,8137.02,4085,210,1017.1275,0,High-Value / Champions
14937,57,3,1621.88,484,33,540.6266666666667,1,Regular / Growth Potential
14944,30,12,5900.25,2815,101,491.6875,0,High-Value / Champions
14946,14,1,100.9,22,3,100.9,2,At-Risk / Low-Engagement
14947,72,2,290.82,179,14,145.41,2,At-Risk / Low-Engagement
14948,23,6,1101.97,673,56,183.66166666666666,1,Regular / Growth Potential
14950,19,1,371.2,136,19,371.2,1,Regular / Growth Potential
14951,79,1,311.69,311,20,311.69,2,At-Risk / Low-Engagement
14952,60,11,8099.49,3355,117,736.3172727272727,0,High-Value / Champions
14953,25,1,285.67,224,54,285.67,2,At-Risk / Low-Engagement
14954,12,1,294.85,117,75,294.85,1,Regular / Growth Potential
14957,253,1,58.49,34,12,58.49,2,At-Risk / Low-Engagement
14958,147,3,483.72999999999996,128,33,161.2433333333333,2,At-Risk / Low-Engagement
14959,64,4,695.42,494,37,173.855,1,Regular / Growth Potential
14960,8,2,221.27,221,23,110.635,1,Regular / Growth Potential
14961,11,9,7044.68,3708,193,782.7422222222223,0,High-Value / Champions
14962,271,1,126.7,44,5,126.7,2,At-Risk / Low-Engagement
14963,10,5,1472.34,1159,149,294.46799999999996,1,Regular / Growth Potential
14964,247,1,206.21,143,13,206.21,2,At-Risk / Low-Engagement
14965,96,2,596.09,363,80,298.045,2,At-Risk / Low-Engagement
14966,15,1,183.02,179,35,183.02,2,At-Risk / Low-Engagement
14967,50,1,463.8,140,6,463.8,2,At-Risk / Low-Engagement
14968,30,1,147.59,127,37,147.59,2,At-Risk / Low-Engagement
14970,68,4,1592.06,250,24,398.015,1,Regular / Growth Potential
14971,35,3,1097.98,639,144,365.99333333333334,1,Regular / Growth Potential
14972,128,1,114.77,28,18,114.77,2,At-Risk / Low-Engagement
14973,107,3,1314.45,369,29,438.15000000000003,1,Regular / Growth Potential
14974,37,1,89.94,37,17,89.94,2,At-Risk / Low-Engagement
14975,57,1,279.94,380,11,279.94,2,At-Risk / Low-Engagement
14976,57,7,790.86,234,47,112.98,1,Regular / Growth Potential
14978,72,5,1921.3700000000001,523,136,384.274,1,Regular / Growth Potential
14981,246,1,102.12,97,8,102.12,2,At-Risk / Low-Engagement
14984,19,2,202.37,58,37,101.185,1,Regular / Growth Potential
14985,198,2,292.01,256,78,146.005,2,At-Risk / Low-Engagement
14987,16,2,326.4,128,2,163.2,1,Regular / Growth Potential
14988,212,1,334.54,141,40,334.54,2,At-Risk / Low-Engagement
14995,39,2,231.98000000000002,102,53,115.99000000000001,2,At-Risk / Low-Engagement
14997,46,3,546.1999999999999,1120,25,182.06666666666663,1,Regular / Growth Potential
14998,170,2,414.87,258,70,207.435,2,At-Risk / Low-Engagement
15000,48,1,490.52,218,76,490.52,2,At-Risk / Low-Engagement
15002,116,4,1641.76,862,93,410.44,1,Regular / Growth Potential
15004,147,1,1220.77,623,154,1220.77,2,At-Risk / Low-Engagement
15005,16,28,6295.37,4230,360,224.83464285714285,0,High-Value / Champions
15006,51,1,480.38,286,121,480.38,2,At-Risk / Low-Engagement
15007,159,1,156.91,69,12,156.91,2,At-Risk / Low-Engagement
15009,12,3,1259.43,639,148,419.81,1,Regular / Growth Potential
15010,36,1,308.94,184,20,308.94,2,At-Risk / Low-Engagement
15012,54,2,405.04,225,110,202.52,2,At-Risk / Low-Engagement
15014,43,2,257.67,149,29,128.835,2,At-Risk / Low-Engagement
15016,173,1,170.04,76,20,170.04,2,At-Risk / Low-Engagement
15017,34,1,125.58,63,20,125.58,2,At-Risk / Low-Engagement
15018,39,3,496.21000000000004,189,30,165.40333333333334,1,Regular / Growth Potential
15019,267,1,252.81,150,64,252.81,2,At-Risk / Low-Engagement
15021,9,9,1871.77,819,287,207.97444444444443,0,High-Value / Champions
15022,12,4,852.39,527,96,213.0975,1,Regular / Growth Potential
15023,3,11,6720.41,2827,347,610.9463636363636,0,High-Value / Champions
15024,10,10,1636.43,902,105,163.643,0,High-Value / Champions
15025,33,1,361.96,184,66,361.96,2,At-Risk / Low-Engagement
15026,80,3,469.0,285,57,156.33333333333334,1,Regular / Growth Potential
15027,31,4,1066.1499999999999,565,30,266.53749999999997,1,Regular / Growth Potential
15028,8,4,627.13,459,35,156.7825,1,Regular / Growth Potential
15030,72,2,518.28,372,7,259.14,2,At-Risk / Low-Engagement
15031,4,4,653.19,400,74,163.2975,1,Regular / Growth Potential
15032,256,3,4959.1,2968,29,1653.0333333333335,1,Regular / Growth Potential
15033,5,10,2557.18,1672,315,255.718,0,High-Value / Champions
15034,16,8,4274.16,2413,299,534.27,0,High-Value / Champions
15035,90,1,252.73000000000002,245,26,252.73000000000002,2,At-Risk / Low-Engagement
15036,72,3,429.56,316,107,143.18666666666667,1,Regular / Growth Potential
15038,59,6,685.74,212,105,114.29,1,Regular / Growth Potential
15039,10,47,19766.59,9131,408,420.5657446808511,0,High-Value / Champions
15041,170,1,179.93,103,66,179.93,2,At-Risk / Low-Engagement
15042,199,1,135.93,30,5,135.93,2,At-Risk / Low-Engagement
15043,31,1,537.0,300,3,537.0,1,Regular / Growth Potential
15044,19,17,7634.7300000000005,2785,233,449.1017647058824,0,High-Value / Champions
15045,152,2,735.66,114,11,367.83,2,At-Risk / Low-Engagement
15046,9,15,5090.42,3372,147,339.36133333333333,0,High-Value / Champions
15047,270,1,343.62,222,22,343.62,2,At-Risk / Low-Engagement
15048,65,4,381.0,192,86,95.25,1,Regular / Growth Potential
15049,274,1,121.17000000000002,63,3,121.17000000000002,2,At-Risk / Low-Engagement
15050,25,3,1737.69,1216,68,579.23,1,Regular / Growth Potential
15051,23,3,1383.3600000000001,1010,130,461.12000000000006,1,Regular / Growth Potential
15052,319,1,207.73000000000002,79,27,207.73000000000002,2,At-Risk / Low-Engagement
15053,5,3,693.95,984,49,231.3166666666667,1,Regular / Growth Potential
15054,12,2,302.1,198,105,151.05,1,Regular / Growth Potential
15057,275,2,1489.5,668,25,744.75,2,At-Risk / Low-Engagement
15058,25,11,2102.54,1054,199,191.14,0,High-Value / Champions
15059,41,9,1337.72,604,161,148.63555555555556,0,High-Value / Champions
15060,8,4,294.25,257,81,73.5625,1,Regular / Growth Potential
15061,4,48,54534.14,28920,70,1136.1279166666666,0,High-Value / Champions
15062,71,4,987.86,763,47,246.965,1,Regular / Growth Potential
15063,213,1,370.79999999999995,56,5,370.79999999999995,2,At-Risk / Low-Engagement
15065,38,4,3158.13,1383,148,789.5325,1,Regular / Growth Potential
15066,53,1,893.59,317,42,893.59,1,Regular / Growth Potential
15067,78,3,1744.76,954,82,581.5866666666667,1,Regular / Growth Potential
15068,46,2,553.36,364,96,276.68,1,Regular / Growth Potential
15069,179,1,1109.53,520,70,1109.53,2,At-Risk / Low-Engagement
15070,373,1,106.2,36,1,106.2,2,At-Risk / Low-Engagement
15071,94,2,982.07,269,25,491.035,1,Regular / Growth Potential
15073,10,3,1043.41,491,31,347.80333333333334,1,Regular / Growth Potential
15074,105,1,735.67,431,41,735.67,2,At-Risk / Low-Engagement
15075,78,1,773.03,447,27,773.03,2,At-Risk / Low-Engagement
15076,173,1,880.85,571,49,880.85,2,At-Risk / Low-Engagement
15078,7,32,9743.11,5105,97,304.4721875,0,High-Value / Champions
15079,213,4,895.61,389,46,223.9025,1,Regular / Growth Potential
15081,22,5,504.8,190,26,100.96000000000001,1,Regular / Growth Potential
15083,257,1,88.2,38,5,88.2,2,At-Risk / Low-Engagement
15087,282,1,306.94,470,15,306.94,2,At-Risk / Low-Engagement
15088,21,2,1160.07,460,53,580.035,1,Regular / Growth Potential
15089,10,6,2420.84,1359,139,403.47333333333336,0,High-Value / Champions
15090,308,1,381.32,208,23,381.32,2,At-Risk / Low-Engagement
15091,68,1,480.71,346,30,480.71,2,At-Risk / Low-Engagement
15092,215,2,457.81,135,23,228.905,2,At-Risk / Low-Engagement
15093,18,6,4597.02,3760,52,766.1700000000001,0,High-Value / Champions
15095,104,4,1370.6,1079,30,342.65,1,Regular / Growth Potential
15096,43,1,219.39000000000001,120,11,219.39000000000001,2,At-Risk / Low-Engagement
15097,4,1,248.08,170,25,248.08,1,Regular / Growth Potential
15098,182,3,39916.5,121,1,13305.5,0,High-Value / Champions
15099,84,1,410.48,343,23,410.48,2,At-Risk / Low-Engagement
15100,334,3,876.0,80,1,292.0,2,At-Risk / Low-Engagement
15101,9,2,317.53,241,8,158.765,1,Regular / Growth Potential
15103,31,2,703.36,329,35,351.68,1,Regular / Growth Potential
15104,197,2,993.54,635,66,496.77,2,At-Risk / Low-Engagement
15105,18,7,2298.93,1211,90,328.4185714285714,0,High-Value / Champions
15106,18,5,1422.52,1181,90,284.504,1,Regular / Growth Potential
15107,311,6,319.5,169,12,53.25,2,At-Risk / Low-Engagement
15108,142,4,1300.25,499,50,325.0625,1,Regular / Growth Potential
15109,246,1,484.95,131,28,484.95,2,At-Risk / Low-Engagement
15110,24,4,996.1,246,17,249.025,1,Regular / Growth Potential
15111,29,3,1567.48,710,70,522.4933333333333,1,Regular / Growth Potential
15113,10,3,3509.43,2344,77,1169.81,1,Regular / Growth Potential
15114,30,10,2760.56,3096,136,276.056,0,High-Value / Champions
15115,18,1,340.11,157,21,340.11,1,Regular / Growth Potential
15116,18,4,1352.75,648,37,338.1875,1,Regular / Growth Potential
15117,15,5,1551.78,1948,63,310.356,1,Regular / Growth Potential
15118,134,1,244.8,1440,1,244.8,2,At-Risk / Low-Engagement
15119,246,1,266.4,88,14,266.4,2,At-Risk / Low-Engagement
15120,134,1,358.82,296,21,358.82,2,At-Risk / Low-Engagement
15121,50,2,457.72,199,28,228.86,1,Regular / Growth Potential
15122,114,3,1633.78,800,65,544.5933333333334,1,Regular / Growth Potential
15123,7,2,2199.31,1195,93,1099.655,1,Regular / Growth Potential
15124,23,2,184.19,233,14,92.095,2,At-Risk / Low-Engagement
15125,25,15,11528.48,6193,102,768.5653333333333,0,High-Value / Champions
15127,66,1,406.53,251,16,406.53,2,At-Risk / Low-Engagement
15128,60,4,1471.0,1343,74,367.75,1,Regular / Growth Potential
15129,50,11,3447.4,1794,54,313.40000000000003,0,High-Value / Champions
15130,170,1,330.11,197,22,330.11,2,At-Risk / Low-Engagement
15132,18,5,977.9300000000001,679,49,195.586,1,Regular / Growth Potential
15133,128,3,982.42,680,27,327.4733333333333,1,Regular / Growth Potential
15134,15,8,1387.99,887,44,173.49875,0,High-Value / Champions
15135,239,1,139.05,43,9,139.05,2,At-Risk / Low-Engagement
15136,3,4,1286.7,776,61,321.675,1,Regular / Growth Potential
15139,240,2,178.96,208,13,89.48,2,At-Risk / Low-Engagement
15140,52,7,2354.25,1572,74,336.32142857142856,1,Regular / Growth Potential
15142,46,1,498.74,365,26,498.74,2,At-Risk / Low-Engagement
15143,226,1,259.45,150,14,259.45,2,At-Risk / Low-Engagement
15144,8,17,6580.44,3050,132,387.0847058823529,0,High-Value / Champions
15145,4,4,1194.73,756,54,298.6825,1,Regular / Growth Potential
15146,165,2,1327.16,1473,90,663.58,2,At-Risk / Low-Engagement
15147,240,1,623.5,366,28,623.5,2,At-Risk / Low-Engagement
15148,11,1,301.29,187,20,301.29,1,Regular / Growth Potential
15149,134,1,520.8000000000001,128,23,520.8000000000001,2,At-Risk / Low-Engagement
15150,17,10,5291.33,3642,282,529.133,0,High-Value / Champions
15152,10,13,4745.69,2704,196,365.0530769230769,0,High-Value / Champions
15153,31,1,329.25,198,22,329.25,2,At-Risk / Low-Engagement
15154,75,1,254.28,89,66,254.28,2,At-Risk / Low-Engagement
15156,1,3,961.49,597,51,320.49666666666667,1,Regular / Growth Potential
15157,4,3,1936.07,2392,125,645.3566666666667,1,Regular / Growth Potential
15158,45,1,401.40000000000003,198,7,401.40000000000003,2,At-Risk / Low-Engagement
15159,2,30,18641.010000000002,11441,363,621.3670000000001,0,High-Value / Champions
15160,357,1,158.16,84,4,158.16,2,At-Risk / Low-Engagement
15163,18,2,304.47,186,29,152.235,1,Regular / Growth Potential
15164,69,3,824.58,351,79,274.86,1,Regular / Growth Potential
15165,373,1,487.75,160,27,487.75,2,At-Risk / Low-Engagement
15167,321,1,158.8,65,39,158.8,2,At-Risk / Low-Engagement
15168,26,1,106.56,52,5,106.56,2,At-Risk / Low-Engagement
15171,331,1,1289.5,290,5,1289.5,2,At-Risk / Low-Engagement
15172,9,5,1624.05,1611,106,324.81,1,Regular / Growth Potential
15174,323,1,135.75,145,11,135.75,2,At-Risk / Low-Engagement
15175,72,1,224.14,454,23,224.14,2,At-Risk / Low-Engagement
15178,260,1,40.5,30,3,40.5,2,At-Risk / Low-Engagement
15179,18,5,2206.95,1938,91,441.39,1,Regular / Growth Potential
15180,367,1,87.5,36,6,87.5,2,At-Risk / Low-Engagement
15181,66,3,689.4799999999999,544,11,229.82666666666663,1,Regular / Growth Potential
15182,154,2,622.85,253,24,311.425,2,At-Risk / Low-Engagement
15184,29,2,402.2,199,59,201.1,1,Regular / Growth Potential
15185,70,1,310.62,666,21,310.62,2,At-Risk / Low-Engagement
15186,14,2,411.41,215,17,205.705,1,Regular / Growth Potential
15187,2,16,4777.18,1887,61,298.57375,0,High-Value / Champions
15189,1,41,16225.39,6149,80,395.74121951219513,0,High-Value / Champions
15192,120,3,1044.32,918,36,348.1066666666666,1,Regular / Growth Potential
15193,61,1,499.32,144,19,499.32,2,At-Risk / Low-Engagement
15194,3,15,7616.53,5703,209,507.76866666666666,0,High-Value / Champions
15195,3,1,3861.0,1404,1,3861.0,1,Regular / Growth Potential
15197,11,3,1079.6100000000001,469,30,359.87000000000006,1,Regular / Growth Potential
15198,92,2,193.64,120,10,96.82,2,At-Risk / Low-Engagement
15199,59,4,1268.7,396,5,317.175,1,Regular / Growth Potential
15201,87,5,1236.54,1210,35,247.308,1,Regular / Growth Potential
15203,26,6,1827.8,1753,82,304.6333333333333,1,Regular / Growth Potential
15204,357,1,316.58,258,9,316.58,2,At-Risk / Low-Engagement
15205,85,2,653.24,378,37,326.62,2,At-Risk / Low-Engagement
15206,10,4,420.29999999999995,162,3,105.07499999999999,1,Regular / Growth Potential
15208,1,5,870.12,316,25,174.024,0,High-Value / Champions
15210,225,1,331.18,228,20,331.18,2,At-Risk / Low-Engagement
15211,60,2,894.4100000000001,240,52,447.20500000000004,1,Regular / Growth Potential
15212,241,1,101.8,36,5,101.8,2,At-Risk / Low-Engagement
15213,319,2,328.35,272,22,164.175,2,At-Risk / Low-Engagement
15214,2,8,1661.44,1254,109,207.68,0,High-Value / Champions
15215,47,3,734.94,225,33,244.98000000000002,1,Regular / Growth Potential
15216,88,1,96.6,28,2,96.6,2,At-Risk / Low-Engagement
15218,11,11,5756.89,3329,77,523.3536363636364,0,High-Value / Champions
15219,176,1,305.75,45,9,305.75,2,At-Risk / Low-Engagement
15220,52,6,1778.96,1393,110,296.49333333333334,1,Regular / Growth Potential
15221,366,1,403.25,43,5,403.25,2,At-Risk / Low-Engagement
15222,319,1,585.0,440,5,585.0,2,At-Risk / Low-Engagement
15223,226,2,755.75,213,14,377.875,2,At-Risk / Low-Engagement
15224,358,2,322.08,152,13,161.04,2,At-Risk / Low-Engagement
15225,234,1,409.40000000000003,226,23,409.40000000000003,2,At-Risk / Low-Engagement
15226,311,1,154.41,71,8,154.41,2,At-Risk / Low-Engagement
15227,37,5,1219.4,750,43,243.88000000000002,1,Regular / Growth Potential
15228,66,4,3386.71,2255,110,846.6775,1,Regular / Growth Potential
15230,239,2,429.6,351,23,214.8,2,At-Risk / Low-Engagement
15232,113,2,612.06,686,26,306.03,2,At-Risk / Low-Engagement
15234,277,1,197.0,196,14,197.0,2,At-Risk / Low-Engagement
15235,218,12,2247.51,1324,132,187.29250000000002,0,High-Value / Champions
15236,299,1,321.05,269,15,321.05,2,At-Risk / Low-Engagement
15237,2,4,1412.32,1071,94,353.08,0,High-Value / Champions
15238,29,3,1071.99,692,49,357.33,1,Regular / Growth Potential
15239,10,2,780.59,594,48,390.295,1,Regular / Growth Potential
15240,45,5,1706.57,1369,58,341.31399999999996,1,Regular / Growth Potential
15241,67,8,1756.44,1818,82,219.555,1,Regular / Growth Potential
15243,74,1,316.68,185,22,316.68,2,At-Risk / Low-Engagement
15244,65,2,631.57,405,31,315.785,1,Regular / Growth Potential
15245,134,3,2515.84,1784,55,838.6133333333333,1,Regular / Growth Potential
15246,238,2,514.15,247,32,257.075,2,At-Risk / Low-Engagement
15247,122,1,356.0,160,6,356.0,2,At-Risk / Low-Engagement
15249,32,13,6688.46,3577,211,514.496923076923,0,High-Value / Champions
15251,9,11,10484.99,6171,97,953.180909090909,0,High-Value / Champions
15252,36,2,740.78,522,44,370.39,1,Regular / Growth Potential
15253,16,5,918.1999999999999,866,52,183.64,1,Regular / Growth Potential
15254,127,1,300.36,275,18,300.36,2,At-Risk / Low-Engagement
15255,67,1,890.85,489,47,890.85,2,At-Risk / Low-Engagement
15256,149,1,98.45,55,6,98.45,2,At-Risk / Low-Engagement
15257,283,1,317.15,46,7,317.15,2,At-Risk / Low-Engagement
15258,169,2,623.16,142,32,311.58,2,At-Risk / Low-Engagement
15260,100,7,1810.77,885,62,258.68142857142857,1,Regular / Growth Potential
15261,135,1,254.82,270,19,254.82,2,At-Risk / Low-Engagement
15262,324,1,178.95000000000002,73,10,178.95000000000002,2,At-Risk / Low-Engagement
15263,107,1,156.51,89,12,156.51,2,At-Risk / Low-Engagement
15264,64,1,393.74,265,23,393.74,2,At-Risk / Low-Engagement
15265,151,2,1506.1200000000001,612,76,753.0600000000001,1,Regular / Growth Potential
15266,338,1,119.3,18,6,119.3,2,At-Risk / Low-Engagement
15267,22,5,1717.36,944,8,343.472,1,Regular / Growth Potential
15269,24,1,408.8,26,2,408.8,1,Regular / Growth Potential
15270,16,7,2379.49,1521,22,339.9271428571428,0,High-Value / Champions
15271,7,15,2493.34,1251,184,166.22266666666667,0,High-Value / Champions
15272,57,2,721.94,310,63,360.97,1,Regular / Growth Potential
15274,4,2,716.57,619,44,358.285,1,Regular / Growth Potential
15275,38,1,615.14,498,41,615.14,1,Regular / Growth Potential
15276,66,1,128.63,61,49,128.63,2,At-Risk / Low-Engagement
15277,47,1,255.89999999999998,205,12,255.89999999999998,2,At-Risk / Low-Engagement
15279,355,1,290.51,189,19,290.51,2,At-Risk / Low-Engagement
15280,172,1,113.12,154,16,113.12,2,At-Risk / Low-Engagement
15281,59,9,2332.15,1211,121,259.1277777777778,0,High-Value / Champions
15286,50,1,240.55,55,3,240.55,2,At-Risk / Low-Engagement
15287,22,2,486.69,433,17,243.345,1,Regular / Growth Potential
15288,43,5,2306.52,775,80,461.304,1,Regular / Growth Potential
15289,29,3,939.78,1008,43,313.26,1,Regular / Growth Potential
15290,5,18,7943.22,4501,93,441.29,0,High-Value / Champions
15291,26,15,4668.3,2103,62,311.22,0,High-Value / Champions
15292,201,1,178.39,55,24,178.39,2,At-Risk / Low-Engagement
15296,51,6,3672.86,1766,137,612.1433333333333,0,High-Value / Champions
15297,10,3,641.94,292,30,213.98000000000002,1,Regular / Growth Potential
15298,2,12,4799.9,3116,115,399.9916666666666,0,High-Value / Champions
15299,67,7,4507.01,2948,7,643.8585714285715,0,High-Value / Champions
15300,64,1,496.44,292,28,496.44,2,At-Risk / Low-Engagement
15301,51,12,5049.95,2751,167,420.82916666666665,0,High-Value / Champions
15303,290,1,574.02,248,31,574.02,2,At-Risk / Low-Engagement
15304,61,8,694.4000000000001,104,8,86.80000000000001,1,Regular / Growth Potential
15306,64,3,1174.35,810,57,391.45,1,Regular / Growth Potential
15307,96,1,205.3,37,12,205.3,2,At-Risk / Low-Engagement
15308,274,1,310.47,175,19,310.47,2,At-Risk / Low-Engagement
15311,1,91,60632.75,38147,567,666.2939560439561,0,High-Value / Champions
15312,75,4,924.85,516,42,231.2125,1,Regular / Growth Potential
15313,110,1,52.0,25,1,52.0,2,At-Risk / Low-Engagement
15314,199,1,327.97,313,24,327.97,2,At-Risk / Low-Engagement
15315,64,2,570.5,862,35,285.25,1,Regular / Growth Potential
15316,327,1,165.0,100,1,165.0,2,At-Risk / Low-Engagement
15318,4,1,312.62,642,33,312.62,1,Regular / Growth Potential
15319,284,1,204.5,175,16,204.5,2,At-Risk / Low-Engagement
15320,44,1,267.13,326,36,267.13,2,At-Risk / Low-Engagement
15321,71,3,2748.31,1181,83,916.1033333333334,1,Regular / Growth Potential
15322,86,1,679.68,416,42,679.68,2,At-Risk / Low-Engagement
15325,104,1,161.74,231,47,161.74,2,At-Risk / Low-Engagement
15326,334,1,311.71,386,29,311.71,2,At-Risk / Low-Engagement
15327,53,1,208.75,116,10,208.75,2,At-Risk / Low-Engagement
15329,39,3,1049.7,486,51,349.90000000000003,1,Regular / Growth Potential
15330,32,2,714.96,1312,10,357.48,1,Regular / Growth Potential
15332,366,4,1661.06,652,29,415.265,1,Regular / Growth Potential
15333,208,1,1028.56,344,16,1028.56,2,At-Risk / Low-Engagement
15334,157,3,350.82,273,67,116.94,2,At-Risk / Low-Engagement
15335,54,1,170.22,79,34,170.22,2,At-Risk / Low-Engagement
15339,66,2,574.07,416,77,287.035,1,Regular / Growth Potential
15341,81,1,2020.52,812,17,2020.52,1,Regular / Growth Potential
15342,130,1,406.09,283,24,406.09,2,At-Risk / Low-Engagement
15343,87,1,364.5,84,21,364.5,2,At-Risk / Low-Engagement
15344,1,3,563.94,116,21,187.98000000000002,1,Regular / Growth Potential
15345,46,1,393.54,81,20,393.54,2,At-Risk / Low-Engagement
15346,333,1,252.42000000000002,144,17,252.42000000000002,2,At-Risk / Low-Engagement
15347,366,1,201.60000000000002,130,5,201.60000000000002,2,At-Risk / Low-Engagement
15348,72,1,158.04,84,9,158.04,2,At-Risk / Low-Engagement
15349,158,2,463.90999999999997,321,65,231.95499999999998,2,At-Risk / Low-Engagement
15350,373,1,115.65,51,5,115.65,2,At-Risk / Low-Engagement
15351,12,7,1934.66,742,157,276.38,0,High-Value / Champions
15353,255,2,770.12,341,59,385.06,2,At-Risk / Low-Engagement
15355,29,2,277.05,45,9,138.525,1,Regular / Growth Potential
15356,31,10,2718.03,1643,215,271.803,0,High-Value / Champions
15358,5,22,8347.2,7050,292,379.41818181818184,0,High-Value / Champions
15360,40,1,427.93,223,13,427.93,2,At-Risk / Low-Engagement
15361,362,1,418.92,336,7,418.92,2,At-Risk / Low-Engagement
15363,373,1,326.0,144,16,326.0,2,At-Risk / Low-Engagement
15364,96,2,913.19,493,29,456.595,1,Regular / Growth Potential
15365,26,7,2314.32,1084,65,330.6171428571429,0,High-Value / Champions
15366,75,2,602.51,621,37,301.255,2,At-Risk / Low-Engagement
15367,57,4,1877.59,1057,91,469.3975,1,Regular / Growth Potential
15368,21,1,446.94000000000005,230,4,446.94000000000005,1,Regular / Growth Potential
15370,41,7,2386.05,830,65,340.86428571428576,0,High-Value / Champions
15372,137,1,2007.3999999999999,2924,27,2007.3999999999999,2,At-Risk / Low-Engagement
15373,8,12,2415.91,500,74,201.32583333333332,0,High-Value / Champions
15374,129,1,168.0,126,3,168.0,2,At-Risk / Low-Engagement
15376,40,3,1221.56,615,100,407.18666666666667,1,Regular / Growth Potential
15379,169,7,3703.29,2305,145,529.0414285714286,1,Regular / Growth Potential
15380,9,5,1690.2600000000002,376,22,338.052,1,Regular / Growth Potential
15381,214,2,596.85,171,8,298.425,2,At-Risk / Low-Engagement
15382,15,6,5955.71,4012,193,992.6183333333333,0,High-Value / Champions
15384,170,2,642.41,596,34,321.205,2,At-Risk / Low-Engagement
15385,40,1,316.88,161,12,316.88,2,At-Risk / Low-Engagement
15386,186,1,394.14,446,31,394.14,2,At-Risk / Low-Engagement
15388,270,1,140.54,88,10,140.54,2,At-Risk / Low-Engagement
15389,172,1,500.0,400,1,500.0,2,At-Risk / Low-Engagement
15392,5,4,1535.53,1277,74,383.8825,1,Regular / Growth Potential
15393,16,2,231.86,150,10,115.93,1,Regular / Growth Potential
15394,10,4,2183.54,910,54,545.885,1,Regular / Growth Potential
15395,326,1,107.45,17,7,107.45,2,At-Risk / Low-Engagement
15396,113,1,288.18,122,14,288.18,2,At-Risk / Low-Engagement
15397,290,1,94.0,20,6,94.0,2,At-Risk / Low-Engagement
15398,16,2,1345.53,769,60,672.765,1,Regular / Growth Potential
15399,1,3,815.77,611,45,271.92333333333335,1,Regular / Growth Potential
15400,92,5,716.2,390,10,143.24,1,Regular / Growth Potential
15402,149,2,626.77,694,35,313.385,2,At-Risk / Low-Engagement
15405,189,1,349.1,193,8,349.1,2,At-Risk / Low-Engagement
15406,31,2,510.71000000000004,254,51,255.35500000000002,1,Regular / Growth Potential
15407,34,4,1046.74,552,142,261.685,1,Regular / Growth Potential
15408,264,1,267.18,106,34,267.18,2,At-Risk / Low-Engagement
15410,84,8,3450.84,1200,48,431.355,0,High-Value / Champions
15411,26,4,1348.93,529,86,337.2325,1,Regular / Growth Potential
15412,171,1,190.53,108,10,190.53,2,At-Risk / Low-Engagement
15414,10,3,774.9000000000001,443,37,258.3,1,Regular / Growth Potential
15415,313,1,559.61,551,46,559.61,2,At-Risk / Low-Engagement
15416,65,4,3984.32,2090,165,996.08,1,Regular / Growth Potential
15417,85,1,508.8,284,28,508.8,2,At-Risk / Low-Engagement
15419,25,1,135.86,230,8,135.86,2,At-Risk / Low-Engagement
15421,59,4,950.36,500,40,237.59,1,Regular / Growth Potential
15422,323,2,97.7,38,6,48.85,2,At-Risk / Low-Engagement
15423,38,1,43.5,101,2,43.5,2,At-Risk / Low-Engagement
15424,254,2,383.34,554,17,191.67,2,At-Risk / Low-Engagement
15426,19,5,1404.07,656,217,280.81399999999996,1,Regular / Growth Potential
15427,33,3,1430.54,967,233,476.84666666666664,1,Regular / Growth Potential
15428,15,1,93.78,102,6,93.78,2,At-Risk / Low-Engagement
15429,27,2,397.35,380,77,198.675,1,Regular / Growth Potential
15432,23,1,171.19,65,10,171.19,2,At-Risk / Low-Engagement
15433,214,2,533.3,534,40,266.65,2,At-Risk / Low-Engagement
15434,8,5,1041.48,647,40,208.296,1,Regular / Growth Potential
15435,22,1,149.29,54,29,149.29,2,At-Risk / Low-Engagement
15436,12,3,1067.75,574,243,355.9166666666667,1,Regular / Growth Potential
15437,262,1,200.16,79,44,200.16,2,At-Risk / Low-Engagement
15438,131,1,156.57999999999998,59,25,156.57999999999998,2,At-Risk / Low-Engagement
15440,55,3,383.68,197,50,127.89333333333333,1,Regular / Growth Potential
15442,249,1,594.0,120,2,594.0,2,At-Risk / Low-Engagement
15443,2,7,3213.59,1639,237,459.0842857142857,0,High-Value / Champions
15444,9,2,1411.21,759,191,705.605,1,Regular / Growth Potential
15445,264,1,113.5,58,5,113.5,2,At-Risk / Low-Engagement
15447,331,1,155.17,85,9,155.17,2,At-Risk / Low-Engagement
15448,313,1,494.64,232,28,494.64,2,At-Risk / Low-Engagement
15449,26,3,974.52,812,47,324.84,1,Regular / Growth Potential
15450,30,1,429.84,376,30,429.84,2,At-Risk / Low-Engagement
15452,30,3,528.48,280,47,176.16,1,Regular / Growth Potential
15453,2,7,1371.77,837,169,195.96714285714285,0,High-Value / Champions
15454,362,1,179.1,86,23,179.1,2,At-Risk / Low-Engagement
15456,283,3,434.59000000000003,633,48,144.86333333333334,2,At-Risk / Low-Engagement
15457,262,1,237.07,132,56,237.07,2,At-Risk / Low-Engagement
15458,25,1,161.64,156,7,161.64,2,At-Risk / Low-Engagement
15460,354,1,214.26,107,53,214.26,2,At-Risk / Low-Engagement
15462,94,3,234.6,172,9,78.2,2,At-Risk / Low-Engagement
15463,29,1,126.14,106,7,126.14,2,At-Risk / Low-Engagement
15464,338,1,1044.65,348,155,1044.65,2,At-Risk / Low-Engagement
15465,20,18,7354.62,1257,43,408.59,0,High-Value / Champions
15466,85,1,334.53,246,56,334.53,2,At-Risk / Low-Engagement
15467,9,3,524.88,310,41,174.96,1,Regular / Growth Potential
15468,51,2,467.51,155,24,233.755,1,Regular / Growth Potential
15469,50,2,538.55,153,24,269.275,1,Regular / Growth Potential
15471,2,1,454.48,256,67,454.48,1,Regular / Growth Potential
15472,113,1,371.56,251,76,371.56,2,At-Risk / Low-Engagement
15473,14,7,1771.2,672,4,253.02857142857144,0,High-Value / Champions
15475,77,1,454.10999999999996,319,29,454.10999999999996,2,At-Risk / Low-Engagement
15478,40,2,1399.92,575,34,699.96,1,Regular / Growth Potential
15480,116,1,905.5,303,45,905.5,2,At-Risk / Low-Engagement
15482,16,12,10879.76,5004,46,906.6466666666666,0,High-Value / Champions
15483,161,4,225.26,291,74,56.315,2,At-Risk / Low-Engagement
15484,1,4,3590.41,3150,135,897.6025,0,High-Value / Champions
15485,30,3,2564.5,1281,59,854.8333333333334,1,Regular / Growth Potential
15488,93,1,91.32000000000001,73,2,91.32000000000001,2,At-Risk / Low-Engagement
15489,23,3,1134.28,608,47,378.0933333333333,1,Regular / Growth Potential
15491,95,6,3100.09,1646,108,516.6816666666667,1,Regular / Growth Potential
15492,28,2,659.4599999999999,483,32,329.72999999999996,1,Regular / Growth Potential
15493,33,5,1953.41,551,177,390.682,1,Regular / Growth Potential
15494,21,2,1280.58,1139,120,640.29,1,Regular / Growth Potential
15497,18,2,1262.2,624,13,631.1,1,Regular / Growth Potential
15498,3,27,13316.4,6105,360,493.2,0,High-Value / Champions
15500,8,4,1131.56,572,64,282.89,1,Regular / Growth Potential
15502,16,12,10384.93,4236,164,865.4108333333334,0,High-Value / Champions
15503,363,1,141.04,70,66,141.04,2,At-Risk / Low-Engagement
15504,81,1,52.83,33,13,52.83,2,At-Risk / Low-Engagement
15505,53,5,3610.96,2390,90,722.192,1,Regular / Growth Potential
15506,23,3,972.08,842,121,324.0266666666667,1,Regular / Growth Potential
15507,172,1,475.86,160,41,475.86,2,At-Risk / Low-Engagement
15508,189,6,1000.27,440,78,166.71166666666667,1,Regular / Growth Potential
15510,331,1,250.0,2,1,250.0,2,At-Risk / Low-Engagement
15511,12,5,900.53,269,117,180.106,1,Regular / Growth Potential
15512,156,2,121.0,68,7,60.5,2,At-Risk / Low-Engagement
15513,33,19,14758.220000000001,5709,183,776.7484210526317,0,High-Value / Champions
15514,12,11,4023.7200000000003,2098,96,365.7927272727273,0,High-Value / Champions
15516,45,3,62.43,27,15,20.81,2,At-Risk / Low-Engagement
15517,233,1,267.03,293,27,267.03,2,At-Risk / Low-Engagement
15518,64,8,1921.55,1263,135,240.19375,1,Regular / Growth Potential
15520,2,1,343.5,314,18,343.5,1,Regular / Growth Potential
15521,40,8,3000.2,1836,116,375.025,0,High-Value / Champions
15522,33,2,397.99,572,47,198.995,1,Regular / Growth Potential
15523,84,1,412.01000000000005,132,10,412.01000000000005,2,At-Risk / Low-Engagement
15524,25,1,440.0,4,1,440.0,1,Regular / Growth Potential
15525,2,3,734.37,387,133,244.79,1,Regular / Growth Potential
15526,33,2,148.44,24,4,74.22,2,At-Risk / Low-Engagement
15527,19,8,2428.53,991,127,303.56625,0,High-Value / Champions
15528,254,1,229.33,123,26,229.33,2,At-Risk / Low-Engagement
15529,23,11,3962.6,3455,415,360.23636363636365,0,High-Value / Champions
15530,22,4,1497.31,938,90,374.3275,1,Regular / Growth Potential
15531,8,2,1972.39,1085,196,986.195,1,Regular / Growth Potential
15532,25,4,1564.73,515,205,391.1825,1,Regular / Growth Potential
15533,19,3,807.57,289,73,269.19,1,Regular / Growth Potential
15535,173,4,502.9,135,55,125.725,2,At-Risk / Low-Engagement
15537,163,1,110.92,29,24,110.92,2,At-Risk / Low-Engagement
15539,7,1,538.46,410,41,538.46,1,Regular / Growth Potential
15540,11,1,213.3,200,15,213.3,1,Regular / Growth Potential
15541,114,1,85.13000000000001,49,29,85.13000000000001,2,At-Risk / Low-Engagement
15543,288,1,127.86,86,26,127.86,2,At-Risk / Low-Engagement
15544,9,9,3546.71,3109,122,394.0788888888889,0,High-Value / Champions
15545,54,2,288.96999999999997,162,78,144.48499999999999,2,At-Risk / Low-Engagement
15547,7,14,4910.6,3999,441,350.75714285714287,0,High-Value / Champions
15549,77,3,1681.46,694,104,560.4866666666667,1,Regular / Growth Potential
15550,4,4,575.63,295,43,143.9075,1,Regular / Growth Potential
15551,37,1,436.06,218,29,436.06,2,At-Risk / Low-Engagement
15552,217,1,90.12,60,17,90.12,2,At-Risk / Low-Engagement
15553,60,1,428.93,449,51,428.93,2,At-Risk / Low-Engagement
15554,278,1,217.2,74,14,217.2,2,At-Risk / Low-Engagement
15555,12,16,4794.86,4427,401,299.67875,0,High-Value / Champions
15556,24,1,279.77,236,31,279.77,2,At-Risk / Low-Engagement
15557,29,1,468.91,213,16,468.91,1,Regular / Growth Potential
15561,12,4,800.59,267,27,200.1475,1,Regular / Growth Potential
15562,352,1,134.55,39,1,134.55,2,At-Risk / Low-Engagement
15563,22,4,1400.44,1501,88,350.11,1,Regular / Growth Potential
15565,50,2,173.16,60,8,86.58,2,At-Risk / Low-Engagement
15567,19,1,186.01,223,7,186.01,2,At-Risk / Low-Engagement
15568,3,3,758.29,461,27,252.76333333333332,1,Regular / Growth Potential
15569,104,5,1375.71,666,27,275.142,1,Regular / Growth Potential
15570,7,12,4148.82,2063,231,345.73499999999996,0,High-Value / Champions
15571,12,4,650.4300000000001,264,47,162.60750000000002,1,Regular / Growth Potential
15572,5,7,2533.42,1213,166,361.9171428571429,0,High-Value / Champions
15573,32,2,591.1899999999999,355,88,295.59499999999997,1,Regular / Growth Potential
15574,178,4,675.64,332,131,168.91,1,Regular / Growth Potential
15576,38,1,921.37,394,43,921.37,1,Regular / Growth Potential
15577,151,3,258.88,89,39,86.29333333333334,2,At-Risk / Low-Engagement
15578,162,1,127.1,52,13,127.1,2,At-Risk / Low-Engagement
15579,69,2,327.6,117,45,163.8,2,At-Risk / Low-Engagement
15581,121,13,3675.77,283,134,282.7515384615385,0,High-Value / Champions
15582,25,3,682.9100000000001,453,39,227.63666666666668,1,Regular / Growth Potential
15584,24,4,720.86,313,89,180.215,1,Regular / Growth Potential
15585,177,1,455.3,320,31,455.3,2,At-Risk / Low-Engagement
15587,50,4,913.6800000000001,312,3,228.42000000000002,1,Regular / Growth Potential
15589,256,3,478.53000000000003,243,28,159.51000000000002,2,At-Risk / Low-Engagement
15592,47,1,388.58,354,24,388.58,2,At-Risk / Low-Engagement
15593,71,1,199.8,60,5,199.8,2,At-Risk / Low-Engagement
15594,16,5,1771.78,983,85,354.356,1,Regular / Growth Potential
15596,101,5,1406.59,561,51,281.318,1,Regular / Growth Potential
15597,35,1,324.57,279,22,324.57,2,At-Risk / Low-Engagement
15598,53,1,240.68,160,14,240.68,2,At-Risk / Low-Engagement
15599,27,2,761.74,718,50,380.87,1,Regular / Growth Potential
15601,11,14,6776.56,4983,230,484.04,0,High-Value / Champions
15602,8,9,1297.8700000000001,1137,30,144.20777777777778,0,High-Value / Champions
15603,79,1,48.480000000000004,96,2,48.480000000000004,2,At-Risk / Low-Engagement
15604,52,1,216.39,159,17,216.39,2,At-Risk / Low-Engagement
15605,36,5,1198.23,441,61,239.64600000000002,1,Regular / Growth Potential
15606,61,9,2920.16,892,48,324.4622222222222,0,High-Value / Champions
15607,337,1,104.76,202,13,104.76,2,At-Risk / Low-Engagement
15608,28,4,1093.68,714,59,273.42,1,Regular / Growth Potential
15609,184,1,298.48,148,16,298.48,2,At-Risk / Low-Engagement
15610,52,1,112.46000000000001,66,6,112.46000000000001,2,At-Risk / Low-Engagement
15611,10,13,1591.45,504,23,122.41923076923078,0,High-Value / Champions
15612,36,2,195.15,52,4,97.575,2,At-Risk / Low-Engagement
15615,10,23,10399.74,5508,184,452.1626086956522,0,High-Value / Champions
15618,33,4,776.851,454,39,194.21275,1,Regular / Growth Potential
15619,11,1,336.40000000000003,136,3,336.40000000000003,1,Regular / Growth Potential
15620,57,3,1553.18,915,92,517.7266666666667,1,Regular / Growth Potential
15621,4,4,1293.03,501,11,323.2575,1,Regular / Growth Potential
15622,43,9,3709.56,1674,169,412.17333333333335,0,High-Value / Champions
15623,141,1,301.03,125,19,301.03,2,At-Risk / Low-Engagement
15624,117,4,588.13,357,26,147.0325,1,Regular / Growth Potential
15625,104,4,1534.26,1188,44,383.565,1,Regular / Growth Potential
15626,75,2,675.8,766,49,337.9,1,Regular / Growth Potential
15628,5,9,2870.2400000000002,1894,85,318.91555555555556,0,High-Value / Champions
15630,45,2,1186.35,800,57,593.175,1,Regular / Growth Potential
15632,16,8,3285.31,2109,107,410.66375,0,High-Value / Champions
15634,17,1,243.55,99,15,243.55,2,At-Risk / Low-Engagement
15636,90,2,724.76,284,20,362.38,2,At-Risk / Low-Engagement
15637,53,1,223.36,128,15,223.36,2,At-Risk / Low-Engagement
15639,134,1,425.32,323,25,425.32,2,At-Risk / Low-Engagement
15640,4,15,12416.11,6572,240,827.7406666666667,0,High-Value / Champions
15641,105,4,1887.2,1562,102,471.8,1,Regular / Growth Potential
15643,192,3,664.0,246,31,221.33333333333334,2,At-Risk / Low-Engagement
15644,166,4,803.54,550,166,200.885,1,Regular / Growth Potential
15645,19,1,612.01,256,50,612.01,1,Regular / Growth Potential
15646,158,3,447.64000000000004,394,35,149.21333333333334,2,At-Risk / Low-Engagement
15648,204,2,639.5,218,23,319.75,2,At-Risk / Low-Engagement
15649,336,2,816.0,192,1,408.0,2,At-Risk / Low-Engagement
15651,37,3,646.3,479,27,215.4333333333333,1,Regular / Growth Potential
15652,91,1,337.74,208,21,337.74,2,At-Risk / Low-Engagement
15653,93,2,877.4399999999999,1200,4,438.71999999999997,1,Regular / Growth Potential
15654,9,2,922.53,475,15,461.265,1,Regular / Growth Potential
15655,243,1,560.67,324,34,560.67,2,At-Risk / Low-Engagement
15656,45,4,748.5,343,46,187.125,1,Regular / Growth Potential
15657,23,1,30.0,24,1,30.0,2,At-Risk / Low-Engagement
15658,190,5,1024.1000000000001,242,40,204.82000000000002,1,Regular / Growth Potential
15659,44,1,306.45,111,11,306.45,2,At-Risk / Low-Engagement
15660,25,9,1600.86,1050,55,177.87333333333333,0,High-Value / Champions
15661,317,2,309.8,236,4,154.9,2,At-Risk / Low-Engagement
15663,106,1,138.14,106,9,138.14,2,At-Risk / Low-Engagement
15664,51,1,386.43,157,17,386.43,2,At-Risk / Low-Engagement
15665,168,2,2222.21,1654,92,1111.105,1,Regular / Growth Potential
15667,40,1,301.32,240,13,301.32,2,At-Risk / Low-Engagement
15668,218,1,76.32000000000001,72,1,76.32000000000001,2,At-Risk / Low-Engagement
15669,40,4,684.34,342,31,171.085,1,Regular / Growth Potential
15670,297,1,173.05,91,12,173.05,2,At-Risk / Low-Engagement
15671,19,7,2657.13,1699,52,379.59000000000003,0,High-Value / Champions
15673,88,4,2726.23,1451,107,681.5575,1,Regular / Growth Potential
15674,73,5,2446.6,1275,88,489.32,1,Regular / Growth Potential
15675,81,3,323.69,527,20,107.89666666666666,2,At-Risk / Low-Engagement
15676,19,3,3435.76,2252,191,1145.2533333333333,1,Regular / Growth Potential
15677,49,1,657.23,319,33,657.23,2,At-Risk / Low-Engagement
15678,53,1,352.7,184,12,352.7,2,At-Risk / Low-Engagement
15679,24,4,781.28,1170,98,195.32,1,Regular / Growth Potential
15680,9,3,1333.68,952,61,444.56,1,Regular / Growth Potential
15681,25,5,1426.16,816,32,285.232,1,Regular / Growth Potential
15683,117,1,193.75,131,10,193.75,2,At-Risk / Low-Engagement
15687,9,9,2993.1,1310,119,332.56666666666666,0,High-Value / Champions
15689,120,2,254.1,84,8,127.05,2,At-Risk / Low-Engagement
15690,4,2,239.76,408,19,119.88,1,Regular / Growth Potential
15691,252,1,136.8,72,2,136.8,2,At-Risk / Low-Engagement
15692,28,1,191.04,138,12,191.04,2,At-Risk / Low-Engagement
15694,1,14,6479.4,1677,42,462.8142857142857,0,High-Value / Champions
15695,267,2,409.98,212,22,204.99,2,At-Risk / Low-Engagement
15696,33,8,2711.11,1015,140,338.88875,0,High-Value / Champions
15699,18,1,309.65,113,18,309.65,1,Regular / Growth Potential
15700,172,2,696.68,357,85,348.34,2,At-Risk / Low-Engagement
15701,2,4,1529.0,912,193,382.25,0,High-Value / Champions
15703,265,1,211.5,66,5,211.5,2,At-Risk / Low-Engagement
15704,140,4,2293.62,1028,79,573.405,1,Regular / Growth Potential
15705,201,1,143.1,62,6,143.1,2,At-Risk / Low-Engagement
15706,64,4,1060.56,321,50,265.14,1,Regular / Growth Potential
15707,35,4,916.98,594,126,229.245,1,Regular / Growth Potential
15708,41,7,3235.25,1217,124,462.17857142857144,0,High-Value / Champions
15709,284,1,133.25,121,6,133.25,2,At-Risk / Low-Engagement
15712,9,5,1072.3600000000001,486,41,214.47200000000004,1,Regular / Growth Potential
15713,143,2,356.7,150,18,178.35,2,At-Risk / Low-Engagement
15714,12,2,330.03000000000003,186,34,165.01500000000001,1,Regular / Growth Potential
15716,146,4,1101.1100000000001,738,101,275.27750000000003,1,Regular / Growth Potential
15717,234,1,150.3,70,7,150.3,2,At-Risk / Low-Engagement
15719,33,13,5030.07,2718,299,386.92846153846153,0,High-Value / Champions
15720,24,1,598.73,281,128,598.73,1,Regular / Growth Potential
15721,12,1,471.40000000000003,388,80,471.40000000000003,1,Regular / Growth Potential
15722,36,5,2211.21,1023,45,442.242,1,Regular / Growth Potential
15723,365,1,190.7,73,37,190.7,2,At-Risk / Low-Engagement
15724,201,2,218.25,73,11,109.125,2,At-Risk / Low-Engagement
15725,15,1,415.25,221,32,415.25,1,Regular / Growth Potential
15727,17,7,5159.06,3063,213,737.0085714285715,0,High-Value / Champions
15729,213,1,85.0,28,5,85.0,2,At-Risk / Low-Engagement
15730,66,3,1120.88,689,68,373.6266666666667,1,Regular / Growth Potential
15732,212,2,294.12,215,13,147.06,2,At-Risk / Low-Engagement
15733,283,1,162.3,62,10,162.3,2,At-Risk / Low-Engagement
15734,115,2,1339.45,346,25,669.725,1,Regular / Growth Potential
15737,15,8,1188.1200000000001,597,60,148.51500000000001,0,High-Value / Champions
15738,19,16,4812.42,2982,46,300.77625,0,High-Value / Champions
15739,66,1,449.12,472,8,449.12,2,At-Risk / Low-Engagement
15740,49,1,154.88,152,9,154.88,2,At-Risk / Low-Engagement
15743,16,4,775.96,214,59,193.99,1,Regular / Growth Potential
15744,78,1,34.8,120,3,34.8,2,At-Risk / Low-Engagement
15745,19,4,1094.59,421,57,273.6475,1,Regular / Growth Potential
15746,134,1,196.88,178,28,196.88,2,At-Risk / Low-Engagement
15747,13,3,946.64,466,52,315.5466666666667,1,Regular / Growth Potential
15748,40,1,144.36,50,19,144.36,2,At-Risk / Low-Engagement
15749,235,3,44534.3,18028,5,14844.766666666668,0,High-Value / Champions
15750,3,8,2463.05,1783,214,307.88125,0,High-Value / Champions
15752,40,7,2626.6,1960,236,375.2285714285714,0,High-Value / Champions
15753,305,1,79.2,144,1,79.2,2,At-Risk / Low-Engagement
15754,51,3,458.57,199,24,152.85666666666665,1,Regular / Growth Potential
15755,10,6,2364.25,1427,127,394.0416666666667,0,High-Value / Champions
15756,61,4,528.01,241,160,132.0025,1,Regular / Growth Potential
15757,66,2,714.42,491,43,357.21,1,Regular / Growth Potential
15758,25,1,205.25,47,9,205.25,2,At-Risk / Low-Engagement
15759,218,3,253.04,60,5,84.34666666666666,2,At-Risk / Low-Engagement
15762,65,2,583.75,251,37,291.875,1,Regular / Growth Potential
15763,32,2,1086.92,271,58,543.46,1,Regular / Growth Potential
15764,88,6,3279.97,2050,150,546.6616666666666,1,Regular / Growth Potential
15766,64,1,315.06,170,11,315.06,2,At-Risk / Low-Engagement
15768,116,3,621.8299999999999,244,23,207.27666666666664,1,Regular / Growth Potential
15769,7,26,56252.72,29672,26,2163.566153846154,0,High-Value / Champions
15773,6,1,635.6800000000001,311,10,635.6800000000001,1,Regular / Growth Potential
15774,69,1,270.8,87,25,270.8,2,At-Risk / Low-Engagement
15775,245,1,104.9,68,7,104.9,2,At-Risk / Low-Engagement
15776,133,1,241.62,138,18,241.62,2,At-Risk / Low-Engagement
15777,241,4,1047.11,378,18,261.7775,1,Regular / Growth Potential
15780,184,3,475.28000000000003,220,26,158.42666666666668,2,At-Risk / Low-Engagement
15781,25,3,345.46,180,20,115.15333333333332,1,Regular / Growth Potential
15782,10,3,2614.7400000000002,864,34,871.58,1,Regular / Growth Potential
15783,11,1,246.3,212,14,246.3,1,Regular / Growth Potential
15785,33,5,2328.9700000000003,1612,58,465.79400000000004,1,Regular / Growth Potential
15786,46,3,4919.0,3340,257,1639.6666666666667,1,Regular / Growth Potential
15787,26,3,933.26,534,156,311.08666666666664,1,Regular / Growth Potential
15789,358,1,351.3,438,25,351.3,2,At-Risk / Low-Engagement
15790,10,1,218.75,113,34,218.75,1,Regular / Growth Potential
15791,44,2,1612.69,731,66,806.345,1,Regular / Growth Potential
15793,15,3,965.61,553,6,321.87,1,Regular / Growth Potential
15795,150,1,610.01,581,42,610.01,2,At-Risk / Low-Engagement
15796,1,8,2708.61,860,70,338.57625,0,High-Value / Champions
15797,113,4,2207.4,873,8,551.85,1,Regular / Growth Potential
15799,76,3,884.14,955,94,294.7133333333333,1,Regular / Growth Potential
15800,107,2,696.89,332,116,348.445,2,At-Risk / Low-Engagement
15801,46,3,1063.95,570,61,354.65000000000003,1,Regular / Growth Potential
15802,143,1,451.42,1,1,451.42,2,At-Risk / Low-Engagement
15803,51,1,415.82000000000005,290,8,415.82000000000005,2,At-Risk / Low-Engagement
15804,1,13,4206.39,2565,170,323.5684615384616,0,High-Value / Champions
15805,23,17,5488.18,3367,220,322.83411764705886,0,High-Value / Champions
15806,46,3,784.58,602,24,261.5266666666667,1,Regular / Growth Potential
15807,50,3,903.9,430,48,301.3,1,Regular / Growth Potential
15808,306,4,3651.27,1305,142,912.8175,1,Regular / Growth Potential
15809,36,5,515.77,301,31,103.154,1,Regular / Growth Potential
15810,79,4,1391.98,861,66,347.995,1,Regular / Growth Potential
15811,22,6,2218.62,1071,117,369.77,0,High-Value / Champions
15812,107,5,1801.14,922,36,360.228,1,Regular / Growth Potential
15813,208,2,1303.9099999999999,603,40,651.9549999999999,2,At-Risk / Low-Engagement
15814,17,4,1945.33,1271,63,486.3325,1,Regular / Growth Potential
15815,64,5,2100.6,1856,33,420.12,1,Regular / Growth Potential
15819,49,4,1905.45,1357,96,476.3625,1,Regular / Growth Potential
15820,320,1,206.98,128,17,206.98,2,At-Risk / Low-Engagement
15821,44,2,570.96,202,57,285.48,1,Regular / Growth Potential
15822,3,2,885.47,375,28,442.735,1,Regular / Growth Potential
15823,372,1,15.0,1,1,15.0,2,At-Risk / Low-Engagement
15825,172,1,532.94,220,20,532.94,2,At-Risk / Low-Engagement
15826,56,3,1654.31,963,64,551.4366666666666,1,Regular / Growth Potential
15827,73,14,1836.0900000000001,882,72,131.14928571428572,0,High-Value / Champions
15829,99,2,636.14,996,44,318.07,2,At-Risk / Low-Engagement
15830,38,1,576.0,415,39,576.0,2,At-Risk / Low-Engagement
15831,58,3,794.64,1092,63,264.88,1,Regular / Growth Potential
15832,254,1,836.79,465,54,836.79,2,At-Risk / Low-Engagement
15834,70,4,2225.15,961,242,556.2875,1,Regular / Growth Potential
15835,44,4,954.09,439,47,238.5225,1,Regular / Growth Potential
15836,50,1,137.37,26,10,137.37,2,At-Risk / Low-Engagement
15837,65,1,391.98,189,24,391.98,2,At-Risk / Low-Engagement
15838,11,19,33643.08,18368,54,1770.6884210526316,0,High-Value / Champions
15839,33,3,1048.49,675,56,349.49666666666667,1,Regular / Growth Potential
15840,59,2,355.56,396,26,177.78,2,At-Risk / Low-Engagement
15841,73,4,1224.06,942,36,306.015,1,Regular / Growth Potential
15843,304,1,118.95000000000002,27,8,118.95000000000002,2,At-Risk / Low-Engagement
15844,46,1,130.73999999999998,134,11,130.73999999999998,2,At-Risk / Low-Engagement
15845,18,8,3711.77,1926,97,463.97125,0,High-Value / Champions
15847,38,2,389.27,449,22,194.635,1,Regular / Growth Potential
15850,19,2,234.88,298,87,117.44,1,Regular / Growth Potential
15852,187,2,160.71,48,22,80.355,2,At-Risk / Low-Engagement
15853,52,1,110.8,135,29,110.8,2,At-Risk / Low-Engagement
15854,4,12,2969.12,926,105,247.42666666666665,0,High-Value / Champions
15855,137,5,712.24,470,59,142.448,1,Regular / Growth Potential
15856,4,27,16143.64,10866,295,597.9125925925925,0,High-Value / Champions
15857,19,1,297.0,308,14,297.0,2,At-Risk / Low-Engagement
15858,16,5,1427.57,1163,145,285.514,1,Regular / Growth Potential
15860,41,8,965.16,437,105,120.645,1,Regular / Growth Potential
15861,12,8,3146.92,2528,339,393.365,0,High-Value / Champions
15862,8,4,832.88,585,142,208.22,1,Regular / Growth Potential
15863,26,2,68.84,19,18,34.42,2,At-Risk / Low-Engagement
15864,22,6,1936.3200000000002,1192,16,322.72,1,Regular / Growth Potential
15865,41,3,895.13,368,37,298.37666666666667,1,Regular / Growth Potential
15866,101,1,211.89,124,43,211.89,2,At-Risk / Low-Engagement
15867,5,15,3810.14,2052,302,254.00933333333333,0,High-Value / Champions
15869,277,2,149.64,175,13,74.82,2,At-Risk / Low-Engagement
15870,33,1,351.44,333,68,351.44,2,At-Risk / Low-Engagement
15872,15,2,316.25,187,101,158.125,1,Regular / Growth Potential
15874,64,7,4405.88,2534,110,629.4114285714286,0,High-Value / Champions
15877,2,2,490.33,368,122,245.165,1,Regular / Growth Potential
15880,369,1,329.03000000000003,202,95,329.03000000000003,2,At-Risk / Low-Engagement
15881,312,5,501.39000000000004,260,26,100.278,2,At-Risk / Low-Engagement
15882,199,4,516.36,276,23,129.09,2,At-Risk / Low-Engagement
15883,2,2,396.48,223,42,198.24,1,Regular / Growth Potential
15885,93,3,379.35,111,18,126.45,2,At-Risk / Low-Engagement
15886,60,1,181.09,147,12,181.09,2,At-Risk / Low-Engagement
15888,81,1,168.31,76,11,168.31,2,At-Risk / Low-Engagement
15889,157,2,420.07,206,79,210.035,2,At-Risk / Low-Engagement
15891,227,1,511.68,418,60,511.68,2,At-Risk / Low-Engagement
15894,253,2,258.25,164,35,129.125,2,At-Risk / Low-Engagement
15895,150,1,179.17,94,11,179.17,2,At-Risk / Low-Engagement
15897,194,2,208.59,223,17,104.295,2,At-Risk / Low-Engagement
15898,1,5,1383.83,567,70,276.76599999999996,0,High-Value / Champions
15899,369,1,56.25,39,4,56.25,2,At-Risk / Low-Engagement
15900,24,1,337.28,216,44,337.28,2,At-Risk / Low-Engagement
15901,17,3,351.73,379,102,117.24333333333334,1,Regular / Growth Potential
15903,10,7,5126.76,2410,46,732.3942857142857,0,High-Value / Champions
15904,8,1,164.68,84,30,164.68,1,Regular / Growth Potential
15906,20,7,1567.69,544,113,223.9557142857143,0,High-Value / Champions
15907,4,3,882.72,478,175,294.24,1,Regular / Growth Potential
15909,174,1,191.94,98,7,191.94,2,At-Risk / Low-Engagement
15910,1,8,1228.88,1013,215,153.61,0,High-Value / Champions
15912,178,2,264.62,185,19,132.31,2,At-Risk / Low-Engagement
15916,16,8,1502.8600000000001,752,124,187.85750000000002,0,High-Value / Champions
15917,248,1,123.1,42,12,123.1,2,At-Risk / Low-Engagement
15918,191,2,334.23,153,33,167.115,2,At-Risk / Low-Engagement
15919,20,2,525.69,385,103,262.845,1,Regular / Growth Potential
15920,154,4,167.5,99,53,41.875,2,At-Risk / Low-Engagement
15921,173,1,323.03000000000003,162,24,323.03000000000003,2,At-Risk / Low-Engagement
15922,373,1,369.5,138,11,369.5,2,At-Risk / Low-Engagement
15923,373,1,127.08,122,21,127.08,2,At-Risk / Low-Engagement
15925,194,1,207.15,93,12,207.15,2,At-Risk / Low-Engagement
15930,67,1,426.63,139,21,426.63,2,At-Risk / Low-Engagement
15932,4,8,2495.87,2325,93,311.98375,0,High-Value / Champions
15933,21,3,1107.46,885,63,369.15333333333336,1,Regular / Growth Potential
15935,239,2,416.86,115,12,208.43,2,At-Risk / Low-Engagement
15937,64,1,145.35,73,7,145.35,2,At-Risk / Low-Engagement
15938,112,5,404.58,240,13,80.916,1,Regular / Growth Potential
15939,90,15,6115.01,4728,28,407.6673333333334,0,High-Value / Champions
15940,311,1,35.8,4,1,35.8,2,At-Risk / Low-Engagement
15942,134,1,337.44,232,14,337.44,2,At-Risk / Low-Engagement
15944,277,1,325.1,50,6,325.1,2,At-Risk / Low-Engagement
15945,365,1,181.0,52,2,181.0,2,At-Risk / Low-Engagement
15947,83,1,1708.24,898,29,1708.24,1,Regular / Growth Potential
15948,8,2,955.24,567,51,477.62,1,Regular / Growth Potential
15949,17,2,364.72,284,12,182.36,1,Regular / Growth Potential
15950,32,4,1744.71,719,86,436.1775,1,Regular / Growth Potential
15951,9,2,708.22,313,36,354.11,1,Regular / Growth Potential
15952,34,4,781.91,391,65,195.4775,1,Regular / Growth Potential
15953,15,8,1657.28,891,63,207.16,0,High-Value / Champions
15955,24,14,4416.26,2135,137,315.44714285714286,0,High-Value / Champions
15957,32,1,428.89,211,40,428.89,2,At-Risk / Low-Engagement
15958,74,1,104.35,33,7,104.35,2,At-Risk / Low-Engagement
15963,20,2,470.76,298,26,235.38,1,Regular / Growth Potential
15965,17,4,808.87,434,88,202.2175,1,Regular / Growth Potential
15967,23,2,397.68,205,73,198.84,1,Regular / Growth Potential
15969,3,3,666.1,124,20,222.03333333333333,1,Regular / Growth Potential
15970,304,1,314.1,116,11,314.1,2,At-Risk / Low-Engagement
15971,18,12,4199.85,1717,10,349.9875,0,High-Value / Champions
15973,367,1,307.82000000000005,106,4,307.82000000000005,2,At-Risk / Low-Engagement
15974,39,7,3442.15,2262,141,491.7357142857143,0,High-Value / Champions
15975,84,1,371.01,243,24,371.01,2,At-Risk / Low-Engagement
15976,165,2,427.64,275,83,213.82,2,At-Risk / Low-Engagement
15977,17,2,1054.73,1016,48,527.365,1,Regular / Growth Potential
15978,77,1,1098.78,888,49,1098.78,2,At-Risk / Low-Engagement
15980,89,3,2398.86,1560,40,799.62,1,Regular / Growth Potential
15981,25,8,3408.48,1866,53,426.06,0,High-Value / Champions
15983,22,4,1465.12,886,82,366.28,1,Regular / Growth Potential
15984,3,10,2780.63,1815,217,278.063,0,High-Value / Champions
15985,123,2,1142.42,1086,29,571.21,1,Regular / Growth Potential
15986,30,1,168.12,268,14,168.12,2,At-Risk / Low-Engagement
15987,12,7,1432.77,1533,110,204.68142857142857,0,High-Value / Champions
15988,19,1,156.78,180,26,156.78,2,At-Risk / Low-Engagement
15990,44,2,792.11,443,52,396.055,1,Regular / Growth Potential
15992,4,1,41.989999999999995,17,3,41.989999999999995,2,At-Risk / Low-Engagement
15993,9,7,2777.67,2037,335,396.81,0,High-Value / Champions
15994,55,1,414.27,173,31,414.27,2,At-Risk / Low-Engagement
15996,88,6,1032.58,380,103,172.09666666666666,1,Regular / Growth Potential
15998,37,5,3080.22,2032,370,616.044,1,Regular / Growth Potential
16000,3,3,12393.7,5110,9,4131.233333333334,0,High-Value / Champions
16003,30,5,2735.37,1185,82,547.074,1,Regular / Growth Potential
16005,12,4,578.71,280,173,144.6775,1,Regular / Growth Potential
16006,211,1,101.4,84,8,101.4,2,At-Risk / Low-Engagement
16007,48,4,1693.81,1388,221,423.4525,1,Regular / Growth Potential
16008,24,3,478.78,323,29,159.59333333333333,1,Regular / Growth Potential
16009,22,4,972.11,366,68,243.0275,1,Regular / Growth Potential
16010,246,3,392.4,202,62,130.79999999999998,2,At-Risk / Low-Engagement
16011,8,16,3352.96,2035,99,209.56,0,High-Value / Champions
16012,35,3,1415.29,799,87,471.7633333333333,1,Regular / Growth Potential
16013,4,47,37130.6,15536,30,790.0127659574467,0,High-Value / Champions
16014,38,3,646.83,258,123,215.61,1,Regular / Growth Potential
16015,4,3,704.55,907,146,234.85,1,Regular / Growth Potential
16016,3,8,1465.51,602,156,183.18875,0,High-Value / Champions
16017,47,1,211.88,102,26,211.88,2,At-Risk / Low-Engagement
16018,39,2,408.90000000000003,190,26,204.45000000000002,1,Regular / Growth Potential
16019,47,9,3786.2400000000002,1733,133,420.6933333333334,0,High-Value / Champions
16020,17,3,851.01,487,42,283.67,1,Regular / Growth Potential
16022,260,1,602.63,255,68,602.63,2,At-Risk / Low-Engagement
16023,46,3,719.81,358,90,239.93666666666664,1,Regular / Growth Potential
16024,12,1,251.03,397,61,251.03,1,Regular / Growth Potential
16025,30,1,439.65999999999997,338,28,439.65999999999997,2,At-Risk / Low-Engagement
16026,43,1,236.09,243,30,236.09,2,At-Risk / Low-Engagement
16027,92,6,934.62,1147,11,155.77,1,Regular / Growth Potential
16029,39,63,80850.84,40108,44,1283.3466666666666,0,High-Value / Champions
16030,310,1,331.24,283,28,331.24,2,At-Risk / Low-Engagement
16031,92,2,547.9,421,91,273.95,2,At-Risk / Low-Engagement
16033,6,20,8778.82,3529,538,438.941,0,High-Value / Champions
16034,196,3,437.7,242,18,145.9,2,At-Risk / Low-Engagement
16036,87,2,758.92,716,55,379.46,1,Regular / Growth Potential
16037,270,3,855.02,428,37,285.00666666666666,2,At-Risk / Low-Engagement
16038,8,3,471.78000000000003,244,24,157.26000000000002,1,Regular / Growth Potential
16040,65,3,1313.55,684,57,437.84999999999997,1,Regular / Growth Potential
16041,31,3,3166.4,1584,6,1055.4666666666667,1,Regular / Growth Potential
16042,22,5,1177.47,743,68,235.494,1,Regular / Growth Potential
16043,38,4,773.99,503,30,193.4975,1,Regular / Growth Potential
16045,120,4,1340.7,897,71,335.175,1,Regular / Growth Potential
16048,373,2,256.44,144,8,128.22,2,At-Risk / Low-Engagement
16049,40,3,1074.81,763,248,358.27,1,Regular / Growth Potential
16050,174,1,137.9,278,10,137.9,2,At-Risk / Low-Engagement
16052,54,1,362.06,282,34,362.06,2,At-Risk / Low-Engagement
16053,33,2,1511.95,1793,81,755.975,1,Regular / Growth Potential
16054,145,1,783.9,380,70,783.9,2,At-Risk / Low-Engagement
16055,221,1,134.8,22,8,134.8,2,At-Risk / Low-Engagement
16056,45,1,650.75,345,66,650.75,2,At-Risk / Low-Engagement
16057,16,7,2263.12,863,109,323.30285714285714,0,High-Value / Champions
16059,66,6,1453.16,641,126,242.19333333333336,1,Regular / Growth Potential
16062,10,4,1153.62,800,50,288.405,1,Regular / Growth Potential
16063,260,1,335.32,262,23,335.32,2,At-Risk / Low-Engagement
16065,365,1,367.14,228,71,367.14,2,At-Risk / Low-Engagement
16066,17,5,1521.04,935,77,304.20799999999997,1,Regular / Growth Potential
16070,22,2,852.15,457,32,426.075,1,Regular / Growth Potential
16071,45,1,326.24,180,21,326.24,2,At-Risk / Low-Engagement
16072,288,1,584.3199999999999,140,23,584.3199999999999,2,At-Risk / Low-Engagement
16073,297,1,122.39999999999999,48,1,122.39999999999999,2,At-Risk / Low-Engagement
16076,3,10,2234.73,1435,71,223.473,0,High-Value / Champions
16078,284,1,79.2,16,1,79.2,2,At-Risk / Low-Engagement
16079,17,3,1352.0,864,18,450.6666666666667,1,Regular / Growth Potential
16080,82,2,217.16,128,10,108.58,2,At-Risk / Low-Engagement
16081,56,5,2799.42,1473,175,559.884,1,Regular / Growth Potential
16083,101,2,1317.62,908,31,658.81,1,Regular / Growth Potential
16084,299,1,436.18,216,38,436.18,2,At-Risk / Low-Engagement
16085,23,5,981.51,636,123,196.302,1,Regular / Growth Potential
16086,59,5,1121.39,511,24,224.27800000000002,1,Regular / Growth Potential
16091,155,2,315.06,154,16,157.53,2,At-Risk / Low-Engagement
16092,115,3,817.86,628,37,272.62,1,Regular / Growth Potential
16093,107,1,17.0,20,1,17.0,2,At-Risk / Low-Engagement
16094,12,4,1078.23,647,48,269.5575,1,Regular / Growth Potential
16096,264,1,320.62,155,12,320.62,2,At-Risk / Low-Engagement
16097,240,1,185.04999999999998,87,10,185.04999999999998,2,At-Risk / Low-Engagement
16098,88,7,2005.63,613,34,286.5185714285714,1,Regular / Growth Potential
16099,50,3,731.9,434,29,243.96666666666667,1,Regular / Growth Potential
16101,71,1,1290.7,757,76,1290.7,1,Regular / Growth Potential
16102,42,3,1842.14,942,41,614.0466666666667,1,Regular / Growth Potential
16103,7,6,1429.64,558,30,238.27333333333334,0,High-Value / Champions
16104,62,1,298.21,122,28,298.21,2,At-Risk / Low-Engagement
16105,249,1,336.96,330,13,336.96,2,At-Risk / Low-Engagement
16106,66,1,108.38,74,6,108.38,2,At-Risk / Low-Engagement
16107,18,7,3204.1600000000003,1176,16,457.7371428571429,0,High-Value / Champions
16108,85,1,842.5,615,48,842.5,2,At-Risk / Low-Engagement
16109,219,2,611.88,612,18,305.94,2,At-Risk / Low-Engagement
16110,45,3,1320.95,720,283,440.31666666666666,1,Regular / Growth Potential
16112,143,4,195.73999999999998,574,15,48.934999999999995,2,At-Risk / Low-Engagement
16113,183,1,161.38,176,30,161.38,2,At-Risk / Low-Engagement
16114,171,1,135.75000000000003,43,8,135.75000000000003,2,At-Risk / Low-Engagement
16115,10,8,1660.8799999999999,994,169,207.60999999999999,0,High-Value / Champions
16116,212,1,612.78,248,34,612.78,2,At-Risk / Low-Engagement
16117,190,1,232.21,130,30,232.21,2,At-Risk / Low-Engagement
16119,8,2,423.36,240,14,211.68,1,Regular / Growth Potential
16120,59,4,1309.14,878,26,327.285,1,Regular / Growth Potential
16121,57,2,854.66,576,170,427.33,1,Regular / Growth Potential
16122,73,4,684.4200000000001,1128,26,171.10500000000002,1,Regular / Growth Potential
16123,52,1,307.78,170,16,307.78,2,At-Risk / Low-Engagement
16124,317,1,249.0,48,11,249.0,2,At-Risk / Low-Engagement
16125,367,1,289.35,124,13,289.35,2,At-Risk / Low-Engagement
16126,29,4,6287.77,2125,57,1571.9425,0,High-Value / Champions
16127,39,1,656.25,323,40,656.25,1,Regular / Growth Potential
16128,18,5,1880.22,988,76,376.044,1,Regular / Growth Potential
16131,52,6,3506.54,1802,55,584.4233333333333,1,Regular / Growth Potential
16133,4,33,14589.04,8887,219,442.09212121212124,0,High-Value / Champions
16134,22,2,618.09,371,34,309.045,1,Regular / Growth Potential
16135,263,1,517.55,209,21,517.55,2,At-Risk / Low-Engagement
16136,60,3,709.38,440,35,236.46,1,Regular / Growth Potential
16139,19,3,635.41,330,25,211.8033333333333,1,Regular / Growth Potential
16140,66,2,725.18,730,32,362.59,1,Regular / Growth Potential
16141,88,1,620.4,238,30,620.4,2,At-Risk / Low-Engagement
16142,250,1,535.34,422,37,535.34,2,At-Risk / Low-Engagement
16143,3,6,2424.94,919,75,404.1566666666667,0,High-Value / Champions
16144,247,1,175.2,16,1,175.2,2,At-Risk / Low-Engagement
16145,9,11,3799.4900000000002,3123,134,345.40818181818184,0,High-Value / Champions
16146,157,3,734.13,427,26,244.71,2,At-Risk / Low-Engagement
16147,134,1,375.0,246,22,375.0,2,At-Risk / Low-Engagement
16148,296,1,76.32000000000001,72,1,76.32000000000001,2,At-Risk / Low-Engagement
16149,5,2,280.52,308,18,140.26,1,Regular / Growth Potential
16150,43,5,2053.02,1047,91,410.604,1,Regular / Growth Potential
16152,269,1,1829.04,642,29,1829.04,2,At-Risk / Low-Engagement
16153,50,5,1824.23,1073,78,364.846,1,Regular / Growth Potential
16156,9,9,3092.04,1273,108,343.56,0,High-Value / Champions
16157,16,3,656.69,347,12,218.89666666666668,1,Regular / Growth Potential
16159,282,1,348.2,236,14,348.2,2,At-Risk / Low-Engagement
16160,65,2,1025.44,1162,20,512.72,1,Regular / Growth Potential
16161,2,19,5533.67,2583,286,291.2457894736842,0,High-Value / Champions
16162,252,1,37.4,4,2,37.4,2,At-Risk / Low-Engagement
16163,232,2,856.6,192,5,428.3,2,At-Risk / Low-Engagement
16164,17,3,822.48,433,27,274.16,1,Regular / Growth Potential
16168,11,27,3787.6,1892,57,140.28148148148148,0,High-Value / Champions
16169,8,4,1822.97,1325,71,455.7425,1,Regular / Growth Potential
16170,51,6,1885.05,1770,106,314.175,1,Regular / Growth Potential
16171,59,1,73.2,24,3,73.2,2,At-Risk / Low-Engagement
16172,95,5,1140.21,787,52,228.042,1,Regular / Growth Potential
16173,16,6,1418.32,575,70,236.38666666666666,1,Regular / Growth Potential
16174,126,3,1009.5500000000001,651,19,336.5166666666667,1,Regular / Growth Potential
16175,94,4,1037.59,533,45,259.3975,1,Regular / Growth Potential
16177,50,1,331.95,95,15,331.95,2,At-Risk / Low-Engagement
16178,138,1,197.9,94,8,197.9,2,At-Risk / Low-Engagement
16179,61,1,215.83,99,11,215.83,2,At-Risk / Low-Engagement
16180,100,8,10254.18,5867,90,1281.7725,0,High-Value / Champions
16181,73,1,305.54,152,11,305.54,2,At-Risk / Low-Engagement
16182,72,4,6617.65,3791,17,1654.4125,1,Regular / Growth Potential
16183,67,1,338.71000000000004,113,15,338.71000000000004,2,At-Risk / Low-Engagement
16184,64,6,1158.79,561,26,193.13166666666666,1,Regular / Growth Potential
16185,17,2,529.41,260,31,264.705,1,Regular / Growth Potential
16186,23,12,4006.94,3020,87,333.9116666666667,0,High-Value / Champions
16187,32,15,6911.4400000000005,5048,160,460.7626666666667,0,High-Value / Champions
16188,45,4,981.86,782,65,245.465,1,Regular / Growth Potential
16189,16,2,215.48,134,9,107.74,1,Regular / Growth Potential
16190,40,1,215.08,88,6,215.08,2,At-Risk / Low-Engagement
16191,3,13,5180.52,3351,65,398.5015384615385,0,High-Value / Champions
16193,237,1,314.45,219,19,314.45,2,At-Risk / Low-Engagement
16198,75,1,400.68100000000004,129,15,400.68100000000004,2,At-Risk / Low-Engagement
16200,4,2,1068.8700000000001,516,149,534.4350000000001,1,Regular / Growth Potential
16201,3,4,1863.47,1286,74,465.8675,0,High-Value / Champions
16202,361,1,365.27,191,18,365.27,2,At-Risk / Low-Engagement
16203,59,4,592.9,262,27,148.225,1,Regular / Growth Potential
16204,23,1,384.18,218,45,384.18,1,Regular / Growth Potential
16205,31,4,757.63,516,73,189.4075,1,Regular / Growth Potential
16206,55,4,537.0600000000001,272,52,134.26500000000001,1,Regular / Growth Potential
16207,25,1,394.38,140,19,394.38,2,At-Risk / Low-Engagement
16208,45,2,664.26,333,61,332.13,1,Regular / Growth Potential
16209,89,5,2262.62,1179,37,452.524,1,Regular / Growth Potential
16210,2,18,21086.3,7559,74,1171.461111111111,0,High-Value / Champions
16211,89,1,547.02,154,23,547.02,2,At-Risk / Low-Engagement
16212,19,2,690.34,244,40,345.17,1,Regular / Growth Potential
16213,79,1,159.0,48,6,159.0,2,At-Risk / Low-Engagement
16214,171,3,1062.75,420,36,354.25,1,Regular / Growth Potential
16215,81,1,242.35,104,14,242.35,2,At-Risk / Low-Engagement
16216,267,1,914.9300000000001,254,37,914.9300000000001,2,At-Risk / Low-Engagement
16217,235,2,304.25,91,13,152.125,2,At-Risk / Low-Engagement
16218,30,7,3084.68,2088,56,440.6685714285714,0,High-Value / Champions
16221,37,3,860.86,714,90,286.9533333333333,1,Regular / Growth Potential
16222,318,1,773.5500000000001,325,120,773.5500000000001,2,At-Risk / Low-Engagement
16224,57,4,1295.3,1116,90,323.825,1,Regular / Growth Potential
16225,45,5,1096.32,493,109,219.26399999999998,1,Regular / Growth Potential
16226,203,3,255.12,192,6,85.04,2,At-Risk / Low-Engagement
16227,225,1,314.22,90,6,314.22,2,At-Risk / Low-Engagement
16229,87,2,1010.6,318,46,505.3,1,Regular / Growth Potential
16230,190,2,542.03,365,32,271.015,2,At-Risk / Low-Engagement
16232,44,4,990.88,550,24,247.72,1,Regular / Growth Potential
16233,71,3,536.6800000000001,174,22,178.89333333333335,1,Regular / Growth Potential
16235,41,5,867.31,330,42,173.462,1,Regular / Growth Potential
16236,78,1,432.2,184,20,432.2,2,At-Risk / Low-Engagement
16239,57,2,414.2,228,18,207.1,2,At-Risk / Low-Engagement
16240,24,2,3718.8,1641,126,1859.4,1,Regular / Growth Potential
16241,10,13,2590.31,1443,347,199.2546153846154,0,High-Value / Champions
16242,8,7,3579.86,1969,184,511.40857142857146,0,High-Value / Champions
16243,34,2,409.1,110,49,204.55,1,Regular / Growth Potential
16244,212,2,1522.75,855,88,761.375,2,At-Risk / Low-Engagement
16245,24,3,1413.66,1014,80,471.22,1,Regular / Growth Potential
16247,170,1,114.56,182,16,114.56,2,At-Risk / Low-Engagement
16248,62,1,152.94,78,7,152.94,2,At-Risk / Low-Engagement
16249,53,5,1800.07,950,67,360.014,1,Regular / Growth Potential
16250,261,2,389.44,208,22,194.72,2,At-Risk / Low-Engagement
16253,67,2,3683.86,3233,114,1841.93,1,Regular / Growth Potential
16255,17,8,2619.91,1767,146,327.48875,0,High-Value / Champions
16256,267,1,752.4300000000001,581,13,752.4300000000001,2,At-Risk / Low-Engagement
16257,177,1,46.95,2,2,46.95,2,At-Risk / Low-Engagement
16258,45,5,5203.51,2994,111,1040.702,0,High-Value / Champions
16260,51,1,1035.45,311,18,1035.45,1,Regular / Growth Potential
16261,17,4,728.54,301,98,182.135,1,Regular / Growth Potential
16265,9,9,5447.0,2646,164,605.2222222222222,0,High-Value / Champions
16266,74,7,861.89,398,44,123.12714285714286,1,Regular / Growth Potential
16268,71,2,667.65,533,45,333.825,1,Regular / Growth Potential
16270,353,1,1141.24,688,54,1141.24,2,At-Risk / Low-Engagement
16271,3,5,1404.64,1024,89,280.928,0,High-Value / Champions
16272,117,1,411.7,224,25,411.7,2,At-Risk / Low-Engagement
16274,373,1,351.75,153,64,351.75,2,At-Risk / Low-Engagement
16275,197,1,559.87,336,33,559.87,2,At-Risk / Low-Engagement
16276,177,1,810.6000000000001,420,6,810.6000000000001,2,At-Risk / Low-Engagement
16278,100,1,566.38,114,23,566.38,2,At-Risk / Low-Engagement
16279,21,3,1502.78,1046,102,500.9266666666667,1,Regular / Growth Potential
16281,72,1,2062.06,934,17,2062.06,1,Regular / Growth Potential
16282,340,1,168.3,114,11,168.3,2,At-Risk / Low-Engagement
16283,6,5,1570.81,1236,117,314.162,0,High-Value / Champions
16284,31,2,812.68,535,87,406.34,1,Regular / Growth Potential
16287,170,1,142.5,298,8,142.5,2,At-Risk / Low-Engagement
16292,122,1,302.25,191,17,302.25,2,At-Risk / Low-Engagement
16293,22,10,2248.9900000000002,982,102,224.89900000000003,0,High-Value / Champions
16295,10,4,1328.55,841,70,332.1375,1,Regular / Growth Potential
16297,269,1,301.9,206,20,301.9,2,At-Risk / Low-Engagement
16298,23,3,598.2,198,22,199.4,1,Regular / Growth Potential
16302,127,1,233.22,158,11,233.22,2,At-Risk / Low-Engagement
16303,26,3,5360.63,2659,119,1786.8766666666668,1,Regular / Growth Potential
16305,139,1,361.21999999999997,256,22,361.21999999999997,2,At-Risk / Low-Engagement
16306,214,6,632.27,487,36,105.37833333333333,1,Regular / Growth Potential
16308,38,4,2560.0,8000,1,640.0,1,Regular / Growth Potential
16309,106,2,706.57,467,39,353.285,2,At-Risk / Low-Engagement
16311,18,2,616.26,394,35,308.13,1,Regular / Growth Potential
16313,3,2,274.15000000000003,165,16,137.07500000000002,1,Regular / Growth Potential
16315,331,1,226.37,75,14,226.37,2,At-Risk / Low-Engagement
16316,64,8,2938.91,1484,120,367.36375,0,High-Value / Champions
16317,120,3,1341.65,890,64,447.2166666666667,1,Regular / Growth Potential
16318,35,1,328.15,199,19,328.15,2,At-Risk / Low-Engagement
16319,218,1,404.40000000000003,72,3,404.40000000000003,2,At-Risk / Low-Engagement
16320,172,2,1038.46,732,56,519.23,2,At-Risk / Low-Engagement
16321,72,5,373.65000000000003,135,7,74.73,1,Regular / Growth Potential
16322,1,2,326.75,231,28,163.375,1,Regular / Growth Potential
16323,196,1,207.50000000000003,50,1,207.50000000000003,2,At-Risk / Low-Engagement
16324,128,3,408.59000000000003,270,100,136.1966666666667,2,At-Risk / Low-Engagement
16325,47,3,594.24,194,14,198.08,1,Regular / Growth Potential
16326,6,14,3039.2200000000003,682,158,217.08714285714288,0,High-Value / Champions
16327,14,6,3820.27,2560,142,636.7116666666667,0,High-Value / Champions
16330,18,3,251.91,147,39,83.97,1,Regular / Growth Potential
16332,28,7,1582.8,797,125,226.1142857142857,1,Regular / Growth Potential
16333,8,22,26626.8,32184,9,1210.3090909090909,0,High-Value / Champions
16337,37,1,151.05,87,10,151.05,2,At-Risk / Low-Engagement
16338,157,1,214.79999999999998,94,11,214.79999999999998,2,At-Risk / Low-Engagement
16339,284,1,94.05,21,17,94.05,2,At-Risk / Low-Engagement
16340,107,1,534.31,486,124,534.31,2,At-Risk / Low-Engagement
16341,25,4,1971.87,1398,60,492.9675,1,Regular / Growth Potential
16342,75,4,322.41,157,10,80.6025,1,Regular / Growth Potential
16343,16,2,328.58,175,29,164.29,1,Regular / Growth Potential
16344,158,1,101.10000000000001,18,1,101.10000000000001,2,At-Risk / Low-Engagement
16345,44,1,565.46,288,35,565.46,2,At-Risk / Low-Engagement
16347,11,2,847.45,341,61,423.725,1,Regular / Growth Potential
16348,32,7,1415.65,805,157,202.2357142857143,1,Regular / Growth Potential
16349,291,1,53.5,9,9,53.5,2,At-Risk / Low-Engagement
16350,21,4,1116.47,545,40,279.1175,1,Regular / Growth Potential
16351,333,1,153.9,90,8,153.9,2,At-Risk / Low-Engagement
16352,18,2,494.44,300,28,247.22,1,Regular / Growth Potential
16353,4,23,6675.71,2006,51,290.24826086956523,0,High-Value / Champions
16354,63,2,395.8,150,38,197.9,2,At-Risk / Low-Engagement
16356,198,3,211.77,93,20,70.59,2,At-Risk / Low-Engagement
16357,33,3,658.88,246,31,219.62666666666667,1,Regular / Growth Potential
16358,1,4,2027.5,1302,82,506.875,0,High-Value / Champions
16359,7,9,1750.92,1183,39,194.54666666666668,0,High-Value / Champions
16360,5,6,3450.41,2110,365,575.0683333333333,0,High-Value / Champions
16361,10,4,891.21,418,87,222.8025,1,Regular / Growth Potential
16362,32,5,709.99,340,58,141.998,1,Regular / Growth Potential
16363,53,1,109.36000000000001,52,5,109.36000000000001,2,At-Risk / Low-Engagement
16364,12,2,705.79,279,48,352.895,1,Regular / Growth Potential
16365,18,9,1540.42,504,45,171.1577777777778,0,High-Value / Champions
16366,19,1,327.3,256,18,327.3,1,Regular / Growth Potential
16367,37,2,800.67,643,123,400.335,1,Regular / Growth Potential
16368,2,2,479.91,251,58,239.955,1,Regular / Growth Potential
16369,18,3,1545.41,1030,91,515.1366666666667,1,Regular / Growth Potential
16370,82,4,1301.91,640,143,325.4775,1,Regular / Growth Potential
16372,33,2,355.73,158,86,177.865,1,Regular / Growth Potential
16374,66,2,466.73,237,101,233.365,2,At-Risk / Low-Engagement
16376,9,2,974.96,691,104,487.48,1,Regular / Growth Potential
16377,267,1,676.2,1500,5,676.2,2,At-Risk / Low-Engagement
16378,247,3,362.95,267,22,120.98333333333333,2,At-Risk / Low-Engagement
16379,4,4,2157.4,1410,87,539.35,0,High-Value / Champions
16380,61,1,1743.1499999999999,1428,28,1743.1499999999999,1,Regular / Growth Potential
16383,75,2,643.76,467,80,321.88,1,Regular / Growth Potential
16384,90,2,584.5,260,33,292.25,2,At-Risk / Low-Engagement
16385,60,3,554.86,258,52,184.95333333333335,1,Regular / Growth Potential
16386,29,2,302.57,205,76,151.285,1,Regular / Growth Potential
16387,323,1,94.36,44,4,94.36,2,At-Risk / Low-Engagement
16389,53,4,1382.07,1242,33,345.5175,1,Regular / Growth Potential
16392,270,1,217.89,201,41,217.89,2,At-Risk / Low-Engagement
16393,2,13,3040.96,1573,120,233.92000000000002,0,High-Value / Champions
16394,57,5,1555.34,2604,61,311.068,1,Regular / Growth Potential
16395,61,5,1482.06,1472,150,296.412,1,Regular / Growth Potential
16398,154,2,1705.8,758,75,852.9,1,Regular / Growth Potential
16399,19,2,408.02,263,68,204.01,1,Regular / Growth Potential
16400,95,1,303.93,172,28,303.93,2,At-Risk / Low-Engagement
16401,1,12,4098.32,3882,66,341.52666666666664,0,High-Value / Champions
16402,265,2,293.45,146,55,146.725,2,At-Risk / Low-Engagement
16403,312,1,177.5,114,10,177.5,2,At-Risk / Low-Engagement
16404,70,1,443.05,157,23,443.05,2,At-Risk / Low-Engagement
16405,302,2,167.25,187,3,83.625,2,At-Risk / Low-Engagement
16406,19,1,154.35,116,54,154.35,2,At-Risk / Low-Engagement
16407,13,10,2079.68,1093,99,207.968,0,High-Value / Champions
16409,36,5,2022.98,1304,145,404.596,1,Regular / Growth Potential
16411,19,2,211.7,131,41,105.85,1,Regular / Growth Potential
16412,54,1,135.99,63,25,135.99,2,At-Risk / Low-Engagement
16413,57,1,262.2,148,30,262.2,2,At-Risk / Low-Engagement
16414,22,2,126.25,27,5,63.125,2,At-Risk / Low-Engagement
16415,44,1,200.27,178,45,200.27,2,At-Risk / Low-Engagement
16416,27,3,1051.4,672,59,350.4666666666667,1,Regular / Growth Potential
16418,45,3,631.12,280,76,210.37333333333333,1,Regular / Growth Potential
16419,113,6,958.71,428,36,159.785,1,Regular / Growth Potential
16422,17,51,34684.4,33704,68,680.086274509804,0,High-Value / Champions
16423,25,1,346.12,230,18,346.12,2,At-Risk / Low-Engagement
16424,191,1,133.56,88,5,133.56,2,At-Risk / Low-Engagement
16425,302,1,302.7,199,21,302.7,2,At-Risk / Low-Engagement
16426,2,10,1863.76,1215,211,186.376,0,High-Value / Champions
16427,263,2,241.06,156,8,120.53,2,At-Risk / Low-Engagement
16429,106,1,284.55,9,2,284.55,2,At-Risk / Low-Engagement
16430,57,1,300.85,103,6,300.85,2,At-Risk / Low-Engagement
16431,213,3,623.28,442,51,207.76,2,At-Risk / Low-Engagement
16432,64,1,287.4,276,8,287.4,2,At-Risk / Low-Engagement
16433,28,1,184.26,106,17,184.26,2,At-Risk / Low-Engagement
16434,29,7,1511.8,760,88,215.97142857142856,1,Regular / Growth Potential
16438,6,5,798.35,463,74,159.67000000000002,1,Regular / Growth Potential
16440,8,5,3640.67,2018,186,728.134,0,High-Value / Champions
16441,67,2,381.2,173,22,190.6,2,At-Risk / Low-Engagement
16442,2,3,609.3,443,161,203.1,1,Regular / Growth Potential
16444,46,4,654.67,407,68,163.6675,1,Regular / Growth Potential
16445,34,1,230.51,111,62,230.51,2,At-Risk / Low-Engagement
16446,1,2,168472.5,80997,3,84236.25,0,High-Value / Champions
16447,136,1,255.91,221,34,255.91,2,At-Risk / Low-Engagement
16448,198,1,182.99,76,19,182.99,2,At-Risk / Low-Engagement
16449,198,2,707.69,367,40,353.845,2,At-Risk / Low-Engagement
16450,150,1,311.92,200,11,311.92,2,At-Risk / Low-Engagement
16451,88,1,266.97,120,14,266.97,2,At-Risk / Low-Engagement
16454,45,2,6.9,3,2,3.45,2,At-Risk / Low-Engagement
16455,64,7,1841.18,988,69,263.0257142857143,1,Regular / Growth Potential
16456,99,5,2158.18,1147,80,431.63599999999997,1,Regular / Growth Potential
16457,218,1,208.36,140,9,208.36,2,At-Risk / Low-Engagement
16458,3,18,3482.7400000000002,2154,52,193.48555555555558,0,High-Value / Champions
16460,28,3,811.23,876,128,270.41,1,Regular / Growth Potential
16461,178,1,142.92,48,31,142.92,2,At-Risk / Low-Engagement
16462,74,3,136.0,16,1,45.333333333333336,2,At-Risk / Low-Engagement
16463,21,4,1422.4,1163,74,355.6,1,Regular / Growth Potential
16464,20,3,1298.66,952,152,432.8866666666667,1,Regular / Growth Potential
16466,34,7,1595.96,785,103,227.99428571428572,1,Regular / Growth Potential
16468,74,1,74.9,31,2,74.9,2,At-Risk / Low-Engagement
16469,24,4,625.42,260,148,156.355,1,Regular / Growth Potential
16470,52,4,752.77,522,120,188.1925,1,Regular / Growth Potential
16471,275,1,223.95000000000002,141,13,223.95000000000002,2,At-Risk / Low-Engagement
16473,165,3,316.11,196,18,105.37,2,At-Risk / Low-Engagement
16474,7,7,1810.65,909,237,258.6642857142857,0,High-Value / Champions
16475,88,4,544.3,319,23,136.075,1,Regular / Growth Potential
16477,64,7,2494.46,1415,111,356.3514285714286,1,Regular / Growth Potential
16478,25,3,331.0,224,15,110.33333333333333,1,Regular / Growth Potential
16479,10,2,300.83,102,35,150.415,1,Regular / Growth Potential
16480,76,1,769.29,455,51,769.29,2,At-Risk / Low-Engagement
16482,16,1,220.62,346,18,220.62,2,At-Risk / Low-Engagement
16483,192,1,139.35,44,19,139.35,2,At-Risk / Low-Engagement
16484,174,2,404.3,200,25,202.15,2,At-Risk / Low-Engagement
16485,77,1,363.65,235,41,363.65,2,At-Risk / Low-Engagement
16488,33,3,498.8,728,28,166.26666666666668,1,Regular / Growth Potential
16491,47,1,731.5,478,39,731.5,2,At-Risk / Low-Engagement
16493,80,4,1351.63,1164,40,337.9075,1,Regular / Growth Potential
16494,297,1,826.53,675,47,826.53,2,At-Risk / Low-Engagement
16495,3,3,648.26,328,78,216.08666666666667,1,Regular / Growth Potential
16496,9,3,1599.52,1111,92,533.1733333333333,1,Regular / Growth Potential
16497,50,6,2965.69,1396,128,494.2816666666667,1,Regular / Growth Potential
16498,161,2,100.97,45,15,50.485,2,At-Risk / Low-Engagement
16499,360,2,365.45,127,18,182.725,2,At-Risk / Low-Engagement
16500,5,6,400.86,123,8,66.81,1,Regular / Growth Potential
16503,107,4,1431.93,569,71,357.9825,1,Regular / Growth Potential
16504,25,1,465.88,510,76,465.88,1,Regular / Growth Potential
16505,32,1,777.6,576,4,777.6,1,Regular / Growth Potential
16506,20,2,90.30000000000001,42,3,45.150000000000006,2,At-Risk / Low-Engagement
16509,297,1,363.7,64,13,363.7,2,At-Risk / Low-Engagement
16510,372,1,248.1,92,13,248.1,2,At-Risk / Low-Engagement
16511,22,3,918.33,405,135,306.11,1,Regular / Growth Potential
16513,5,4,874.59,407,33,218.6475,1,Regular / Growth Potential
16515,52,5,1624.14,826,89,324.82800000000003,1,Regular / Growth Potential
16516,30,1,101.69999999999999,58,6,101.69999999999999,2,At-Risk / Low-Engagement
16517,277,1,162.7,96,17,162.7,2,At-Risk / Low-Engagement
16518,61,2,484.32,327,36,242.16,2,At-Risk / Low-Engagement
16519,25,2,215.07999999999998,54,13,107.53999999999999,1,Regular / Growth Potential
16520,186,3,1046.57,558,129,348.8566666666666,1,Regular / Growth Potential
16523,2,21,9418.470000000001,4265,151,448.4985714285715,0,High-Value / Champions
16525,2,26,13027.45,7397,75,501.0557692307693,0,High-Value / Champions
16526,172,1,290.36,106,15,290.36,2,At-Risk / Low-Engagement
16527,81,1,228.06,106,14,228.06,2,At-Risk / Low-Engagement
16528,4,1,244.41,171,17,244.41,1,Regular / Growth Potential
16529,190,1,455.25,198,30,455.25,2,At-Risk / Low-Engagement
16531,22,7,1244.59,915,68,177.79857142857142,1,Regular / Growth Potential
16532,18,3,6748.8,2016,2,2249.6,1,Regular / Growth Potential
16533,19,3,1082.81,611,112,360.93666666666667,1,Regular / Growth Potential
16535,5,1,593.75,356,31,593.75,1,Regular / Growth Potential
16536,110,1,548.12,250,49,548.12,2,At-Risk / Low-Engagement
16539,3,4,1388.81,477,36,347.2025,1,Regular / Growth Potential
16542,54,1,119.62,46,5,119.62,2,At-Risk / Low-Engagement
16545,165,1,339.3,78,3,339.3,2,At-Risk / Low-Engagement
16546,291,2,787.15,549,25,393.575,2,At-Risk / Low-Engagement
16549,10,10,4034.9,2294,445,403.49,0,High-Value / Champions
16550,109,5,2298.97,1540,162,459.794,1,Regular / Growth Potential
16551,96,3,922.12,970,26,307.37333333333333,1,Regular / Growth Potential
16552,243,2,379.73,219,17,189.865,2,At-Risk / Low-Engagement
16553,163,12,5719.82,4600,62,476.65166666666664,0,High-Value / Champions
16554,42,3,837.1,402,51,279.03333333333336,1,Regular / Growth Potential
16555,35,2,285.89,175,15,142.945,2,At-Risk / Low-Engagement
16556,67,7,3313.79,1890,144,473.3985714285714,0,High-Value / Champions
16557,24,2,281.85,111,11,140.925,1,Regular / Growth Potential
16558,1,20,8338.49,5377,264,416.92449999999997,0,High-Value / Champions
16560,27,2,841.41,500,52,420.705,1,Regular / Growth Potential
16561,6,2,511.12,244,29,255.56,1,Regular / Growth Potential
16563,54,1,1077.74,486,19,1077.74,1,Regular / Growth Potential
16565,364,1,173.7,46,3,173.7,2,At-Risk / Low-Engagement
16566,15,5,614.66,362,14,122.93199999999999,1,Regular / Growth Potential
16567,194,2,865.6,996,34,432.8,2,At-Risk / Low-Engagement
16569,3,1,124.2,93,5,124.2,1,Regular / Growth Potential
16570,15,10,3738.4,2112,68,373.84000000000003,0,High-Value / Champions
16571,27,3,1421.69,1239,73,473.8966666666667,1,Regular / Growth Potential
16572,127,3,1009.6,532,40,336.53333333333336,1,Regular / Growth Potential
16573,85,2,663.61,360,40,331.805,2,At-Risk / Low-Engagement
16574,71,1,451.44,416,28,451.44,2,At-Risk / Low-Engagement
16581,183,1,105.84,134,9,105.84,2,At-Risk / Low-Engagement
16582,113,1,313.62,164,6,313.62,2,At-Risk / Low-Engagement
16583,374,1,233.45,111,14,233.45,2,At-Risk / Low-Engagement
16584,80,2,936.08,646,25,468.04,1,Regular / Growth Potential
16586,249,1,463.95,95,8,463.95,2,At-Risk / Low-Engagement
16587,232,1,225.15,71,13,225.15,2,At-Risk / Low-Engagement
16589,71,3,459.24,368,31,153.08,1,Regular / Growth Potential
16591,69,1,213.5,41,10,213.5,2,At-Risk / Low-Engagement
16592,4,16,4113.68,2927,142,257.105,0,High-Value / Champions
16593,51,3,330.03,116,24,110.00999999999999,1,Regular / Growth Potential
16594,75,1,181.09,64,53,181.09,2,At-Risk / Low-Engagement
16595,61,1,360.16,335,83,360.16,2,At-Risk / Low-Engagement
16596,16,2,250.15,97,12,125.075,1,Regular / Growth Potential
16597,4,1,90.04,184,7,90.04,1,Regular / Growth Potential
16598,286,1,145.04999999999998,73,10,145.04999999999998,2,At-Risk / Low-Engagement
16600,4,6,813.52,1145,50,135.58666666666667,0,High-Value / Champions
16601,41,1,242.7,133,29,242.7,2,At-Risk / Low-Engagement
16602,36,1,528.08,336,29,528.08,2,At-Risk / Low-Engagement
16603,75,2,482.47,480,34,241.235,2,At-Risk / Low-Engagement
16607,18,14,3347.71,2859,140,239.12214285714285,0,High-Value / Champions
16609,15,7,5493.46,2420,155,784.78,0,High-Value / Champions
16610,219,1,75.66,66,6,75.66,2,At-Risk / Low-Engagement
16611,186,1,129.49,47,9,129.49,2,At-Risk / Low-Engagement
16612,33,4,1187.66,506,48,296.915,1,Regular / Growth Potential
16613,70,1,618.59,293,30,618.59,2,At-Risk / Low-Engagement
16614,183,1,506.19,223,26,506.19,2,At-Risk / Low-Engagement
16616,15,2,500.42,370,31,250.21,1,Regular / Growth Potential
16617,236,1,151.85,91,5,151.85,2,At-Risk / Low-Engagement
16618,31,5,2647.59,1363,79,529.518,1,Regular / Growth Potential
16619,264,1,226.21,133,14,226.21,2,At-Risk / Low-Engagement
16620,4,2,178.96,88,9,89.48,1,Regular / Growth Potential
16621,52,4,813.48,302,22,203.37,1,Regular / Growth Potential
16623,246,1,129.45,39,5,129.45,2,At-Risk / Low-Engagement
16624,81,2,810.5699999999999,488,44,405.28499999999997,1,Regular / Growth Potential
16625,275,1,333.08,164,23,333.08,2,At-Risk / Low-Engagement
16626,1,17,4413.1,2690,86,259.59411764705885,0,High-Value / Champions
16627,79,1,322.8,162,20,322.8,2,At-Risk / Low-Engagement
16628,30,5,2188.05,1205,79,437.61,1,Regular / Growth Potential
16629,74,2,408.63,489,58,204.315,2,At-Risk / Low-Engagement
16633,17,6,2883.1,1138,115,480.51666666666665,0,High-Value / Champions
16634,223,2,217.9,82,9,108.95,2,At-Risk / Low-Engagement
16637,32,4,1154.47,927,66,288.6175,1,Regular / Growth Potential
16638,23,10,1680.72,1255,92,168.072,0,High-Value / Champions
16639,31,3,1257.51,510,48,419.17,1,Regular / Growth Potential
16641,106,1,231.10000000000002,256,12,231.10000000000002,2,At-Risk / Low-Engagement
16642,5,2,688.33,479,32,344.165,1,Regular / Growth Potential
16643,246,1,487.51,269,27,487.51,2,At-Risk / Low-Engagement
16644,178,2,833.78,826,62,416.89,2,At-Risk / Low-Engagement
16647,170,2,214.06,146,12,107.03,2,At-Risk / Low-Engagement
16648,43,1,290.65999999999997,281,19,290.65999999999997,2,At-Risk / Low-Engagement
16650,72,1,518.42,372,24,518.42,2,At-Risk / Low-Engagement
16652,59,7,6773.97,3283,74,967.71,0,High-Value / Champions
16653,16,2,1212.66,733,67,606.33,1,Regular / Growth Potential
16654,141,4,601.27,282,29,150.3175,1,Regular / Growth Potential
16655,18,6,3789.52,2363,208,631.5866666666667,0,High-Value / Champions
16656,22,15,8625.8,8894,14,575.0533333333333,0,High-Value / Champions
16657,10,4,874.43,1130,158,218.6075,1,Regular / Growth Potential
16658,368,1,123.24,40,8,123.24,2,At-Risk / Low-Engagement
16659,189,1,39.12,72,2,39.12,2,At-Risk / Low-Engagement
16660,16,4,1267.6499999999999,571,16,316.91249999999997,1,Regular / Growth Potential
16665,362,1,135.39999999999998,59,9,135.39999999999998,2,At-Risk / Low-Engagement
16666,19,1,118.98,233,32,118.98,2,At-Risk / Low-Engagement
16667,68,2,567.1800000000001,236,52,283.59000000000003,2,At-Risk / Low-Engagement
16668,15,6,306.71999999999997,318,9,51.12,1,Regular / Growth Potential
16669,24,3,1348.88,881,141,449.6266666666667,1,Regular / Growth Potential
16670,17,11,4095.9,2556,179,372.3545454545455,0,High-Value / Champions
16671,28,3,1692.27,875,3,564.09,1,Regular / Growth Potential
16672,2,20,8134.9400000000005,2832,22,406.747,0,High-Value / Champions
16674,55,2,304.24,181,89,152.12,2,At-Risk / Low-Engagement
16676,34,4,1592.1200000000001,636,75,398.03000000000003,1,Regular / Growth Potential
16678,3,12,3109.99,2397,92,259.1658333333333,0,High-Value / Champions
16679,366,1,129.75,29,3,129.75,2,At-Risk / Low-Engagement
16680,43,1,183.7,94,10,183.7,2,At-Risk / Low-Engagement
16681,73,6,1770.34,1407,18,295.0566666666667,1,Regular / Growth Potential
16682,5,5,1028.0,1040,15,205.6,1,Regular / Growth Potential
16684,4,28,66653.56,50255,119,2380.4842857142858,0,High-Value / Champions
16685,61,2,324.24,396,60,162.12,2,At-Risk / Low-Engagement
16686,47,7,2959.88,1977,406,422.84000000000003,0,High-Value / Champions
16688,1,4,1260.86,804,52,315.215,0,High-Value / Champions
16689,76,2,422.59999999999997,330,12,211.29999999999998,2,At-Risk / Low-Engagement
16690,72,2,225.57999999999998,138,10,112.78999999999999,2,At-Risk / Low-Engagement
16692,256,2,1276.0,152,2,638.0,2,At-Risk / Low-Engagement
16693,69,2,477.86,203,58,238.93,2,At-Risk / Low-Engagement
16696,135,4,657.9000000000001,146,7,164.47500000000002,1,Regular / Growth Potential
16697,241,1,112.75,27,20,112.75,2,At-Risk / Low-Engagement
16698,227,2,1998.0,840,4,999.0,1,Regular / Growth Potential
16700,9,13,5076.55,4024,159,390.50384615384615,0,High-Value / Champions
16701,9,13,5398.3,6393,99,415.25384615384615,0,High-Value / Champions
16705,1,20,14034.99,5476,133,701.7495,0,High-Value / Champions
16706,37,3,531.35,249,108,177.11666666666667,1,Regular / Growth Potential
16708,46,1,656.63,285,27,656.63,2,At-Risk / Low-Engagement
16709,85,5,3029.87,851,64,605.9739999999999,1,Regular / Growth Potential
16710,19,10,2467.99,1823,268,246.79899999999998,0,High-Value / Champions
16711,3,5,1651.03,833,18,330.206,0,High-Value / Champions
16712,9,11,3611.31,1730,259,328.3009090909091,0,High-Value / Champions
16713,19,15,6910.78,4271,338,460.71866666666665,0,High-Value / Champions
16714,219,3,1129.06,589,77,376.3533333333333,2,At-Risk / Low-Engagement
16715,78,1,301.71999999999997,642,19,301.71999999999997,2,At-Risk / Low-Engagement
16716,267,2,901.2,120,1,450.6,2,At-Risk / Low-Engagement
16717,24,6,3843.08,1860,176,640.5133333333333,0,High-Value / Champions
16718,369,1,606.0500000000001,407,41,606.0500000000001,2,At-Risk / Low-Engagement
16719,15,7,1770.22,1175,107,252.88857142857142,0,High-Value / Champions
16720,26,1,152.95,180,25,152.95,2,At-Risk / Low-Engagement
16721,262,1,292.47,172,37,292.47,2,At-Risk / Low-Engagement
16722,17,13,4730.81,5001,96,363.90846153846155,0,High-Value / Champions
16723,91,2,576.4,398,37,288.2,2,At-Risk / Low-Engagement
16725,302,7,758.27,288,110,108.32428571428571,1,Regular / Growth Potential
16726,26,5,1358.74,945,121,271.748,1,Regular / Growth Potential
16727,364,1,256.32,167,41,256.32,2,At-Risk / Low-Engagement
16728,46,4,1048.28,671,218,262.07,1,Regular / Growth Potential
16729,38,21,7205.33,5722,234,343.11095238095237,0,High-Value / Champions
16730,52,3,743.11,994,75,247.70333333333335,1,Regular / Growth Potential
16732,32,1,603.75,317,28,603.75,1,Regular / Growth Potential
16734,52,3,646.76,345,44,215.58666666666667,1,Regular / Growth Potential
16735,79,5,2247.41,1532,88,449.48199999999997,1,Regular / Growth Potential
16737,53,1,417.59999999999997,288,1,417.59999999999997,2,At-Risk / Low-Engagement
16738,298,1,3.75,3,1,3.75,2,At-Risk / Low-Engagement
16739,177,1,323.0,172,13,323.0,2,At-Risk / Low-Engagement
16742,47,1,464.9,1,1,464.9,2,At-Risk / Low-Engagement
16743,29,7,2213.13,2035,89,316.1614285714286,0,High-Value / Champions
16744,11,7,1291.91,798,198,184.55857142857144,0,High-Value / Champions
16745,87,17,7180.7,6719,148,422.3941176470588,0,High-Value / Champions
16746,5,18,6680.11,4660,234,371.1172222222222,0,High-Value / Champions
16747,38,2,836.06,583,34,418.03,1,Regular / Growth Potential
16748,18,5,1515.9,880,42,303.18,1,Regular / Growth Potential
16750,45,5,623.93,214,74,124.78599999999999,1,Regular / Growth Potential
16751,31,1,1764.72,1031,24,1764.72,1,Regular / Growth Potential
16752,373,1,207.5,54,9,207.5,2,At-Risk / Low-Engagement
16753,58,1,223.92000000000002,189,34,223.92000000000002,2,At-Risk / Low-Engagement
16754,372,1,2002.4,4280,2,2002.4,2,At-Risk / Low-Engagement
16755,114,3,1475.43,1058,133,491.81,1,Regular / Growth Potential
16756,215,1,239.4,106,13,239.4,2,At-Risk / Low-Engagement
16757,319,1,106.83000000000001,81,7,106.83000000000001,2,At-Risk / Low-Engagement
16758,65,1,369.34000000000003,203,22,369.34000000000003,2,At-Risk / Low-Engagement
16759,8,3,789.79,609,40,263.2633333333333,1,Regular / Growth Potential
16761,97,1,316.62,341,13,316.62,2,At-Risk / Low-Engagement
16762,20,3,1207.24,480,51,402.41333333333336,1,Regular / Growth Potential
16763,199,1,611.85,319,23,611.85,2,At-Risk / Low-Engagement
16764,4,13,2790.9500000000003,1253,209,214.68846153846155,0,High-Value / Champions
16765,294,1,34.0,4,1,34.0,2,At-Risk / Low-Engagement
16766,273,2,1145.6,536,17,572.8,2,At-Risk / Low-Engagement
16767,31,11,5575.56,4423,148,506.86909090909097,0,High-Value / Champions
16768,48,3,478.09000000000003,196,47,159.36333333333334,1,Regular / Growth Potential
16769,260,1,361.54,80,33,361.54,2,At-Risk / Low-Engagement
16770,58,5,757.1,456,116,151.42000000000002,1,Regular / Growth Potential
16771,33,5,2242.61,1487,200,448.52200000000005,1,Regular / Growth Potential
16773,57,1,171.59,171,23,171.59,2,At-Risk / Low-Engagement
16774,68,4,661.52,322,36,165.38,1,Regular / Growth Potential
16775,10,11,1691.51,439,84,153.77363636363637,0,High-Value / Champions
16776,60,1,371.54,254,61,371.54,2,At-Risk / Low-Engagement
16777,80,2,222.62,62,45,111.31,2,At-Risk / Low-Engagement
16778,74,2,245.94,194,16,122.97,2,At-Risk / Low-Engagement
16779,2,22,10611.720000000001,5301,161,482.35090909090917,0,High-Value / Champions
16780,100,2,422.24,270,51,211.12,2,At-Risk / Low-Engagement
16781,372,1,311.25,113,17,311.25,2,At-Risk / Low-Engagement
16782,10,13,2267.9500000000003,705,103,174.45769230769233,0,High-Value / Champions
16784,20,1,107.6,24,3,107.6,2,At-Risk / Low-Engagement
16788,123,2,594.39,304,138,297.195,2,At-Risk / Low-Engagement
16789,8,1,80.8,32,5,80.8,2,At-Risk / Low-Engagement
16790,4,6,1545.6200000000001,898,88,257.60333333333335,0,High-Value / Champions
16791,29,7,1705.78,757,218,243.68285714285713,1,Regular / Growth Potential
16792,282,2,110.38000000000001,44,11,55.190000000000005,2,At-Risk / Low-Engagement
16793,57,1,243.84,146,16,243.84,2,At-Risk / Low-Engagement
16794,1,10,1196.5,923,142,119.65,0,High-Value / Champions
16795,365,1,414.88,239,64,414.88,2,At-Risk / Low-Engagement
16796,89,1,305.62,186,18,305.62,2,At-Risk / Low-Engagement
16800,11,1,1162.65,524,148,1162.65,1,Regular / Growth Potential
16801,163,4,1594.23,493,72,398.5575,1,Regular / Growth Potential
16803,65,1,332.3,245,24,332.3,2,At-Risk / Low-Engagement
16804,23,3,536.99,246,59,178.99666666666667,1,Regular / Growth Potential
16805,174,2,460.59,539,94,230.295,2,At-Risk / Low-Engagement
16806,103,4,762.16,356,68,190.54,1,Regular / Growth Potential
16807,143,3,1121.59,778,57,373.8633333333333,1,Regular / Growth Potential
16808,99,2,288.42,196,21,144.21,2,At-Risk / Low-Engagement
16809,23,5,914.69,652,79,182.93800000000002,1,Regular / Growth Potential
16810,192,1,309.54,114,15,309.54,2,At-Risk / Low-Engagement
16811,5,2,547.07,477,26,273.535,1,Regular / Growth Potential
16812,361,1,479.35,81,15,479.35,2,At-Risk / Low-Engagement
16813,8,10,1652.18,1501,248,165.21800000000002,0,High-Value / Champions
16814,14,21,6416.7,2697,122,305.5571428571428,0,High-Value / Champions
16816,103,4,417.06,274,28,104.265,1,Regular / Growth Potential
16817,3,9,1604.75,822,73,178.30555555555554,0,High-Value / Champions
16818,11,11,3349.57,2164,172,304.50636363636363,0,High-Value / Champions
16820,96,1,497.61,307,26,497.61,2,At-Risk / Low-Engagement
16823,227,1,358.38,136,34,358.38,2,At-Risk / Low-Engagement
16824,16,2,460.64,236,23,230.32,1,Regular / Growth Potential
16825,39,2,775.1800000000001,566,27,387.59000000000003,1,Regular / Growth Potential
16826,51,1,341.7,158,22,341.7,2,At-Risk / Low-Engagement
16828,93,2,128.5,59,8,64.25,2,At-Risk / Low-Engagement
16829,157,1,197.22,99,11,197.22,2,At-Risk / Low-Engagement
16830,39,1,325.91,264,23,325.91,2,At-Risk / Low-Engagement
16832,184,3,199.15,33,11,66.38333333333334,2,At-Risk / Low-Engagement
16833,1,4,1106.53,440,46,276.6325,0,High-Value / Champions
16834,228,1,413.46,358,24,413.46,2,At-Risk / Low-Engagement
16835,128,2,180.85,61,10,90.425,2,At-Risk / Low-Engagement
16836,40,2,251.87,165,11,125.935,2,At-Risk / Low-Engagement
16837,31,11,3170.98,1563,123,288.2709090909091,0,High-Value / Champions
16838,197,2,588.85,185,24,294.425,2,At-Risk / Low-Engagement
16839,9,34,16594.35,8975,114,488.06911764705876,0,High-Value / Champions
16841,37,6,1869.82,2250,101,311.63666666666666,1,Regular / Growth Potential
16842,101,3,1264.19,693,45,421.3966666666667,1,Regular / Growth Potential
16843,43,16,10196.57,10159,226,637.285625,0,High-Value / Champions
16846,50,1,214.32,135,11,214.32,2,At-Risk / Low-Engagement
16847,43,1,193.44,78,12,193.44,2,At-Risk / Low-Engagement
16848,53,1,281.42,182,14,281.42,2,At-Risk / Low-Engagement
16849,187,1,124.57,33,8,124.57,2,At-Risk / Low-Engagement
16850,334,1,332.41,249,19,332.41,2,At-Risk / Low-Engagement
16851,4,3,342.45,271,17,114.14999999999999,1,Regular / Growth Potential
16852,10,2,144.91000000000003,56,9,72.45500000000001,1,Regular / Growth Potential
16855,24,2,328.4,164,19,164.2,1,Regular / Growth Potential
16856,15,1,35.400000000000006,12,2,35.400000000000006,2,At-Risk / Low-Engagement
16858,369,1,375.69000000000005,91,9,375.69000000000005,2,At-Risk / Low-Engagement
16859,145,2,747.81,827,50,373.905,2,At-Risk / Low-Engagement
16861,60,2,173.76,140,6,86.88,2,At-Risk / Low-Engagement
16863,31,2,502.8,409,25,251.4,1,Regular / Growth Potential
16866,141,3,207.73999999999998,60,10,69.24666666666666,2,At-Risk / Low-Engagement
16869,23,4,817.12,583,113,204.28,1,Regular / Growth Potential
16871,22,6,2812.34,1253,131,468.72333333333336,0,High-Value / Champions
16872,77,3,680.02,600,5,226.67333333333332,1,Regular / Growth Potential
16873,5,6,7123.62,3840,179,1187.27,0,High-Value / Champions
16875,67,5,2095.53,1069,93,419.10600000000005,1,Regular / Growth Potential
16877,12,6,846.62,458,111,141.10333333333332,1,Regular / Growth Potential
16878,84,1,13.3,12,3,13.3,2,At-Risk / Low-Engagement
16880,31,7,1491.43,746,121,213.0614285714286,1,Regular / Growth Potential
16881,67,1,432.0,600,1,432.0,2,At-Risk / Low-Engagement
16882,67,3,705.12,424,39,235.04,1,Regular / Growth Potential
16883,187,2,272.48,103,33,136.24,2,At-Risk / Low-Engagement
16884,38,2,429.84000000000003,320,26,214.92000000000002,1,Regular / Growth Potential
16885,15,3,450.41,178,82,150.13666666666668,1,Regular / Growth Potential
16887,35,1,192.32999999999998,156,35,192.32999999999998,2,At-Risk / Low-Engagement
16889,195,3,1578.67,925,112,526.2233333333334,1,Regular / Growth Potential
16891,2,5,742.43,265,166,148.486,1,Regular / Growth Potential
16892,1,5,518.19,236,87,103.638,1,Regular / Growth Potential
16893,367,1,145.93,62,44,145.93,2,At-Risk / Low-Engagement
16895,65,1,202.27,91,57,202.27,2,At-Risk / Low-Engagement
16897,299,2,289.78,73,37,144.89,2,At-Risk / Low-Engagement
16898,26,3,501.03,412,150,167.01,1,Regular / Growth Potential
16899,8,6,1271.06,520,80,211.84333333333333,0,High-Value / Champions
16900,17,3,887.11,833,78,295.7033333333333,1,Regular / Growth Potential
16902,116,1,1706.88,629,43,1706.88,2,At-Risk / Low-Engagement
16903,29,1,363.2,247,50,363.2,2,At-Risk / Low-Engagement
16904,4,16,3653.75,1984,387,228.359375,0,High-Value / Champions
16905,5,7,3037.6,1381,117,433.9428571428571,0,High-Value / Champions
16906,82,4,559.59,263,74,139.8975,1,Regular / Growth Potential
16907,29,5,928.76,286,89,185.752,1,Regular / Growth Potential
16909,72,1,379.14,436,18,379.14,2,At-Risk / Low-Engagement
16910,4,8,1508.96,884,318,188.62,0,High-Value / Champions
16912,29,11,2555.58,1025,88,232.32545454545453,0,High-Value / Champions
16913,290,1,113.44,82,8,113.44,2,At-Risk / Low-Engagement
16914,36,1,183.76,112,25,183.76,2,At-Risk / Low-Engagement
16915,9,6,621.6800000000001,132,46,103.61333333333334,1,Regular / Growth Potential
16916,24,2,562.41,431,129,281.205,1,Regular / Growth Potential
16917,277,1,391.52,232,9,391.52,2,At-Risk / Low-Engagement
16918,50,6,1068.82,721,97,178.13666666666666,1,Regular / Growth Potential
16919,156,11,2592.25,1403,141,235.6590909090909,0,High-Value / Champions
16921,61,1,154.18,154,50,154.18,2,At-Risk / Low-Engagement
16923,12,19,7069.08,3344,313,372.0568421052632,0,High-Value / Champions
16924,21,3,829.89,467,69,276.63,1,Regular / Growth Potential
16926,371,1,230.25,35,14,230.25,2,At-Risk / Low-Engagement
16927,116,3,543.05,993,5,181.01666666666665,2,At-Risk / Low-Engagement
16928,80,17,2814.7,2092,69,165.5705882352941,0,High-Value / Champions
16929,4,7,1295.39,929,51,185.0557142857143,0,High-Value / Champions
16930,26,3,378.89,339,47,126.29666666666667,1,Regular / Growth Potential
16931,5,21,4554.87,3134,448,216.89857142857142,0,High-Value / Champions
16932,53,1,150.23000000000002,82,44,150.23000000000002,2,At-Risk / Low-Engagement
16933,1,2,563.23,288,42,281.615,1,Regular / Growth Potential
16934,55,2,931.03,397,59,465.515,1,Regular / Growth Potential
16936,26,1,261.9,171,56,261.9,2,At-Risk / Low-Engagement
16938,9,4,2711.6800000000003,2533,212,677.9200000000001,1,Regular / Growth Potential
16940,52,3,3049.88,2169,226,1016.6266666666667,1,Regular / Growth Potential
16942,13,9,1904.99,805,159,211.66555555555556,0,High-Value / Champions
16943,212,3,816.73,145,23,272.24333333333334,2,At-Risk / Low-Engagement
16945,22,19,4345.5,2725,137,228.71052631578948,0,High-Value / Champions
16947,236,1,406.48,312,21,406.48,2,At-Risk / Low-Engagement
16948,139,3,435.02,1614,15,145.00666666666666,2,At-Risk / Low-Engagement
16949,4,6,1286.27,791,57,214.37833333333333,0,High-Value / Champions
16950,57,3,1178.56,644,39,392.8533333333333,1,Regular / Growth Potential
16951,135,3,1277.75,1318,73,425.9166666666667,1,Regular / Growth Potential
16952,109,2,167.61,92,16,83.805,2,At-Risk / Low-Engagement
16953,30,1,20.8,10,1,20.8,2,At-Risk / Low-Engagement
16954,1,9,2085.08,1054,40,231.67555555555555,0,High-Value / Champions
16955,185,4,518.67,266,18,129.6675,2,At-Risk / Low-Engagement
16956,18,1,308.74,114,16,308.74,1,Regular / Growth Potential
16957,239,2,416.64,172,15,208.32,2,At-Risk / Low-Engagement
16959,87,1,117.35000000000001,49,7,117.35000000000001,2,At-Risk / Low-Engagement
16960,39,3,507.05,304,92,169.01666666666668,1,Regular / Growth Potential
16961,116,1,234.17,125,14,234.17,2,At-Risk / Low-Engagement
16963,187,1,110.55000000000001,35,7,110.55000000000001,2,At-Risk / Low-Engagement
16965,227,1,201.19,291,26,201.19,2,At-Risk / Low-Engagement
16966,8,7,2154.97,1981,8,307.8528571428571,0,High-Value / Champions
16967,189,1,319.02,333,21,319.02,2,At-Risk / Low-Engagement
16968,4,2,439.43,326,31,219.715,1,Regular / Growth Potential
16969,39,3,650.41,816,42,216.8033333333333,1,Regular / Growth Potential
16971,38,1,357.21,72,40,357.21,2,At-Risk / Low-Engagement
16976,267,1,251.51999999999998,88,2,251.51999999999998,2,At-Risk / Low-Engagement
16978,78,1,344.33,166,39,344.33,2,At-Risk / Low-Engagement
16979,4,6,1852.0,865,64,308.6666666666667,0,High-Value / Champions
16980,255,2,1028.46,739,71,514.23,2,At-Risk / Low-Engagement
16982,61,1,384.06,182,22,384.06,2,At-Risk / Low-Engagement
16983,13,7,1905.87,1335,112,272.26714285714286,0,High-Value / Champions
16984,88,2,4459.52,2380,354,2229.76,1,Regular / Growth Potential
16985,17,10,5464.12,1832,62,546.412,0,High-Value / Champions
16986,30,2,1873.2,1040,3,936.6,1,Regular / Growth Potential
16987,3,7,1616.8,401,74,230.97142857142856,0,High-Value / Champions
16988,5,1,126.12,43,7,126.12,1,Regular / Growth Potential
16989,7,6,1133.25,1233,7,188.875,0,High-Value / Champions
16990,219,1,179.0,100,1,179.0,2,At-Risk / Low-Engagement
16992,11,5,1614.31,860,84,322.86199999999997,1,Regular / Growth Potential
16996,30,6,1456.96,544,13,242.82666666666668,1,Regular / Growth Potential
16997,288,3,702.0,360,7,234.0,2,At-Risk / Low-Engagement
16998,150,4,295.0,76,1,73.75,2,At-Risk / Low-Engagement
16999,23,2,484.82,294,21,242.41,1,Regular / Growth Potential
17001,1,11,3989.57,2164,75,362.6881818181818,0,High-Value / Champions
17002,86,3,1493.73,679,41,497.91,1,Regular / Growth Potential
17004,46,2,1312.1399999999999,771,38,656.0699999999999,1,Regular / Growth Potential
17006,5,4,781.78,272,37,195.445,1,Regular / Growth Potential
17007,51,6,889.9300000000001,597,50,148.3216666666667,1,Regular / Growth Potential
17010,18,1,195.36,118,11,195.36,2,At-Risk / Low-Engagement
17011,30,1,270.9,186,15,270.9,2,At-Risk / Low-Engagement
17014,8,3,583.4300000000001,243,63,194.4766666666667,1,Regular / Growth Potential
17015,29,3,1838.6100000000001,1978,182,612.87,1,Regular / Growth Potential
17017,3,20,8694.26,6673,88,434.713,0,High-Value / Champions
17018,41,2,920.1,176,15,460.05,1,Regular / Growth Potential
17019,11,4,1258.08,820,166,314.52,1,Regular / Growth Potential
17022,31,1,71.0,108,7,71.0,2,At-Risk / Low-Engagement
17024,45,3,95.85,69,2,31.95,2,At-Risk / Low-Engagement
17025,61,3,357.77,235,8,119.25666666666666,1,Regular / Growth Potential
17026,185,2,154.82999999999998,97,4,77.41499999999999,2,At-Risk / Low-Engagement
17027,79,6,877.5600000000001,416,110,146.26000000000002,1,Regular / Growth Potential
17029,111,2,716.0,400,1,358.0,2,At-Risk / Low-Engagement
17030,64,1,146.87,146,11,146.87,2,At-Risk / Low-Engagement
17031,12,2,380.35,235,19,190.175,1,Regular / Growth Potential
17033,86,3,1030.14,750,24,343.38000000000005,1,Regular / Growth Potential
17034,16,3,745.52,410,28,248.50666666666666,1,Regular / Growth Potential
17035,246,2,433.53000000000003,229,27,216.76500000000001,2,At-Risk / Low-Engagement
17037,88,1,1267.32,656,75,1267.32,2,At-Risk / Low-Engagement
17038,30,1,112.4,28,22,112.4,2,At-Risk / Low-Engagement
17040,138,1,449.73,181,15,449.73,2,At-Risk / Low-Engagement
17041,27,3,1071.49,927,59,357.16333333333336,1,Regular / Growth Potential
17042,3,5,1036.58,990,74,207.31599999999997,0,High-Value / Champions
17043,32,4,1735.18,998,100,433.795,1,Regular / Growth Potential
17044,25,1,948.48,504,6,948.48,1,Regular / Growth Potential
17045,113,3,339.44,106,20,113.14666666666666,2,At-Risk / Low-Engagement
17046,157,1,642.02,510,22,642.02,2,At-Risk / Low-Engagement
17047,85,3,1100.9,533,59,366.9666666666667,1,Regular / Growth Potential
17048,118,3,925.35,485,41,308.45,1,Regular / Growth Potential
17049,3,9,5655.03,2673,201,628.3366666666666,0,High-Value / Champions
17050,96,6,3185.64,1595,169,530.9399999999999,1,Regular / Growth Potential
17051,194,1,240.89000000000001,179,40,240.89000000000001,2,At-Risk / Low-Engagement
17052,28,1,399.09,251,72,399.09,2,At-Risk / Low-Engagement
17053,131,1,498.48,122,13,498.48,2,At-Risk / Low-Engagement
17054,28,5,1356.33,804,64,271.26599999999996,1,Regular / Growth Potential
17058,82,3,1179.89,592,51,393.2966666666667,1,Regular / Growth Potential
17059,30,5,3080.39,1850,292,616.078,1,Regular / Growth Potential
17060,266,1,234.24,216,5,234.24,2,At-Risk / Low-Engagement
17061,74,11,5232.2300000000005,1526,57,475.65727272727275,0,High-Value / Champions
17062,314,4,533.33,418,52,133.3325,2,At-Risk / Low-Engagement
17063,21,7,1461.14,770,66,208.73428571428573,1,Regular / Growth Potential
17064,59,3,855.45,316,53,285.15000000000003,1,Regular / Growth Potential
17068,12,21,4552.14,2164,116,216.76857142857145,0,High-Value / Champions
17069,28,9,2709.7000000000003,1506,111,301.0777777777778,0,High-Value / Champions
17070,114,1,304.24,131,62,304.24,2,At-Risk / Low-Engagement
17071,28,9,2429.03,1197,102,269.89222222222224,0,High-Value / Champions
17073,18,4,1446.09,759,142,361.5225,1,Regular / Growth Potential
17075,18,4,834.12,292,62,208.53,1,Regular / Growth Potential
17076,36,3,841.0799999999999,295,17,280.35999999999996,1,Regular / Growth Potential
17078,36,2,378.2,788,28,189.1,1,Regular / Growth Potential
17079,78,1,118.80000000000001,24,2,118.80000000000001,2,At-Risk / Low-Engagement
17080,22,2,287.62,166,8,143.81,1,Regular / Growth Potential
17081,25,2,288.91,77,55,144.455,1,Regular / Growth Potential
17082,33,2,2003.85,1049,75,1001.925,1,Regular / Growth Potential
17083,109,3,1405.78,772,24,468.5933333333333,1,Regular / Growth Potential
17084,35,2,2747.9900000000002,1702,146,1373.9950000000001,1,Regular / Growth Potential
17085,123,5,1562.4,785,115,312.48,1,Regular / Growth Potential
17086,7,6,2050.08,1859,76,341.68,0,High-Value / Champions
17088,28,4,1991.01,868,96,497.7525,1,Regular / Growth Potential
17090,4,7,1974.65,903,45,282.09285714285716,0,High-Value / Champions
17091,3,9,3827.76,1746,119,425.3066666666667,0,High-Value / Champions
17092,50,4,1774.03,1130,99,443.5075,1,Regular / Growth Potential
17094,322,1,302.0,152,14,302.0,2,At-Risk / Low-Engagement
17095,23,3,1324.16,618,69,441.3866666666667,1,Regular / Growth Potential
17096,15,4,1022.13,339,46,255.5325,1,Regular / Growth Potential
17097,2,8,954.42,459,153,119.3025,0,High-Value / Champions
17100,18,2,971.74,800,65,485.87,1,Regular / Growth Potential
17101,10,4,1621.73,815,28,405.4325,1,Regular / Growth Potential
17102,262,1,25.5,2,1,25.5,2,At-Risk / Low-Engagement
17105,159,2,665.78,693,80,332.89,2,At-Risk / Low-Engagement
17107,33,6,10797.48,4826,269,1799.58,0,High-Value / Champions
17109,29,6,881.29,588,107,146.88166666666666,1,Regular / Growth Potential
17110,165,1,163.29999999999998,50,12,163.29999999999998,2,At-Risk / Low-Engagement
17111,47,1,231.61,282,29,231.61,2,At-Risk / Low-Engagement
17114,6,8,801.12,215,85,100.14,0,High-Value / Champions
17115,8,3,837.5,372,33,279.1666666666667,1,Regular / Growth Potential
17117,288,1,116.19999999999999,68,9,116.19999999999999,2,At-Risk / Low-Engagement
17118,318,1,157.02,154,10,157.02,2,At-Risk / Low-Engagement
17119,3,2,606.91,334,35,303.455,1,Regular / Growth Potential
17120,233,1,307.46,120,18,307.46,2,At-Risk / Low-Engagement
17122,119,1,138.32,80,7,138.32,2,At-Risk / Low-Engagement
17123,162,1,345.29999999999995,246,9,345.29999999999995,2,At-Risk / Low-Engagement
17124,185,1,294.24,129,31,294.24,2,At-Risk / Low-Engagement
17125,50,1,230.5,281,34,230.5,2,At-Risk / Low-Engagement
17126,152,5,989.45,780,187,197.89000000000001,1,Regular / Growth Potential
17128,335,1,157.09,76,14,157.09,2,At-Risk / Low-Engagement
17131,5,5,2463.17,983,78,492.634,0,High-Value / Champions
17133,16,7,4892.240000000001,2730,13,698.8914285714287,0,High-Value / Champions
17134,107,2,413.2,98,21,206.6,2,At-Risk / Low-Engagement
17135,16,7,1139.73,1224,34,162.81857142857143,1,Regular / Growth Potential
17138,276,1,380.5,126,24,380.5,2,At-Risk / Low-Engagement
17139,16,12,10650.77,5176,309,887.5641666666667,0,High-Value / Champions
17140,247,1,454.12,296,16,454.12,2,At-Risk / Low-Engagement
17142,239,1,579.0,81,15,579.0,2,At-Risk / Low-Engagement
17144,1,2,984.57,483,42,492.285,1,Regular / Growth Potential
17146,106,3,749.78,212,33,249.92666666666665,1,Regular / Growth Potential
17147,23,4,1714.59,882,68,428.6475,1,Regular / Growth Potential
17148,52,1,124.88,82,9,124.88,2,At-Risk / Low-Engagement
17152,195,3,1689.5,517,9,563.1666666666666,1,Regular / Growth Potential
17153,24,1,213.78,104,14,213.78,2,At-Risk / Low-Engagement
17154,75,1,329.34,490,23,329.34,2,At-Risk / Low-Engagement
17155,18,2,251.70000000000002,242,19,125.85000000000001,1,Regular / Growth Potential
17157,8,2,319.0,172,11,159.5,1,Regular / Growth Potential
17158,32,3,1266.97,778,53,422.3233333333333,1,Regular / Growth Potential
17159,22,3,1538.88,1111,96,512.96,1,Regular / Growth Potential
17160,31,6,3518.03,2856,111,586.3383333333334,0,High-Value / Champions
17162,29,10,1715.46,1001,81,171.546,0,High-Value / Champions
17163,22,2,293.1,66,3,146.55,1,Regular / Growth Potential
17164,33,7,2467.35,1501,92,352.4785714285714,0,High-Value / Champions
17165,284,1,158.68,100,10,158.68,2,At-Risk / Low-Engagement
17166,39,2,206.34,78,11,103.17,2,At-Risk / Low-Engagement
17169,58,2,835.78,526,51,417.89,1,Regular / Growth Potential
17171,289,1,224.91,185,16,224.91,2,At-Risk / Low-Engagement
17172,79,1,317.76,480,15,317.76,2,At-Risk / Low-Engagement
17173,5,8,3766.6,1122,36,470.825,0,High-Value / Champions
17174,218,1,59.9,41,4,59.9,2,At-Risk / Low-Engagement
17175,44,4,1443.69,866,42,360.9225,1,Regular / Growth Potential
17176,202,1,306.13,170,15,306.13,2,At-Risk / Low-Engagement
17179,178,3,711.79,290,56,237.26333333333332,2,At-Risk / Low-Engagement
17180,56,4,783.97,670,91,195.9925,1,Regular / Growth Potential
17181,57,2,239.92000000000002,241,23,119.96000000000001,2,At-Risk / Low-Engagement
17183,8,6,3347.31,1296,42,557.885,0,High-Value / Champions
17186,47,2,144.0,200,1,72.0,2,At-Risk / Low-Engagement
17187,227,1,203.95,144,10,203.95,2,At-Risk / Low-Engagement
17188,11,7,2474.23,1328,71,353.4614285714286,0,High-Value / Champions
17189,106,2,383.75,226,52,191.875,2,At-Risk / Low-Engagement
17190,59,2,444.74,161,19,222.37,2,At-Risk / Low-Engagement
17191,28,7,2093.68,1166,163,299.09714285714284,0,High-Value / Champions
17193,36,7,1699.3000000000002,1254,17,242.7571428571429,1,Regular / Growth Potential
17194,274,2,262.62,119,26,131.31,2,At-Risk / Low-Engagement
17197,30,1,1013.01,191,29,1013.01,1,Regular / Growth Potential
17198,24,3,692.22,357,89,230.74,1,Regular / Growth Potential
17201,54,1,289.78,231,38,289.78,2,At-Risk / Low-Engagement
17203,36,6,3560.08,2846,116,593.3466666666667,0,High-Value / Champions
17204,175,4,1564.56,646,44,391.14,1,Regular / Growth Potential
17205,54,1,384.08,884,13,384.08,2,At-Risk / Low-Engagement
17206,53,1,204.24,76,7,204.24,2,At-Risk / Low-Engagement
17211,27,8,2317.2200000000003,1323,150,289.65250000000003,0,High-Value / Champions
17212,253,1,226.85,147,4,226.85,2,At-Risk / Low-Engagement
17213,40,7,2781.23,1176,85,397.31857142857143,0,High-Value / Champions
17214,60,6,1059.1200000000001,272,79,176.52,1,Regular / Growth Potential
17217,234,1,113.5,24,9,113.5,2,At-Risk / Low-Engagement
17218,4,10,1951.97,955,146,195.197,0,High-Value / Champions
17219,32,1,114.23,89,24,114.23,2,At-Risk / Low-Engagement
17220,24,14,3187.55,1897,303,227.68214285714288,0,High-Value / Champions
17221,7,2,334.48,287,59,167.24,1,Regular / Growth Potential
17222,65,1,328.65,122,27,328.65,2,At-Risk / Low-Engagement
17223,310,2,416.89,110,43,208.445,2,At-Risk / Low-Engagement
17226,309,1,393.49,406,21,393.49,2,At-Risk / Low-Engagement
17227,19,6,939.32,741,28,156.55333333333334,1,Regular / Growth Potential
17228,16,8,1906.09,1532,140,238.26125,0,High-Value / Champions
17229,96,2,318.76,185,39,159.38,2,At-Risk / Low-Engagement
17230,264,8,3638.41,1651,51,454.80125,1,Regular / Growth Potential
17231,12,10,3124.72,1724,292,312.472,0,High-Value / Champions
17232,3,2,417.77,202,30,208.885,1,Regular / Growth Potential
17233,35,1,190.88,131,25,190.88,2,At-Risk / Low-Engagement
17234,183,1,149.89000000000001,55,14,149.89000000000001,2,At-Risk / Low-Engagement
17235,25,2,550.06,224,24,275.03,1,Regular / Growth Potential
17236,13,6,916.13,474,88,152.68833333333333,1,Regular / Growth Potential
17237,11,2,314.69,105,18,157.345,1,Regular / Growth Potential
17238,3,17,3719.1,1807,297,218.7705882352941,0,High-Value / Champions
17239,313,1,382.5,150,15,382.5,2,At-Risk / Low-Engagement
17242,108,2,1135.04,611,30,567.52,1,Regular / Growth Potential
17243,1,26,8540.05,3320,180,328.4634615384615,0,High-Value / Champions
17244,53,1,954.9,616,31,954.9,1,Regular / Growth Potential
17245,205,1,171.45,75,9,171.45,2,At-Risk / Low-Engagement
17247,15,1,280.09000000000003,105,53,280.09000000000003,1,Regular / Growth Potential
17248,120,1,318.65,213,68,318.65,2,At-Risk / Low-Engagement
17250,4,2,381.97,167,55,190.985,1,Regular / Growth Potential
17251,363,1,269.83,108,37,269.83,2,At-Risk / Low-Engagement
17252,117,2,348.91,192,86,174.455,2,At-Risk / Low-Engagement
17253,18,1,178.26,43,18,178.26,2,At-Risk / Low-Engagement
17254,5,2,271.19,251,100,135.595,1,Regular / Growth Potential
17255,41,2,291.48,227,69,145.74,2,At-Risk / Low-Engagement
17256,107,2,240.0,141,12,120.0,2,At-Risk / Low-Engagement
17259,148,2,581.23,388,104,290.615,2,At-Risk / Low-Engagement
17262,52,5,1253.3600000000001,367,9,250.67200000000003,1,Regular / Growth Potential
17263,208,1,63.440000000000005,36,23,63.440000000000005,2,At-Risk / Low-Engagement
17265,139,2,550.01,389,106,275.005,2,At-Risk / Low-Engagement
17266,2,3,296.58,153,60,98.86,1,Regular / Growth Potential
17267,127,2,317.2,158,37,158.6,2,At-Risk / Low-Engagement
17268,108,4,763.64,844,3,190.91,1,Regular / Growth Potential
17272,42,4,2148.63,1778,70,537.1575,1,Regular / Growth Potential
17274,35,1,107.82,77,24,107.82,2,At-Risk / Low-Engagement
17277,228,2,1065.3500000000001,430,67,532.6750000000001,2,At-Risk / Low-Engagement
17278,241,1,246.04,179,15,246.04,2,At-Risk / Low-Engagement
17279,58,1,187.82999999999998,48,8,187.82999999999998,2,At-Risk / Low-Engagement
17282,130,3,1685.46,1866,79,561.82,1,Regular / Growth Potential
17284,60,6,1647.48,1362,229,274.58,1,Regular / Growth Potential
17286,22,1,151.37,117,44,151.37,2,At-Risk / Low-Engagement
17287,26,7,1049.06,556,88,149.8657142857143,1,Regular / Growth Potential
17288,9,7,1417.63,1201,118,202.51857142857145,0,High-Value / Champions
17289,32,3,931.02,513,86,310.34,1,Regular / Growth Potential
17290,4,2,513.01,397,92,256.505,1,Regular / Growth Potential
17291,308,1,550.8000000000001,72,1,550.8000000000001,2,At-Risk / Low-Engagement
17293,8,9,1854.06,1135,93,206.00666666666666,0,High-Value / Champions
17295,29,3,547.0,293,53,182.33333333333334,1,Regular / Growth Potential
17297,17,1,128.18,65,49,128.18,2,At-Risk / Low-Engagement
17298,101,2,498.42,387,30,249.21,2,At-Risk / Low-Engagement
17299,12,4,656.61,668,50,164.1525,1,Regular / Growth Potential
17301,21,1,163.24,137,59,163.24,2,At-Risk / Low-Engagement
17302,15,5,1135.63,575,68,227.12600000000003,1,Regular / Growth Potential
17303,361,1,250.04,144,53,250.04,2,At-Risk / Low-Engagement
17306,11,19,8631.31,11491,13,454.2794736842105,0,High-Value / Champions
17309,95,1,82.75,41,11,82.75,2,At-Risk / Low-Engagement
17311,78,2,1384.85,1005,55,692.425,1,Regular / Growth Potential
17312,139,3,644.3,372,11,214.76666666666665,2,At-Risk / Low-Engagement
17313,31,1,2328.84,1402,24,2328.84,1,Regular / Growth Potential
17314,25,8,2527.92,1896,120,315.99,0,High-Value / Champions
17315,2,38,6281.23,3863,256,165.29552631578946,0,High-Value / Champions
17317,46,3,2600.34,1146,8,866.7800000000001,1,Regular / Growth Potential
17320,100,3,1200.6200000000001,634,57,400.2066666666667,1,Regular / Growth Potential
17321,8,2,657.16,364,94,328.58,1,Regular / Growth Potential
17323,15,7,906.52,760,125,129.50285714285715,1,Regular / Growth Potential
17324,18,4,986.48,843,43,246.62,1,Regular / Growth Potential
17325,280,1,96.8,60,6,96.8,2,At-Risk / Low-Engagement
17329,14,2,523.11,142,29,261.555,1,Regular / Growth Potential
17330,23,2,363.9,120,5,181.95,1,Regular / Growth Potential
17331,124,1,175.2,16,1,175.2,2,At-Risk / Low-Engagement
17333,86,1,494.25,375,28,494.25,2,At-Risk / Low-Engagement
17334,302,2,307.02,315,11,153.51,2,At-Risk / Low-Engagement
17337,151,4,1981.06,1247,421,495.265,1,Regular / Growth Potential
17338,17,8,6493.54,3059,389,811.6925,0,High-Value / Champions
17339,94,2,243.36,152,9,121.68,2,At-Risk / Low-Engagement
17340,30,11,12353.29,5967,229,1123.0263636363636,0,High-Value / Champions
17341,157,3,682.29,443,147,227.42999999999998,2,At-Risk / Low-Engagement
17343,355,1,193.64,56,17,193.64,2,At-Risk / Low-Engagement
17344,46,1,157.62,65,31,157.62,2,At-Risk / Low-Engagement
17345,15,4,519.6899999999999,341,70,129.92249999999999,1,Regular / Growth Potential
17346,4,15,2622.88,1617,299,174.85866666666666,0,High-Value / Champions
17347,86,1,228.96,216,1,228.96,2,At-Risk / Low-Engagement
17348,15,5,1156.6,1398,180,231.32,1,Regular / Growth Potential
17349,179,1,98.25,102,8,98.25,2,At-Risk / Low-Engagement
17350,8,4,1281.32,770,66,320.33,1,Regular / Growth Potential
17351,36,3,587.15,113,22,195.71666666666667,1,Regular / Growth Potential
17353,129,2,1740.0,1200,5,870.0,1,Regular / Growth Potential
17354,51,1,1393.06,1006,15,1393.06,1,Regular / Growth Potential
17356,312,1,178.22,166,19,178.22,2,At-Risk / Low-Engagement
17357,24,2,384.39,152,41,192.195,1,Regular / Growth Potential
17358,303,2,360.81,190,55,180.405,2,At-Risk / Low-Engagement
17359,11,1,127.86,161,13,127.86,2,At-Risk / Low-Engagement
17360,17,3,568.24,328,113,189.41333333333333,1,Regular / Growth Potential
17361,49,3,488.2,157,26,162.73333333333332,1,Regular / Growth Potential
17362,239,2,312.23,191,30,156.115,2,At-Risk / Low-Engagement
17364,1,11,4462.68,2692,288,405.69818181818187,0,High-Value / Champions
17365,13,8,4767.36,4749,278,595.92,0,High-Value / Champions
17367,238,1,167.55,149,33,167.55,2,At-Risk / Low-Engagement
17368,23,8,1878.87,1377,93,234.85875,0,High-Value / Champions
17370,73,4,446.18,540,31,111.545,1,Regular / Growth Potential
17371,17,3,418.4,151,83,139.46666666666667,1,Regular / Growth Potential
17372,41,8,1337.18,747,215,167.1475,1,Regular / Growth Potential
17373,40,4,646.92,408,47,161.73,1,Regular / Growth Potential
17374,219,2,495.77,85,24,247.885,2,At-Risk / Low-Engagement
17375,199,3,400.1,367,63,133.36666666666667,2,At-Risk / Low-Engagement
17376,71,2,203.2,86,23,101.6,2,At-Risk / Low-Engagement
17377,24,20,4058.32,2038,190,202.916,0,High-Value / Champions
17379,11,1,389.71999999999997,623,71,389.71999999999997,1,Regular / Growth Potential
17381,9,29,20275.61,25649,40,699.1589655172414,0,High-Value / Champions
17382,65,1,65.4,25,2,65.4,2,At-Risk / Low-Engagement
17383,4,1,193.39000000000001,148,49,193.39000000000001,1,Regular / Growth Potential
17384,19,2,336.4,88,12,168.2,1,Regular / Growth Potential
17385,15,1,256.11,197,42,256.11,1,Regular / Growth Potential
17386,8,6,2686.42,1902,23,447.7366666666667,0,High-Value / Champions
17387,20,2,746.81,522,71,373.405,1,Regular / Growth Potential
17388,78,4,1259.56,1068,13,314.89,1,Regular / Growth Potential
17389,1,34,31833.68,7612,45,936.2847058823529,0,High-Value / Champions
17391,164,2,508.8,480,2,254.4,2,At-Risk / Low-Engagement
17392,307,2,417.27,277,53,208.635,2,At-Risk / Low-Engagement
17394,219,1,203.86999999999998,241,4,203.86999999999998,2,At-Risk / Low-Engagement
17396,39,8,7330.8,2005,24,916.35,0,High-Value / Champions
17397,22,2,681.41,250,88,340.705,1,Regular / Growth Potential
17398,115,3,653.38,310,30,217.79333333333332,1,Regular / Growth Potential
17400,126,5,2097.84,1088,175,419.56800000000004,1,Regular / Growth Potential
17402,5,13,2633.85,701,33,202.60384615384615,0,High-Value / Champions
17403,36,1,263.92,111,32,263.92,2,At-Risk / Low-Engagement
17404,4,15,31906.82,32748,111,2127.1213333333335,0,High-Value / Champions
17405,1,3,1031.41,726,77,343.80333333333334,1,Regular / Growth Potential
17406,333,3,2184.42,780,99,728.14,1,Regular / Growth Potential
17408,163,1,32.65,3,2,32.65,2,At-Risk / Low-Engagement
17409,185,2,771.85,105,13,385.925,2,At-Risk / Low-Engagement
17410,16,5,1214.72,616,57,242.94400000000002,1,Regular / Growth Potential
17411,12,3,778.94,306,39,259.6466666666667,1,Regular / Growth Potential
17412,3,7,1258.06,738,48,179.72285714285712,0,High-Value / Champions
17414,44,2,778.0,2100,5,389.0,1,Regular / Growth Potential
17415,80,1,507.84,114,14,507.84,2,At-Risk / Low-Engagement
17416,30,7,6893.42,4302,186,984.7742857142857,0,High-Value / Champions
17418,42,2,463.46000000000004,289,29,231.73000000000002,1,Regular / Growth Potential
17419,11,12,4226.57,1876,155,352.21416666666664,0,High-Value / Champions
17420,50,3,598.83,265,28,199.61,1,Regular / Growth Potential
17422,16,6,1979.37,2253,93,329.895,0,High-Value / Champions
17423,46,2,698.41,459,26,349.205,1,Regular / Growth Potential
17425,19,2,759.17,407,42,379.585,1,Regular / Growth Potential
17426,8,6,5037.26,3094,179,839.5433333333334,0,High-Value / Champions
17427,72,1,100.8,34,2,100.8,2,At-Risk / Low-Engagement
17428,1,28,17256.85,9474,252,616.3160714285714,0,High-Value / Champions
17429,128,3,524.9200000000001,624,36,174.97333333333336,2,At-Risk / Low-Engagement
17430,33,2,265.76,190,14,132.88,2,At-Risk / Low-Engagement
17431,313,1,403.3,292,41,403.3,2,At-Risk / Low-Engagement
17432,18,2,365.76,207,44,182.88,1,Regular / Growth Potential
17433,88,1,303.15999999999997,185,53,303.15999999999997,2,At-Risk / Low-Engagement
17434,2,7,2373.82,1693,100,339.1171428571429,0,High-Value / Champions
17436,2,2,216.29999999999998,90,7,108.14999999999999,1,Regular / Growth Potential
17438,254,1,388.45000000000005,103,17,388.45000000000005,2,At-Risk / Low-Engagement
17440,157,3,186.42000000000002,246,3,62.14000000000001,2,At-Risk / Low-Engagement
17442,37,6,2248.56,1496,96,374.76,1,Regular / Growth Potential
17443,220,1,534.24,504,1,534.24,2,At-Risk / Low-Engagement
17444,148,3,2940.04,2119,132,980.0133333333333,1,Regular / Growth Potential
17446,177,2,120.9,198,6,60.45,2,At-Risk / Low-Engagement
17447,40,2,541.53,443,33,270.765,1,Regular / Growth Potential
17449,2,7,2519.21,1121,178,359.88714285714286,0,High-Value / Champions
17450,8,46,194390.79,69973,124,4225.886739130435,0,High-Value / Champions
17451,1,7,1721.4,1203,83,245.91428571428574,0,High-Value / Champions
17453,18,2,486.71999999999997,219,19,243.35999999999999,1,Regular / Growth Potential
17454,192,4,517.53,243,57,129.3825,2,At-Risk / Low-Engagement
17455,204,1,131.7,66,8,131.7,2,At-Risk / Low-Engagement
17456,365,1,249.86,222,17,249.86,2,At-Risk / Low-Engagement
17457,127,5,1737.7,826,14,347.54,1,Regular / Growth Potential
17458,15,1,316.5,170,52,316.5,1,Regular / Growth Potential
17459,43,2,657.3,537,88,328.65,1,Regular / Growth Potential
17460,94,6,622.4300000000001,236,18,103.73833333333334,1,Regular / Growth Potential
17461,23,3,735.82,770,104,245.27333333333334,1,Regular / Growth Potential
17462,60,2,675.69,227,25,337.845,1,Regular / Growth Potential
17463,16,5,1875.86,1086,162,375.17199999999997,1,Regular / Growth Potential
17464,158,1,289.96000000000004,220,9,289.96000000000004,2,At-Risk / Low-Engagement
17466,10,2,763.28,306,41,381.64,1,Regular / Growth Potential
17468,10,2,137.0,116,5,68.5,1,Regular / Growth Potential
17469,16,5,1870.97,787,61,374.194,1,Regular / Growth Potential
17470,45,5,1125.07,1675,67,225.01399999999998,1,Regular / Growth Potential
17472,191,3,697.54,455,142,232.51333333333332,2,At-Risk / Low-Engagement
17475,79,1,194.37,178,14,194.37,2,At-Risk / Low-Engagement
17480,78,1,511.82,338,29,511.82,2,At-Risk / Low-Engagement
17481,4,4,1255.59,1061,69,313.8975,1,Regular / Growth Potential
17483,65,3,414.04,191,18,138.01333333333335,1,Regular / Growth Potential
17486,261,1,396.87,191,24,396.87,2,At-Risk / Low-Engagement
17489,59,2,376.64,428,28,188.32,2,At-Risk / Low-Engagement
17490,1,7,2092.32,1134,63,298.90285714285716,0,High-Value / Champions
17491,1,10,3558.87,2013,72,355.887,0,High-Value / Champions
17492,248,1,374.57,155,12,374.57,2,At-Risk / Low-Engagement
17495,8,2,497.56,229,21,248.78,1,Regular / Growth Potential
17496,359,1,271.05,79,10,271.05,2,At-Risk / Low-Engagement
17498,76,1,272.22,394,17,272.22,2,At-Risk / Low-Engagement
17499,290,1,622.88,711,40,622.88,2,At-Risk / Low-Engagement
17500,17,3,1138.0,17,3,379.3333333333333,1,Regular / Growth Potential
17501,221,2,288.6,160,18,144.3,2,At-Risk / Low-Engagement
17502,9,4,689.1,376,25,172.275,1,Regular / Growth Potential
17503,3,2,558.96,486,36,279.48,1,Regular / Growth Potential
17504,206,9,2997.0299999999997,1664,112,333.00333333333333,1,Regular / Growth Potential
17505,162,2,1145.84,556,48,572.92,2,At-Risk / Low-Engagement
17506,76,1,302.2,139,14,302.2,2,At-Risk / Low-Engagement
17507,262,2,605.58,359,79,302.79,2,At-Risk / Low-Engagement
17508,281,1,387.31,289,22,387.31,2,At-Risk / Low-Engagement
17509,58,8,6083.64,3512,75,760.455,0,High-Value / Champions
17510,25,1,308.48,214,20,308.48,2,At-Risk / Low-Engagement
17511,3,31,91062.38,64549,453,2937.496129032258,0,High-Value / Champions
17512,29,10,2924.9900000000002,2753,61,292.499,0,High-Value / Champions
17513,72,1,513.2,254,6,513.2,2,At-Risk / Low-Engagement
17514,128,1,208.65,135,40,208.65,2,At-Risk / Low-Engagement
17515,31,4,639.02,243,49,159.755,1,Regular / Growth Potential
17516,15,5,764.88,414,113,152.976,1,Regular / Growth Potential
17517,309,1,153.94,102,11,153.94,2,At-Risk / Low-Engagement
17519,17,6,1844.02,1236,60,307.33666666666664,0,High-Value / Champions
17520,54,1,546.81,365,30,546.81,2,At-Risk / Low-Engagement
17521,30,3,723.2099999999999,519,38,241.06999999999996,1,Regular / Growth Potential
17522,2,5,1070.71,1034,59,214.142,0,High-Value / Champions
17523,11,4,652.74,872,25,163.185,1,Regular / Growth Potential
17524,361,1,145.0,90,6,145.0,2,At-Risk / Low-Engagement
17525,360,1,422.70000000000005,82,9,422.70000000000005,2,At-Risk / Low-Engagement
17526,5,4,1195.8999999999999,310,17,298.97499999999997,1,Regular / Growth Potential
17527,54,4,939.37,488,45,234.8425,1,Regular / Growth Potential
17528,1,8,3628.5,2138,183,453.5625,0,High-Value / Champions
17530,1,10,2367.12,1514,306,236.712,0,High-Value / Champions
17531,190,1,296.7,136,14,296.7,2,At-Risk / Low-Engagement
17534,54,1,223.36,103,9,223.36,2,At-Risk / Low-Engagement
17535,280,1,164.4,136,13,164.4,2,At-Risk / Low-Engagement
17536,177,1,76.5,6,3,76.5,2,At-Risk / Low-Engagement
17537,30,2,887.67,699,74,443.835,1,Regular / Growth Potential
17538,26,1,98.42,134,9,98.42,2,At-Risk / Low-Engagement
17540,25,2,578.9,194,20,289.45,1,Regular / Growth Potential
17542,270,1,170.75,134,24,170.75,2,At-Risk / Low-Engagement
17545,43,3,642.32,337,122,214.10666666666668,1,Regular / Growth Potential
17548,234,1,103.3,58,5,103.3,2,At-Risk / Low-Engagement
17549,24,2,148.86,210,5,74.43,2,At-Risk / Low-Engagement
17550,197,3,267.16,86,42,89.05333333333334,2,At-Risk / Low-Engagement
17551,359,1,290.34,142,39,290.34,2,At-Risk / Low-Engagement
17552,60,4,930.41,719,43,232.6025,1,Regular / Growth Potential
17553,130,1,1487.6,1048,2,1487.6,2,At-Risk / Low-Engagement
17554,1,5,1952.45,1763,58,390.49,0,High-Value / Champions
17555,20,2,480.31,348,101,240.155,1,Regular / Growth Potential
17556,206,1,157.9,101,6,157.9,2,At-Risk / Low-Engagement
17557,14,3,541.46,306,27,180.48666666666668,1,Regular / Growth Potential
17560,95,4,854.95,635,22,213.7375,1,Regular / Growth Potential
17561,19,1,165.12,144,44,165.12,2,At-Risk / Low-Engagement
17562,14,7,1122.38,817,48,160.34,1,Regular / Growth Potential
17564,24,3,454.01,146,38,151.33666666666667,1,Regular / Growth Potential
17566,8,2,869.77,497,113,434.885,1,Regular / Growth Potential
17567,7,8,4331.48,2632,110,541.435,0,High-Value / Champions
17569,332,1,344.14,159,29,344.14,2,At-Risk / Low-Engagement
17571,50,4,1425.67,876,247,356.4175,1,Regular / Growth Potential
17572,71,4,226.75000000000003,95,7,56.68750000000001,2,At-Risk / Low-Engagement
17573,29,3,380.6,308,24,126.86666666666667,1,Regular / Growth Potential
17574,243,1,185.65,77,8,185.65,2,At-Risk / Low-Engagement
17576,8,19,3564.83,1967,245,187.62263157894736,0,High-Value / Champions
17578,218,1,143.45999999999998,138,5,143.45999999999998,2,At-Risk / Low-Engagement
17579,5,3,448.90000000000003,258,46,149.63333333333335,1,Regular / Growth Potential
17580,253,3,215.72,88,43,71.90666666666667,2,At-Risk / Low-Engagement
17581,1,25,11025.24,5915,229,441.0096,0,High-Value / Champions
17582,236,1,175.27,123,28,175.27,2,At-Risk / Low-Engagement
17584,7,2,1242.3,458,30,621.15,1,Regular / Growth Potential
17585,109,4,1116.68,1650,176,279.17,1,Regular / Growth Potential
17588,100,3,1240.2,676,19,413.40000000000003,1,Regular / Growth Potential
17589,60,4,2404.17,1631,172,601.0425,1,Regular / Growth Potential
17590,2,3,1468.02,822,162,489.34,1,Regular / Growth Potential
17591,73,7,2203.67,1000,81,314.81,1,Regular / Growth Potential
17593,4,5,3923.86,3089,190,784.772,0,High-Value / Champions
17594,85,2,993.18,550,42,496.59,1,Regular / Growth Potential
17595,12,2,386.69,228,68,193.345,1,Regular / Growth Potential
17596,23,7,2806.69,4376,168,400.9557142857143,0,High-Value / Champions
17597,214,1,2044.3700000000001,1176,55,2044.3700000000001,2,At-Risk / Low-Engagement
17600,18,1,161.67000000000002,144,13,161.67000000000002,2,At-Risk / Low-Engagement
17601,239,1,116.00999999999999,103,9,116.00999999999999,2,At-Risk / Low-Engagement
17602,2,6,5054.42,4116,335,842.4033333333333,0,High-Value / Champions
17603,78,1,394.72,74,11,394.72,2,At-Risk / Low-Engagement
17604,217,2,309.36,169,57,154.68,2,At-Risk / Low-Engagement
17608,33,2,191.99,229,54,95.995,2,At-Risk / Low-Engagement
17609,41,5,1105.78,719,199,221.156,1,Regular / Growth Potential
17611,7,15,3961.12,2550,440,264.07466666666664,0,High-Value / Champions
17612,53,6,2048.45,1808,116,341.4083333333333,1,Regular / Growth Potential
17613,23,14,4544.55,2490,211,324.6107142857143,0,High-Value / Champions
17614,57,1,386.32,235,97,386.32,2,At-Risk / Low-Engagement
17615,130,3,329.6,140,13,109.86666666666667,2,At-Risk / Low-Engagement
17616,174,3,571.1999999999999,224,1,190.39999999999998,2,At-Risk / Low-Engagement
17618,6,3,930.28,319,56,310.0933333333333,1,Regular / Growth Potential
17619,312,1,214.37,124,71,214.37,2,At-Risk / Low-Engagement
17620,60,1,81.44,60,4,81.44,2,At-Risk / Low-Engagement
17621,21,3,1379.9,514,24,459.9666666666667,1,Regular / Growth Potential
17623,33,1,527.0500000000001,265,33,527.0500000000001,1,Regular / Growth Potential
17624,15,2,843.48,554,49,421.74,1,Regular / Growth Potential
17625,18,4,2020.4,1180,223,505.1,1,Regular / Growth Potential
17628,81,1,75.75,79,5,75.75,2,At-Risk / Low-Engagement
17629,6,8,1814.12,1629,106,226.765,0,High-Value / Champions
17630,170,2,503.59999999999997,158,24,251.79999999999998,2,At-Risk / Low-Engagement
17631,2,3,528.33,334,39,176.11,1,Regular / Growth Potential
17633,31,4,1324.84,644,59,331.21,1,Regular / Growth Potential
17634,36,9,2358.59,838,209,262.0655555555556,0,High-Value / Champions
17636,19,1,285.56,182,20,285.56,2,At-Risk / Low-Engagement
17637,31,2,547.0600000000001,280,35,273.53000000000003,1,Regular / Growth Potential
17639,276,1,108.5,49,7,108.5,2,At-Risk / Low-Engagement
17640,87,1,621.66,250,5,621.66,2,At-Risk / Low-Engagement
17642,120,2,712.29,474,34,356.145,2,At-Risk / Low-Engagement
17643,373,1,101.55,71,8,101.55,2,At-Risk / Low-Engagement
17644,1,11,2895.64,1793,102,263.24,0,High-Value / Champions
17646,219,3,1008.39,323,46,336.13,2,At-Risk / Low-Engagement
17647,65,1,133.06,30,7,133.06,2,At-Risk / Low-Engagement
17648,61,4,1797.5,487,81,449.375,1,Regular / Growth Potential
17649,138,1,868.49,399,52,868.49,2,At-Risk / Low-Engagement
17650,21,1,166.08,150,8,166.08,2,At-Risk / Low-Engagement
17651,12,10,3945.0,3112,149,394.5,0,High-Value / Champions
17652,25,12,4867.72,2509,118,405.6433333333334,0,High-Value / Champions
17653,37,4,1207.56,1409,44,301.89,1,Regular / Growth Potential
17654,277,1,117.55,41,22,117.55,2,At-Risk / Low-Engagement
17655,11,7,2638.94,1116,66,376.99142857142857,0,High-Value / Champions
17656,73,5,1674.69,1399,67,334.938,1,Regular / Growth Potential
17658,26,2,595.42,616,17,297.71,1,Regular / Growth Potential
17659,17,12,2999.46,1525,127,249.955,0,High-Value / Champions
17660,141,1,178.75,121,37,178.75,2,At-Risk / Low-Engagement
17663,26,7,1802.91,797,63,257.55857142857144,0,High-Value / Champions
17664,19,2,604.64,604,41,302.32,1,Regular / Growth Potential
17666,4,2,728.16,596,14,364.08,1,Regular / Growth Potential
17667,66,5,2055.51,1033,85,411.10200000000003,1,Regular / Growth Potential
17668,1,2,347.75,93,14,173.875,1,Regular / Growth Potential
17669,43,7,3406.7200000000003,1916,45,486.67428571428576,0,High-Value / Champions
17670,228,1,205.7,110,11,205.7,2,At-Risk / Low-Engagement
17671,16,4,1572.71,772,40,393.1775,1,Regular / Growth Potential
17672,50,2,3178.17,1690,105,1589.085,1,Regular / Growth Potential
17673,2,6,1594.97,1462,118,265.8283333333333,0,High-Value / Champions
17674,74,2,551.04,672,19,275.52,2,At-Risk / Low-Engagement
17675,1,31,20374.28,8360,239,657.2348387096774,0,High-Value / Champions
17676,4,6,1371.18,922,49,228.53,0,High-Value / Champions
17677,2,30,16345.38,9772,178,544.846,0,High-Value / Champions
17678,264,1,298.11,207,16,298.11,2,At-Risk / Low-Engagement
17679,53,2,1992.1100000000001,729,29,996.0550000000001,1,Regular / Growth Potential
17680,24,1,184.4,96,11,184.4,2,At-Risk / Low-Engagement
17682,10,6,2474.33,1367,48,412.3883333333333,0,High-Value / Champions
17684,44,1,239.41,145,15,239.41,2,At-Risk / Low-Engagement
17685,17,7,3155.83,1907,88,450.8328571428571,0,High-Value / Champions
17686,7,7,5739.46,2478,205,819.9228571428572,0,High-Value / Champions
17690,30,15,4726.8,1769,186,315.12,0,High-Value / Champions
17691,358,2,290.40000000000003,134,18,145.20000000000002,2,At-Risk / Low-Engagement
17692,127,4,740.9399999999999,672,34,185.23499999999999,1,Regular / Growth Potential
17693,137,1,200.47,231,16,200.47,2,At-Risk / Low-Engagement
17694,142,1,283.12,184,15,283.12,2,At-Risk / Low-Engagement
17695,132,2,765.34,779,30,382.67,2,At-Risk / Low-Engagement
17696,38,8,2285.71,1756,78,285.71375,0,High-Value / Champions
17697,236,1,338.95,93,19,338.95,2,At-Risk / Low-Engagement
17698,261,1,154.95,93,8,154.95,2,At-Risk / Low-Engagement
17700,17,4,2534.64,1266,116,633.66,1,Regular / Growth Potential
17701,253,1,417.95,109,24,417.95,2,At-Risk / Low-Engagement
17702,30,4,1824.37,1353,58,456.0925,1,Regular / Growth Potential
17703,35,3,798.74,590,47,266.24666666666667,1,Regular / Growth Potential
17704,169,2,885.19,343,27,442.595,2,At-Risk / Low-Engagement
17705,3,9,1823.52,963,63,202.61333333333334,0,High-Value / Champions
17706,4,17,10504.49,3899,270,617.9111764705882,0,High-Value / Champions
17707,185,2,152.4,144,3,76.2,2,At-Risk / Low-Engagement
17708,188,2,263.33,90,28,131.665,2,At-Risk / Low-Engagement
17709,170,1,137.45,17,7,137.45,2,At-Risk / Low-Engagement
17711,11,2,385.1,246,22,192.55,1,Regular / Growth Potential
17712,45,1,522.91,215,29,522.91,2,At-Risk / Low-Engagement
17714,321,1,153.0,92,10,153.0,2,At-Risk / Low-Engagement
17715,201,1,326.4,384,1,326.4,2,At-Risk / Low-Engagement
17716,23,11,5655.99,3072,171,514.180909090909,0,High-Value / Champions
17718,232,1,139.35,83,6,139.35,2,At-Risk / Low-Engagement
17719,38,15,5396.04,2466,111,359.736,0,High-Value / Champions
17720,26,4,1195.94,576,39,298.985,1,Regular / Growth Potential
17722,96,4,2424.04,1595,111,606.01,1,Regular / Growth Potential
17723,127,6,3276.4000000000005,792,4,546.0666666666667,1,Regular / Growth Potential
17724,71,3,1033.0,300,38,344.3333333333333,1,Regular / Growth Potential
17725,16,11,3439.08,2162,115,312.64363636363635,0,High-Value / Champions
17727,15,1,1060.25,645,66,1060.25,1,Regular / Growth Potential
17728,4,3,2876.01,1469,153,958.6700000000001,1,Regular / Growth Potential
17730,3,13,5298.4800000000005,3576,127,407.5753846153847,0,High-Value / Champions
17731,79,4,1240.11,493,54,310.0275,1,Regular / Growth Potential
17732,373,1,303.97,93,18,303.97,2,At-Risk / Low-Engagement
17733,39,2,692.19,463,33,346.095,1,Regular / Growth Potential
17734,54,3,700.63,422,40,233.54333333333332,1,Regular / Growth Potential
17735,2,19,13110.02,8439,319,690.001052631579,0,High-Value / Champions
17736,9,3,377.44,238,24,125.81333333333333,1,Regular / Growth Potential
17737,9,2,168.24,108,8,84.12,1,Regular / Growth Potential
17738,19,4,1879.05,1029,89,469.7625,1,Regular / Growth Potential
17739,12,7,2791.35,861,29,398.7642857142857,0,High-Value / Champions
17742,113,2,355.11,89,13,177.555,2,At-Risk / Low-Engagement
17744,4,6,2322.4,3412,110,387.06666666666666,0,High-Value / Champions
17746,240,1,110.25,29,6,110.25,2,At-Risk / Low-Engagement
17747,113,1,71.4,12,1,71.4,2,At-Risk / Low-Engagement
17749,178,2,674.52,320,33,337.26,2,At-Risk / Low-Engagement
17750,5,9,1710.45,3747,101,190.05,0,High-Value / Champions
17752,359,1,80.64,192,1,80.64,2,At-Risk / Low-Engagement
17754,1,5,1664.65,1816,82,332.93,0,High-Value / Champions
17757,1,30,5593.39,3318,275,186.44633333333334,0,High-Value / Champions
17758,19,8,3408.2000000000003,2054,310,426.02500000000003,0,High-Value / Champions
17759,17,3,819.96,697,82,273.32,1,Regular / Growth Potential
17760,22,2,287.59,239,25,143.795,1,Regular / Growth Potential
17761,33,1,712.78,398,19,712.78,1,Regular / Growth Potential
17763,263,1,15.0,12,1,15.0,2,At-Risk / Low-Engagement
17764,51,2,772.55,351,71,386.275,1,Regular / Growth Potential
17765,159,3,367.63,143,51,122.54333333333334,2,At-Risk / Low-Engagement
17767,15,1,271.2,128,21,271.2,1,Regular / Growth Potential
17768,8,3,2081.9,1122,77,693.9666666666667,1,Regular / Growth Potential
17769,13,10,3957.43,1850,200,395.743,0,High-Value / Champions
17770,199,5,1143.27,365,33,228.654,1,Regular / Growth Potential
17771,57,2,245.81,287,51,122.905,2,At-Risk / Low-Engagement
17772,11,2,173.45,55,50,86.725,1,Regular / Growth Potential
17774,97,4,1213.73,508,123,303.4325,1,Regular / Growth Potential
17775,255,1,56.4,72,3,56.4,2,At-Risk / Low-Engagement
17777,25,3,647.56,501,141,215.85333333333332,1,Regular / Growth Potential
17779,21,3,650.32,396,73,216.77333333333334,1,Regular / Growth Potential
17781,159,2,188.02,34,12,94.01,2,At-Risk / Low-Engagement
17783,72,2,283.47,354,67,141.735,2,At-Risk / Low-Engagement
17785,53,1,131.94,67,13,131.94,2,At-Risk / Low-Engagement
17786,85,2,266.85,195,57,133.425,2,At-Risk / Low-Engagement
17787,153,4,1817.54,896,94,454.385,1,Regular / Growth Potential
17788,74,2,1117.9,211,3,558.95,1,Regular / Growth Potential
17789,281,1,225.9,74,14,225.9,2,At-Risk / Low-Engagement
17790,27,14,1964.3,835,121,140.30714285714285,0,High-Value / Champions
17791,30,1,106.1,46,10,106.1,2,At-Risk / Low-Engagement
17793,25,1,300.34,226,49,300.34,2,At-Risk / Low-Engagement
17795,180,2,342.83,305,43,171.415,2,At-Risk / Low-Engagement
17796,40,4,690.0,176,63,172.5,1,Regular / Growth Potential
17797,22,3,780.43,498,102,260.1433333333333,1,Regular / Growth Potential
17799,22,10,3039.17,1753,280,303.91700000000003,0,High-Value / Champions
17800,37,9,1187.21,732,51,131.91222222222223,1,Regular / Growth Potential
17802,82,3,1285.04,752,102,428.34666666666664,1,Regular / Growth Potential
17805,74,1,512.31,478,10,512.31,2,At-Risk / Low-Engagement
17806,11,1,546.04,727,43,546.04,1,Regular / Growth Potential
17809,16,12,5411.91,2057,46,450.9925,0,High-Value / Champions
17811,4,39,7761.82,4146,359,199.02102564102563,0,High-Value / Champions
17812,13,4,699.81,329,113,174.9525,1,Regular / Growth Potential
17813,14,5,1698.07,752,297,339.614,1,Regular / Growth Potential
17816,37,4,36.56,30,16,9.14,2,At-Risk / Low-Engagement
17817,4,3,387.68,67,32,129.22666666666666,1,Regular / Growth Potential
17819,72,7,3704.87,1031,36,529.2671428571429,0,High-Value / Champions
17824,51,1,298.4,408,13,298.4,2,At-Risk / Low-Engagement
17827,5,5,1987.33,1240,190,397.466,0,High-Value / Champions
17828,23,4,1820.09,667,54,455.0225,1,Regular / Growth Potential
17829,299,1,889.24,496,30,889.24,2,At-Risk / Low-Engagement
17830,2,3,398.7,92,18,132.9,1,Regular / Growth Potential
17831,33,1,35.400000000000006,12,2,35.400000000000006,2,At-Risk / Low-Engagement
17832,50,1,155.37,208,61,155.37,2,At-Risk / Low-Engagement
17835,3,3,342.24,344,45,114.08,1,Regular / Growth Potential
17836,47,1,110.21000000000001,88,23,110.21000000000001,2,At-Risk / Low-Engagement
17837,42,8,1541.23,510,110,192.65375,1,Regular / Growth Potential
17838,27,5,2720.8,1831,96,544.1600000000001,1,Regular / Growth Potential
17839,42,1,318.15,257,50,318.15,2,At-Risk / Low-Engagement
17841,2,124,40519.84,22834,1323,326.77290322580643,0,High-Value / Champions
17843,303,1,205.48,113,36,205.48,2,At-Risk / Low-Engagement
17844,107,1,51.559999999999995,52,5,51.559999999999995,2,At-Risk / Low-Engagement
17846,85,1,2033.1,1,1,2033.1,1,Regular / Growth Potential
17848,81,9,901.1999999999999,398,41,100.13333333333333,1,Regular / Growth Potential
17849,218,4,605.8000000000001,114,14,151.45000000000002,2,At-Risk / Low-Engagement
17850,372,34,5391.21,1733,21,158.565,0,High-Value / Champions
17852,12,2,114.34,53,21,57.17,1,Regular / Growth Potential
17854,185,2,311.26,84,15,155.63,2,At-Risk / Low-Engagement
17855,373,1,208.97,197,17,208.97,2,At-Risk / Low-Engagement
17856,2,4,1418.03,842,12,354.5075,0,High-Value / Champions
17857,4,23,26879.04,19256,19,1168.6539130434783,0,High-Value / Champions
17858,6,12,5140.66,2694,101,428.3883333333333,0,High-Value / Champions
17859,305,1,141.92000000000002,102,23,141.92000000000002,2,At-Risk / Low-Engagement
17860,369,1,226.45000000000002,93,49,226.45000000000002,2,At-Risk / Low-Engagement
17861,3,8,2097.88,1985,172,262.235,0,High-Value / Champions
17862,324,1,330.9,100,11,330.9,2,At-Risk / Low-Engagement
17863,59,6,3160.0,2638,110,526.6666666666666,1,Regular / Growth Potential
17864,13,3,554.85,706,70,184.95000000000002,1,Regular / Growth Potential
17865,31,20,10526.32,5757,191,526.316,0,High-Value / Champions
17866,143,1,329.65,174,9,329.65,2,At-Risk / Low-Engagement
17867,30,6,1157.8700000000001,508,62,192.97833333333335,1,Regular / Growth Potential
17869,107,5,428.18,111,37,85.636,1,Regular / Growth Potential
17870,2,12,1865.89,1351,214,155.49083333333334,0,High-Value / Champions
17871,205,1,155.9,182,10,155.9,2,At-Risk / Low-Engagement
17873,80,5,1848.96,1035,24,369.79200000000003,1,Regular / Growth Potential
17874,185,6,683.46,221,37,113.91000000000001,1,Regular / Growth Potential
17877,170,1,237.61,98,12,237.61,2,At-Risk / Low-Engagement
17878,44,1,379.45,401,26,379.45,2,At-Risk / Low-Engagement
17879,174,1,178.51999999999998,45,6,178.51999999999998,2,At-Risk / Low-Engagement
17880,365,1,458.92,314,26,458.92,2,At-Risk / Low-Engagement
17881,304,1,133.35000000000002,32,8,133.35000000000002,2,At-Risk / Low-Engagement
17883,3,4,664.34,374,133,166.085,1,Regular / Growth Potential
17884,4,4,695.0699999999999,817,107,173.76749999999998,1,Regular / Growth Potential
17885,12,1,156.34,110,50,156.34,2,At-Risk / Low-Engagement
17886,32,3,869.28,469,93,289.76,1,Regular / Growth Potential
17887,129,1,111.35,30,10,111.35,2,At-Risk / Low-Engagement
17888,21,8,716.0,973,60,89.5,1,Regular / Growth Potential
17889,212,2,201.37,77,20,100.685,2,At-Risk / Low-Engagement
17890,323,2,586.89,402,88,293.445,2,At-Risk / Low-Engagement
17891,162,1,203.85999999999999,393,34,203.85999999999999,2,At-Risk / Low-Engagement
17892,56,3,244.1,109,27,81.36666666666666,2,At-Risk / Low-Engagement
17893,225,1,107.21,149,15,107.21,2,At-Risk / Low-Engagement
17894,72,8,1118.96,404,127,139.87,1,Regular / Growth Potential
17895,44,1,95.45,127,15,95.45,2,At-Risk / Low-Engagement
17896,23,1,256.32,288,2,256.32,2,At-Risk / Low-Engagement
17897,173,3,541.8100000000001,222,100,180.60333333333335,2,At-Risk / Low-Engagement
17898,85,2,152.06,190,27,76.03,2,At-Risk / Low-Engagement
17899,159,1,154.55,170,29,154.55,2,At-Risk / Low-Engagement
17900,190,2,112.19999999999999,73,4,56.099999999999994,2,At-Risk / Low-Engagement
17901,29,1,110.38,24,19,110.38,2,At-Risk / Low-Engagement
17904,21,1,181.07,59,33,181.07,2,At-Risk / Low-Engagement
17905,71,4,798.99,406,33,199.7475,1,Regular / Growth Potential
17906,247,1,72.9,26,12,72.9,2,At-Risk / Low-Engagement
17908,374,1,232.03,169,51,232.03,2,At-Risk / Low-Engagement
17911,9,1,366.23,223,39,366.23,1,Regular / Growth Potential
17912,310,5,310.06,184,35,62.012,2,At-Risk / Low-Engagement
17913,59,2,408.65,288,55,204.325,2,At-Risk / Low-Engagement
17914,4,1,329.36,457,72,329.36,1,Regular / Growth Potential
17917,45,3,335.03,184,77,111.67666666666666,1,Regular / Growth Potential
17919,88,1,1304.04,756,23,1304.04,2,At-Risk / Low-Engagement
17920,4,17,4119.5,2473,407,242.3235294117647,0,High-Value / Champions
17921,64,4,820.23,425,114,205.0575,1,Regular / Growth Potential
17923,282,1,207.50000000000003,50,1,207.50000000000003,2,At-Risk / Low-Engagement
17924,12,7,2962.5,1160,26,423.2142857142857,0,High-Value / Champions
17925,373,1,244.08,72,1,244.08,2,At-Risk / Low-Engagement
17926,133,2,397.29,306,17,198.645,2,At-Risk / Low-Engagement
17928,45,2,212.54,140,23,106.27,2,At-Risk / Low-Engagement
17929,11,4,843.0,108,4,210.75,1,Regular / Growth Potential
17930,36,5,1740.48,1594,26,348.096,1,Regular / Growth Potential
17931,134,2,408.36,249,63,204.18,2,At-Risk / Low-Engagement
17932,29,3,1331.57,789,84,443.8566666666666,1,Regular / Growth Potential
17934,52,2,704.25,478,21,352.125,1,Regular / Growth Potential
17935,138,2,145.79,82,28,72.895,2,At-Risk / Low-Engagement
17936,5,1,380.13,257,68,380.13,1,Regular / Growth Potential
17937,9,7,4301.22,1754,19,614.46,0,High-Value / Champions
17939,160,1,99.14,40,12,99.14,2,At-Risk / Low-Engagement
17940,49,10,4020.04,9323,6,402.004,0,High-Value / Champions
17941,131,1,304.56,252,2,304.56,2,At-Risk / Low-Engagement
17942,8,1,77.50000000000001,38,2,77.50000000000001,2,At-Risk / Low-Engagement
17946,233,2,149.57999999999998,75,18,74.78999999999999,2,At-Risk / Low-Engagement
17947,37,1,176.68,168,9,176.68,2,At-Risk / Low-Engagement
17948,147,1,358.56000000000006,144,1,358.56000000000006,2,At-Risk / Low-Engagement
17949,1,45,58510.48,30546,29,1300.232888888889,0,High-Value / Champions
17950,72,3,482.2,366,63,160.73333333333332,1,Regular / Growth Potential
17951,40,3,1008.5400000000001,616,18,336.18,1,Regular / Growth Potential
17954,5,12,2314.13,2221,326,192.84416666666667,0,High-Value / Champions
17955,199,4,557.3,273,14,139.325,2,At-Risk / Low-Engagement
17956,249,1,12.75,1,1,12.75,2,At-Risk / Low-Engagement
17957,66,1,111.68,287,31,111.68,2,At-Risk / Low-Engagement
17958,117,1,508.4599999999999,84,7,508.4599999999999,2,At-Risk / Low-Engagement
17960,171,1,73.78,41,26,73.78,2,At-Risk / Low-Engagement
17961,21,39,1296.44,560,211,33.242051282051285,0,High-Value / Champions
17962,142,1,102.41,127,33,102.41,2,At-Risk / Low-Engagement
17964,32,2,463.21,294,84,231.605,1,Regular / Growth Potential
17965,38,14,2599.19,1532,274,185.65642857142856,0,High-Value / Champions
17966,38,5,1098.43,2571,53,219.686,1,Regular / Growth Potential
17967,372,1,112.27,73,41,112.27,2,At-Risk / Low-Engagement
17968,374,1,265.1,151,74,265.1,2,At-Risk / Low-Engagement
17969,166,2,228.2,152,14,114.1,2,At-Risk / Low-Engagement
17970,211,1,562.79,513,27,562.79,2,At-Risk / Low-Engagement
17972,242,1,135.19,36,30,135.19,2,At-Risk / Low-Engagement
17973,52,1,337.04,176,15,337.04,2,At-Risk / Low-Engagement
17974,25,3,703.99,500,143,234.66333333333333,1,Regular / Growth Potential
17975,15,13,4483.26,1565,189,344.86615384615385,0,High-Value / Champions
17976,372,1,321.79,93,56,321.79,2,At-Risk / Low-Engagement
17977,29,1,288.14,342,19,288.14,2,At-Risk / Low-Engagement
17978,365,1,300.91999999999996,499,12,300.91999999999996,2,At-Risk / Low-Engagement
17979,36,4,732.41,383,116,183.1025,1,Regular / Growth Potential
17980,166,3,811.45,682,23,270.48333333333335,2,At-Risk / Low-Engagement
17984,145,1,152.68,98,48,152.68,2,At-Risk / Low-Engagement
17985,22,1,631.35,171,20,631.35,1,Regular / Growth Potential
17986,56,1,20.8,10,1,20.8,2,At-Risk / Low-Engagement
17987,185,1,198.57,261,13,198.57,2,At-Risk / Low-Engagement
17988,12,7,201.12,43,37,28.731428571428573,1,Regular / Growth Potential
17990,237,3,630.84,414,27,210.28,2,At-Risk / Low-Engagement
17991,225,2,93.35,25,4,46.675,2,At-Risk / Low-Engagement
17994,122,4,674.89,495,63,168.7225,1,Regular / Growth Potential
17995,282,1,76.1,133,2,76.1,2,At-Risk / Low-Engagement
17997,74,8,1962.46,2273,133,245.3075,1,Regular / Growth Potential
17999,37,2,380.39,219,87,190.195,1,Regular / Growth Potential
18001,12,2,415.13,362,56,207.565,1,Regular / Growth Potential
18004,362,1,157.92,75,32,157.92,2,At-Risk / Low-Engagement
18005,4,2,226.47,86,52,113.235,1,Regular / Growth Potential
18006,23,1,444.68,220,21,444.68,1,Regular / Growth Potential
18008,70,9,2116.19,1581,24,235.13222222222223,0,High-Value / Champions
18009,235,1,247.39,125,31,247.39,2,At-Risk / Low-Engagement
18010,257,1,174.8,60,14,174.8,2,At-Risk / Low-Engagement
18011,373,1,102.78999999999999,71,28,102.78999999999999,2,At-Risk / Low-Engagement
18013,155,2,187.29,285,31,93.645,2,At-Risk / Low-Engagement
18014,28,1,162.22,66,29,162.22,2,At-Risk / Low-Engagement
18015,4,1,120.03,157,46,120.03,1,Regular / Growth Potential
18016,32,5,1477.66,1027,90,295.53200000000004,1,Regular / Growth Potential
18017,81,3,523.0,300,1,174.33333333333334,1,Regular / Growth Potential
18018,108,2,122.14,55,29,61.07,2,At-Risk / Low-Engagement
18019,52,1,38.45,7,5,38.45,2,At-Risk / Low-Engagement
18022,36,1,612.72,703,141,612.72,1,Regular / Growth Potential
18024,153,2,389.78,184,21,194.89,2,At-Risk / Low-Engagement
18027,99,1,115.31,78,21,115.31,2,At-Risk / Low-Engagement
18030,4,2,230.64999999999998,67,8,115.32499999999999,1,Regular / Growth Potential
18032,334,1,73.5,42,5,73.5,2,At-Risk / Low-Engagement
18033,65,1,93.82000000000001,252,32,93.82000000000001,2,At-Risk / Low-Engagement
18034,22,2,418.68,559,99,209.34,1,Regular / Growth Potential
18035,36,3,713.89,584,44,237.96333333333334,1,Regular / Growth Potential
18036,32,3,403.12,232,77,134.37333333333333,1,Regular / Growth Potential
18037,154,6,70.02,20,19,11.67,2,At-Risk / Low-Engagement
18040,19,2,357.20000000000005,148,18,178.60000000000002,1,Regular / Growth Potential
18041,12,21,4097.37,3758,285,195.11285714285714,0,High-Value / Champions
18042,54,1,165.04999999999998,33,7,165.04999999999998,2,At-Risk / Low-Engagement
18043,25,3,529.29,265,106,176.42999999999998,1,Regular / Growth Potential
18044,4,10,2088.6,1033,88,208.85999999999999,0,High-Value / Champions
18045,45,1,178.34,138,43,178.34,2,At-Risk / Low-Engagement
18048,203,2,172.29000000000002,127,6,86.14500000000001,2,At-Risk / Low-Engagement
18050,359,1,74.4,40,5,74.4,2,At-Risk / Low-Engagement
18053,71,1,300.02,302,20,300.02,2,At-Risk / Low-Engagement
18055,7,10,6761.34,2452,223,676.134,0,High-Value / Champions
18056,288,1,363.65,211,19,363.65,2,At-Risk / Low-Engagement
18058,10,1,170.16,88,3,170.16,1,Regular / Growth Potential
18059,23,3,306.46,258,17,102.15333333333332,1,Regular / Growth Potential
18061,22,10,2119.41,955,18,211.94099999999997,0,High-Value / Champions
18062,173,3,720.52,396,23,240.17333333333332,2,At-Risk / Low-Engagement
18064,133,2,814.0,384,7,407.0,2,At-Risk / Low-Engagement
18065,6,14,2392.83,1027,110,170.91642857142855,0,High-Value / Champions
18066,75,1,318.0,108,10,318.0,2,At-Risk / Low-Engagement
18067,40,1,396.33,189,36,396.33,2,At-Risk / Low-Engagement
18068,289,1,101.69999999999999,6,1,101.69999999999999,2,At-Risk / Low-Engagement
18069,26,5,2009.24,1296,334,401.848,1,Regular / Growth Potential
18071,258,2,453.0,260,23,226.5,2,At-Risk / Low-Engagement
18072,186,1,247.44,288,18,247.44,2,At-Risk / Low-Engagement
18073,114,12,3859.82,3102,23,321.6516666666667,0,High-Value / Champions
18074,374,1,489.6,190,13,489.6,2,At-Risk / Low-Engagement
18075,23,10,2611.75,1464,97,261.175,0,High-Value / Champions
18077,8,11,2584.41,1839,101,234.94636363636363,0,High-Value / Champions
18078,217,2,336.13,145,27,168.065,2,At-Risk / Low-Engagement
18079,45,4,3613.15,7347,99,903.2875,1,Regular / Growth Potential
18080,19,2,1231.5,642,2,615.75,1,Regular / Growth Potential
18081,36,3,343.45,195,14,114.48333333333333,1,Regular / Growth Potential
18082,26,1,680.84,608,62,680.84,1,Regular / Growth Potential
18084,16,1,90.47999999999999,312,1,90.47999999999999,2,At-Risk / Low-Engagement
18085,330,2,689.95,265,25,344.975,2,At-Risk / Low-Engagement
18086,274,1,101.34,106,7,101.34,2,At-Risk / Low-Engagement
18087,98,2,4055.7199999999993,3907,2,2027.8599999999997,1,Regular / Growth Potential
18088,61,1,166.03,107,35,166.03,2,At-Risk / Low-Engagement
18092,2,11,9068.26,4252,28,824.3872727272727,0,High-Value / Champions
18093,93,4,2106.52,1392,31,526.63,1,Regular / Growth Potential
18094,82,7,3017.3,2518,39,431.04285714285714,1,Regular / Growth Potential
18095,313,2,580.0500000000001,419,20,290.02500000000003,2,At-Risk / Low-Engagement
18096,12,3,849.06,788,157,283.02,1,Regular / Growth Potential
18097,8,6,2662.4,1662,65,443.73333333333335,0,High-Value / Champions
18099,127,1,168.31,149,19,168.31,2,At-Risk / Low-Engagement
18101,11,2,222.4,87,37,111.2,1,Regular / Growth Potential
18102,1,60,259657.3,64124,150,4327.621666666667,0,High-Value / Champions
18104,37,1,754.64,362,38,754.64,1,Regular / Growth Potential
18105,38,1,113.48000000000002,46,18,113.48000000000002,2,At-Risk / Low-Engagement
18106,330,1,421.9,126,33,421.9,2,At-Risk / Low-Engagement
18108,254,1,271.0,84,17,271.0,2,At-Risk / Low-Engagement
18109,2,26,8004.92,4230,119,307.88153846153847,0,High-Value / Champions
18110,20,1,198.8,72,33,198.8,2,At-Risk / Low-Engagement
18112,12,2,352.69,255,26,176.345,1,Regular / Growth Potential
18113,369,1,76.32000000000001,72,1,76.32000000000001,2,At-Risk / Low-Engagement
18114,290,1,220.1,55,28,220.1,2,At-Risk / Low-Engagement
18116,68,8,1403.1100000000001,837,230,175.38875000000002,1,Regular / Growth Potential
18117,26,1,315.65,605,68,315.65,2,At-Risk / Low-Engagement
18118,11,26,5625.08,2865,424,216.34923076923076,0,High-Value / Champions
18119,368,1,180.7,124,29,180.7,2,At-Risk / Low-Engagement
18120,214,1,111.15,31,17,111.15,2,At-Risk / Low-Engagement
18121,149,2,653.3,438,28,326.65,2,At-Risk / Low-Engagement
18122,8,6,1793.06,1225,239,298.8433333333333,0,High-Value / Champions
18123,24,2,574.4399999999999,582,31,287.21999999999997,1,Regular / Growth Potential
18125,30,4,1131.75,800,164,282.9375,1,Regular / Growth Potential
18126,61,1,200.92000000000002,135,52,200.92000000000002,2,At-Risk / Low-Engagement
18127,19,3,347.08,187,41,115.69333333333333,1,Regular / Growth Potential
18129,243,1,112.55000000000001,48,13,112.55000000000001,2,At-Risk / Low-Engagement
18130,15,3,1059.39,824,58,353.13000000000005,1,Regular / Growth Potential
18133,212,1,931.4999999999999,1350,1,931.4999999999999,2,At-Risk / Low-Engagement
18135,29,5,681.9100000000001,349,11,136.382,1,Regular / Growth Potential
18136,63,3,784.33,379,34,261.4433333333333,1,Regular / Growth Potential
18138,295,1,152.65,38,8,152.65,2,At-Risk / Low-Engagement
18139,18,6,8438.34,5557,35,1406.39,0,High-Value / Champions
18142,157,2,1019.52,1276,9,509.76,2,At-Risk / Low-Engagement
18143,117,2,1000.16,570,59,500.08,1,Regular / Growth Potential
18144,8,12,2888.75,1343,27,240.72916666666666,0,High-Value / Champions
18145,13,4,2861.55,2625,174,715.3875,1,Regular / Growth Potential
18146,141,2,160.35000000000002,153,10,80.17500000000001,2,At-Risk / Low-Engagement
18147,46,2,179.33999999999997,203,7,89.66999999999999,2,At-Risk / Low-Engagement
18149,51,3,612.0799999999999,310,11,204.02666666666664,1,Regular / Growth Potential
18150,32,3,566.58,332,29,188.86,1,Regular / Growth Potential
18151,135,2,653.35,355,38,326.675,2,At-Risk / Low-Engagement
18154,3,2,399.19,255,15,199.595,1,Regular / Growth Potential
18155,75,3,371.62,266,19,123.87333333333333,2,At-Risk / Low-Engagement
18156,13,2,675.64,283,100,337.82,1,Regular / Growth Potential
18158,9,2,453.4,354,24,226.7,1,Regular / Growth Potential
18159,301,1,530.15,139,23,530.15,2,At-Risk / Low-Engagement
18160,57,2,638.0600000000001,294,37,319.03000000000003,1,Regular / Growth Potential
18161,15,5,1618.69,812,49,323.738,1,Regular / Growth Potential
18164,37,1,399.65000000000003,184,24,399.65000000000003,2,At-Risk / Low-Engagement
18165,177,1,302.46000000000004,254,10,302.46000000000004,2,At-Risk / Low-Engagement
18167,23,3,1384.8600000000001,382,24,461.62000000000006,1,Regular / Growth Potential
18168,176,6,1160.04,592,97,193.34,1,Regular / Growth Potential
18169,61,1,202.65,61,9,202.65,2,At-Risk / Low-Engagement
18170,33,3,980.31,409,29,326.77,1,Regular / Growth Potential
18171,59,5,1231.31,481,43,246.262,1,Regular / Growth Potential
18172,15,20,7561.68,3184,100,378.084,0,High-Value / Champions
18173,87,4,2106.84,1220,23,526.71,1,Regular / Growth Potential
18174,7,1,104.0,50,1,104.0,2,At-Risk / Low-Engagement
18176,358,1,476.35,283,30,476.35,2,At-Risk / Low-Engagement
18177,31,6,1340.8700000000001,709,53,223.47833333333335,1,Regular / Growth Potential
18178,129,4,1590.81,983,80,397.7025,1,Regular / Growth Potential
18179,9,6,1793.17,1360,86,298.8616666666667,0,High-Value / Champions
18180,5,6,1843.75,1721,108,307.2916666666667,0,High-Value / Champions
18181,24,1,366.85,133,40,366.85,2,At-Risk / Low-Engagement
18183,227,2,632.07,371,36,316.035,2,At-Risk / Low-Engagement
18184,15,1,49.8,60,1,49.8,2,At-Risk / Low-Engagement
18185,249,1,304.25,183,17,304.25,2,At-Risk / Low-Engagement
18188,15,3,2001.04,1168,63,667.0133333333333,1,Regular / Growth Potential
18189,78,2,1090.24,566,65,545.12,1,Regular / Growth Potential
18190,192,2,284.46000000000004,140,14,142.23000000000002,2,At-Risk / Low-Engagement
18191,262,1,207.79999999999998,140,7,207.79999999999998,2,At-Risk / Low-Engagement
18192,72,1,957.97,339,45,957.97,2,At-Risk / Low-Engagement
18193,165,1,243.76,124,16,243.76,2,At-Risk / Low-Engagement
18194,82,1,973.8399999999999,632,7,973.8399999999999,2,At-Risk / Low-Engagement
18196,95,2,686.63,431,131,343.315,2,At-Risk / Low-Engagement
18198,4,17,5425.56,4074,81,319.15058823529415,0,High-Value / Champions
18200,106,1,150.35,104,29,150.35,2,At-Risk / Low-Engagement
18202,200,3,1396.99,581,55,465.66333333333336,1,Regular / Growth Potential
18203,157,1,160.42000000000002,43,19,160.42000000000002,2,At-Risk / Low-Engagement
18204,71,3,1975.35,1190,159,658.4499999999999,1,Regular / Growth Potential
18205,36,2,517.36,192,30,258.68,1,Regular / Growth Potential
18209,29,1,139.10000000000002,58,8,139.10000000000002,2,At-Risk / Low-Engagement
18210,2,6,2621.38,1398,109,436.8966666666667,0,High-Value / Champions
18211,26,5,600.07,359,37,120.01400000000001,1,Regular / Growth Potential
18212,326,1,216.07,92,30,216.07,2,At-Risk / Low-Engagement
18213,237,1,232.48000000000002,232,15,232.48000000000002,2,At-Risk / Low-Engagement
18215,89,1,299.34000000000003,118,13,299.34000000000003,2,At-Risk / Low-Engagement
18216,31,1,481.75,200,26,481.75,2,At-Risk / Low-Engagement
18217,29,2,621.75,491,27,310.875,1,Regular / Growth Potential
18218,211,2,641.92,536,17,320.96,2,At-Risk / Low-Engagement
18219,3,10,2069.77,885,58,206.977,0,High-Value / Champions
18220,227,1,305.28000000000003,288,2,305.28000000000003,2,At-Risk / Low-Engagement
18221,22,5,1041.61,791,59,208.32199999999997,1,Regular / Growth Potential
18222,93,1,443.0,335,19,443.0,2,At-Risk / Low-Engagement
18223,5,14,6484.54,2948,116,463.18142857142857,0,High-Value / Champions
18224,264,1,158.95000000000002,69,10,158.95000000000002,2,At-Risk / Low-Engagement
18225,3,12,5504.96,3242,150,458.74666666666667,0,High-Value / Champions
18226,44,11,5228.05,3466,141,475.27727272727276,0,High-Value / Champions
18227,218,1,93.75,21,5,93.75,2,At-Risk / Low-Engagement
18228,57,2,779.9,238,23,389.95,1,Regular / Growth Potential
18229,12,20,7276.900000000001,2488,66,363.845,0,High-Value / Champions
18230,9,7,2810.2000000000003,1316,32,401.4571428571429,0,High-Value / Champions
18231,192,5,2071.77,819,106,414.354,1,Regular / Growth Potential
18232,82,4,592.97,302,31,148.2425,1,Regular / Growth Potential
18233,326,1,440.0,4,1,440.0,2,At-Risk / Low-Engagement
18235,72,3,1796.48,1578,100,598.8266666666667,1,Regular / Growth Potential
18236,30,6,882.24,403,42,147.04,1,Regular / Growth Potential
18237,3,5,987.1,622,40,197.42000000000002,0,High-Value / Champions
18239,219,5,1561.6100000000001,795,80,312.322,1,Regular / Growth Potential
18240,46,1,422.58,126,6,422.58,2,At-Risk / Low-Engagement
18241,10,17,2073.09,1051,60,121.9464705882353,0,High-Value / Champions
18242,72,4,2232.4900000000002,1017,72,558.1225000000001,1,Regular / Growth Potential
18245,7,7,2567.06,1788,153,366.72285714285715,0,High-Value / Champions
18246,24,2,596.1,166,3,298.05,1,Regular / Growth Potential
18248,123,2,804.02,511,39,402.01,2,At-Risk / Low-Engagement
18249,17,1,95.34,128,8,95.34,2,At-Risk / Low-Engagement
18250,310,1,349.27,199,21,349.27,2,At-Risk / Low-Engagement
18251,87,1,4314.72,7824,16,4314.72,1,Regular / Growth Potential
18252,51,2,518.27,234,90,259.135,1,Regular / Growth Potential
18255,89,1,103.3,74,6,103.3,2,At-Risk / Low-Engagement
18257,39,8,2337.63,1041,97,292.20375,0,High-Value / Champions
18259,25,3,2338.6000000000004,714,27,779.5333333333334,1,Regular / Growth Potential
18260,173,6,2628.35,1475,86,438.05833333333334,1,Regular / Growth Potential
18261,43,2,324.24,146,19,162.12,2,At-Risk / Low-Engagement
18262,140,1,149.48,182,13,149.48,2,At-Risk / Low-Engagement
18263,26,3,1213.1599999999999,1468,59,404.3866666666666,1,Regular / Growth Potential
18265,72,2,801.51,311,44,400.755,1,Regular / Growth Potential
18268,134,1,25.5,2,1,25.5,2,At-Risk / Low-Engagement
18269,366,1,168.6,76,7,168.6,2,At-Risk / Low-Engagement
18270,38,2,283.15,101,11,141.575,2,At-Risk / Low-Engagement
18272,3,6,3078.58,2050,99,513.0966666666667,0,High-Value / Champions
18273,2,3,204.0,80,1,68.0,1,Regular / Growth Potential
18274,30,1,175.92,88,11,175.92,2,At-Risk / Low-Engagement
18276,44,1,335.86,186,14,335.86,2,At-Risk / Low-Engagement
18277,58,1,110.38,68,8,110.38,2,At-Risk / Low-Engagement
18278,74,1,173.9,66,9,173.9,2,At-Risk / Low-Engagement
18280,278,1,180.60000000000002,45,10,180.60000000000002,2,At-Risk / Low-Engagement
18281,181,1,80.82,54,7,80.82,2,At-Risk / Low-Engagement
18282,8,2,178.05,103,12,89.025,1,Regular / Growth Potential
18283,4,16,2045.53,1357,263,127.845625,0,High-Value / Champions
18287,43,3,1837.28,1586,59,612.4266666666666,1,Regular / Growth Potential
