CustomerID,Recency,Frequency,Monetary,Country,Cluster,Segment
12346,326,1,77183.6,United Kingdom,3,At Risk
12347,2,7,4310.0,Iceland,0,Champions
12348,75,4,1797.24,Finland,3,At Risk
12349,19,1,1757.55,Italy,2,Loyal Customers
12350,310,1,334.4,Norway,1,Low Engagement
12352,36,8,2506.04,Norway,3,At Risk
12353,204,1,89.0,Bahrain,1,Low Engagement
12354,232,1,1079.4,Spain,1,Low Engagement
12355,214,1,459.4,Bahrain,1,Low Engagement
12356,23,3,2811.43,Portugal,3,At Risk
12357,33,1,6207.67,Switzerland,3,At Risk
12358,2,2,1168.06,Austria,2,Loyal Customers
12359,58,4,6310.03,Cyprus,3,At Risk
12360,52,3,2662.06,Austria,3,At Risk
12361,287,1,189.9,Belgium,1,Low Engagement
12362,3,10,5226.23,Belgium,0,Champions
12363,110,2,552.0,Unspecified,1,Low Engagement
12364,8,4,1313.1,Belgium,2,Loyal Customers
12365,291,2,641.38,Cyprus,1,Low Engagement
12367,4,1,168.9,Denmark,2,Loyal Customers
12370,51,4,3541.94,Cyprus,3,At Risk
12371,45,2,1887.96,Switzerland,3,At Risk
12372,72,3,1298.04,Denmark,3,At Risk
12373,311,1,364.6,Austria,1,Low Engagement
12374,25,1,742.9300000000001,Austria,2,Loyal Customers
12375,11,2,457.5,Finland,2,Loyal Customers
12377,315,2,1628.12,Switzerland,3,At Risk
12378,130,1,4008.62,Switzerland,3,At Risk
12379,82,2,852.24,Belgium,3,At Risk
12380,22,4,2724.81,Belgium,3,At Risk
12381,5,5,1845.31,Norway,0,Champions
12383,185,5,1850.56,Belgium,3,At Risk
12384,29,2,585.27,Switzerland,2,Loyal Customers
12386,338,2,401.9,Australia,1,Low Engagement
12388,16,6,2780.66,Australia,0,Champions
12390,80,1,549.84,Belgium,1,Low Engagement
12391,22,1,439.66,Cyprus,2,Loyal Customers
12393,72,4,1582.6000000000001,Australia,3,At Risk
12394,64,2,1272.48,Belgium,3,At Risk
12395,19,12,3018.63,Belgium,0,Champions
12397,36,2,2409.9,Belgium,3,At Risk
12398,46,1,1635.6599999999999,Switzerland,3,At Risk
12399,119,4,1108.65,Belgium,3,At Risk
12401,303,1,84.3,Belgium,1,Low Engagement
12402,323,1,225.6,Belgium,1,Low Engagement
12403,50,1,427.7,Denmark,1,Low Engagement
12405,149,1,1710.39,Finland,3,At Risk
12406,22,2,3415.3,Denmark,3,At Risk
12407,50,5,1708.1200000000001,Belgium,3,At Risk
12408,33,5,2888.55,Belgium,3,At Risk
12409,79,3,11072.67,Switzerland,3,At Risk
12410,309,2,693.3299999999999,Switzerland,1,Low Engagement
12412,75,3,1226.88,Denmark,3,At Risk
12413,67,3,758.1,France,3,At Risk
12414,217,3,562.41,Austria,1,Low Engagement
12415,24,21,124914.53,Australia,0,Champions
12417,3,9,3649.1,Belgium,0,Champions
12418,113,1,668.58,Switzerland,1,Low Engagement
12420,64,1,600.39,Cyprus,1,Low Engagement
12421,16,4,807.04,Spain,2,Loyal Customers
12422,96,3,803.5600000000001,Australia,3,At Risk
12423,1,8,1859.31,Belgium,0,Champions
12424,163,2,1760.96,Australia,3,At Risk
12425,78,1,777.2,Portugal,1,Low Engagement
12426,195,1,582.73,Germany,1,Low Engagement
12427,22,3,825.8,Germany,2,Loyal Customers
12428,26,9,7956.46,Finland,0,Champions
12429,9,4,3750.4,Denmark,0,Champions
12430,43,1,256.4,Norway,1,Low Engagement
12431,36,15,6419.95,Australia,0,Champions
12432,43,5,5059.32,Norway,3,At Risk
12433,1,7,13375.87,Norway,0,Champions
12434,85,2,806.14,Australia,3,At Risk
12435,80,2,7829.89,Denmark,3,At Risk
12436,100,1,509.01,Norway,1,Low Engagement
12437,2,18,4951.41,France,0,Champions
12438,14,2,2906.85,Norway,3,At Risk
12441,367,1,173.55,France,1,Low Engagement
12442,3,1,172.06,Spain,2,Loyal Customers
12444,21,5,5005.46,Norway,0,Champions
12445,22,1,133.4,Spain,2,Loyal Customers
12446,58,1,1002.3100000000001,RSA,1,Low Engagement
12447,243,1,476.49,Belgium,1,Low Engagement
12448,44,1,449.45,Spain,1,Low Engagement
12449,22,4,4067.29,Belgium,3,At Risk
12450,156,2,197.88,Spain,1,Low Engagement
12451,11,5,9035.52,Switzerland,0,Champions
12452,17,2,430.57,Switzerland,2,Loyal Customers
12453,134,1,707.09,Austria,1,Low Engagement
12454,56,1,3528.34,Spain,3,At Risk
12455,73,6,2466.86,Spain,3,At Risk
12456,44,3,3181.04,Switzerland,3,At Risk
12457,66,7,2363.23,Switzerland,3,At Risk
12458,71,2,947.4,Switzerland,3,At Risk
12461,94,2,826.88,Switzerland,3,At Risk
12462,19,2,1189.59,Spain,2,Loyal Customers
12463,53,4,1344.78,Belgium,3,At Risk
12464,10,8,1212.05,Belgium,0,Champions
12465,17,2,742.1899999999999,Belgium,2,Loyal Customers
12468,188,2,729.5400000000001,Germany,1,Low Engagement
12471,2,30,19788.65,Germany,0,Champions
12472,32,7,6572.11,Germany,0,Champions
12473,29,5,3928.0499999999997,Germany,3,At Risk
12474,17,18,7324.09,Germany,0,Champions
12475,54,1,723.38,Germany,1,Low Engagement
12476,16,11,6816.42,Germany,0,Champions
12477,23,6,13219.74,Germany,0,Champions
12478,4,1,680.99,Greece,2,Loyal Customers
12479,11,1,527.2,Germany,2,Loyal Customers
12480,28,4,3281.63,Germany,3,At Risk
12481,23,10,5579.82,Germany,0,Champions
12483,17,8,2484.98,Sweden,0,Champions
12484,33,6,4527.32,Spain,3,At Risk
12488,10,3,1298.66,France,2,Loyal Customers
12489,336,1,334.93,France,1,Low Engagement
12490,5,10,5417.93,France,0,Champions
12491,39,1,460.40000000000003,France,2,Loyal Customers
12492,63,2,263.21000000000004,Germany,1,Low Engagement
12493,166,2,433.74,France,1,Low Engagement
12494,16,7,1246.1000000000001,France,3,At Risk
12497,82,1,1043.1,Germany,1,Low Engagement
12498,21,3,403.70000000000005,Germany,2,Loyal Customers
12500,23,11,4257.82,Germany,0,Champions
12501,337,1,2169.39,Germany,1,Low Engagement
12502,96,5,3723.87,Spain,3,At Risk
12504,18,2,482.04999999999995,Germany,2,Loyal Customers
12506,233,1,73.5,France,1,Low Engagement
12507,134,3,1304.81,Spain,3,At Risk
12508,26,2,397.88,France,2,Loyal Customers
12509,284,1,176.5,France,1,Low Engagement
12510,143,2,982.5699999999999,Spain,3,At Risk
12512,66,2,132.18,Israel,1,Low Engagement
12513,113,1,612.29,France,1,Low Engagement
12514,267,1,1017.68,Italy,1,Low Engagement
12515,353,1,383.7,Italy,1,Low Engagement
12516,78,2,1312.06,Germany,3,At Risk
12517,28,5,2481.6,Germany,3,At Risk
12518,1,5,2056.89,Germany,0,Champions
12519,64,1,330.84,Germany,1,Low Engagement
12520,79,5,2634.26,Germany,3,At Risk
12521,143,1,599.68,Germany,1,Low Engagement
12522,39,2,192.72,Germany,2,Loyal Customers
12523,19,11,1789.77,France,0,Champions
12524,9,8,4485.72,Germany,0,Champions
12526,1,3,1316.66,Germany,2,Loyal Customers
12527,82,3,348.71000000000004,Germany,1,Low Engagement
12528,9,6,1933.48,Germany,0,Champions
12530,60,4,1662.28,Germany,3,At Risk
12531,15,1,125.22,Germany,2,Loyal Customers
12532,30,1,349.83000000000004,France,2,Loyal Customers
12534,131,1,1089.18,Germany,1,Low Engagement
12535,92,2,716.35,France,3,At Risk
12536,43,3,12601.830000000002,France,3,At Risk
12538,29,1,363.95,Spain,2,Loyal Customers
12539,22,4,5568.35,Spain,3,At Risk
12540,20,17,13400.24,Spain,0,Champions
12541,30,3,981.18,Spain,3,At Risk
12544,36,1,372.7,Spain,2,Loyal Customers
12545,75,2,1000.39,Spain,3,At Risk
12546,47,2,1161.5,Spain,3,At Risk
12547,198,2,207.79999999999998,Spain,1,Low Engagement
12548,166,1,95.19999999999999,Spain,1,Low Engagement
12550,79,1,964.83,Spain,1,Low Engagement
12551,358,1,168.0,Spain,1,Low Engagement
12552,39,2,437.82,Italy,2,Loyal Customers
12553,8,10,3692.28,France,0,Champions
12556,50,2,599.56,Spain,3,At Risk
12557,16,5,11990.960000000001,Spain,0,Champions
12558,8,1,269.96,USA,2,Loyal Customers
12559,311,2,561.71,Germany,1,Low Engagement
12560,5,3,2134.01,Germany,2,Loyal Customers
12561,303,1,238.85,Germany,1,Low Engagement
12562,8,7,3781.7400000000002,France,0,Champions
12564,261,1,456.9,France,1,Low Engagement
12565,289,1,145.92,Saudi Arabia,1,Low Engagement
12566,86,1,351.65,Germany,1,Low Engagement
12567,23,10,9401.28,France,0,Champions
12569,2,32,4124.69,Germany,0,Champions
12571,40,2,519.61,France,2,Loyal Customers
12572,9,2,1020.42,Germany,2,Loyal Customers
12573,227,1,160.54000000000002,France,1,Low Engagement
12574,316,1,218.45,France,1,Low Engagement
12576,36,5,1315.83,Poland,3,At Risk
12577,35,3,626.6,France,3,At Risk
12578,21,2,2794.51,Italy,3,At Risk
12579,78,1,440.42,France,1,Low Engagement
12580,247,1,415.7,Germany,1,Low Engagement
12581,40,1,197.71,Germany,1,Low Engagement
12582,239,2,511.36,Finland,1,Low Engagement
12583,3,15,7281.38,France,0,Champions
12584,4,9,2338.15,Italy,0,Champions
12585,234,2,2040.1,Germany,3,At Risk
12586,17,1,196.94000000000003,Italy,2,Loyal Customers
12587,8,1,144.0,Finland,2,Loyal Customers
12588,39,1,214.89999999999998,Finland,1,Low Engagement
12589,29,2,646.68,France,2,Loyal Customers
12590,211,2,9864.26,Germany,3,At Risk
12591,317,1,452.84999999999997,Italy,1,Low Engagement
12592,92,2,437.6,Germany,1,Low Engagement
12593,109,3,418.09999999999997,France,1,Low Engagement
12594,38,10,3338.2200000000003,Italy,0,Champions
12596,51,2,618.27,Spain,3,At Risk
12597,19,4,3811.22,Spain,3,At Risk
12598,10,8,3023.08,France,0,Champions
12599,29,7,1032.58,France,3,At Risk
12600,29,10,2599.04,Germany,0,Champions
12601,190,5,577.0600000000001,Germany,3,At Risk
12602,59,1,153.12,France,1,Low Engagement
12603,22,1,739.1999999999999,Germany,2,Loyal Customers
12604,79,2,254.18,France,1,Low Engagement
12607,60,1,1579.51,USA,3,At Risk
12609,78,3,1126.85,Germany,3,At Risk
12610,23,5,2099.54,Italy,3,At Risk
12611,52,1,1193.32,Italy,3,At Risk
12612,74,1,704.0400000000001,Germany,1,Low Engagement
12613,57,5,3344.38,Germany,3,At Risk
12614,278,1,315.6,Germany,1,Low Engagement
12615,2,4,2291.19,France,0,Champions
12616,95,2,713.3,France,1,Low Engagement
12617,29,1,352.98,France,2,Loyal Customers
12618,22,1,177.31,Italy,2,Loyal Customers
12619,16,9,3641.24,Germany,0,Champions
12620,15,3,1339.41,France,2,Loyal Customers
12621,2,20,13689.67,Germany,0,Champions
12622,232,1,180.1,Germany,1,Low Engagement
12623,276,1,305.1,Germany,1,Low Engagement
12624,106,2,641.13,France,1,Low Engagement
12625,212,2,2683.82,Germany,3,At Risk
12626,23,9,6620.48,Germany,0,Champions
12627,11,7,4478.53,Germany,0,Champions
12628,4,3,786.46,Germany,2,Loyal Customers
12630,10,2,1270.88,Finland,2,Loyal Customers
12631,57,1,640.5,Finland,1,Low Engagement
12633,59,4,2163.98,Germany,3,At Risk
12635,90,2,1689.18,Germany,3,At Risk
12637,67,8,6002.9,France,3,At Risk
12638,33,1,671.69,Sweden,2,Loyal Customers
12639,239,1,486.1,Sweden,1,Low Engagement
12640,24,3,1174.58,France,3,At Risk
12641,115,1,185.9,Sweden,1,Low Engagement
12642,25,3,1013.26,Germany,3,At Risk
12643,128,6,3344.64,France,3,At Risk
12644,130,1,477.91,Germany,1,Low Engagement
12645,34,4,1775.18,Germany,3,At Risk
12646,5,2,1346.97,USA,2,Loyal Customers
12647,22,12,3722.82,Germany,0,Champions
12648,155,1,318.05,Germany,1,Low Engagement
12649,107,3,623.51,Germany,3,At Risk
12650,3,1,314.44,France,2,Loyal Customers
12651,335,1,114.0,France,1,Low Engagement
12652,331,1,919.98,France,1,Low Engagement
12653,149,2,2209.85,Israel,3,At Risk
12654,11,5,601.98,Germany,2,Loyal Customers
12656,17,5,4051.17,France,0,Champions
12657,11,4,1643.18,France,3,At Risk
12658,19,1,686.05,Germany,2,Loyal Customers
12659,30,1,91.68,France,1,Low Engagement
12660,11,1,245.1,France,2,Loyal Customers
12662,1,11,3849.78,Germany,0,Champions
12664,8,9,4881.88,Finland,0,Champions
12665,325,1,63.0,Germany,1,Low Engagement
12667,58,1,620.13,Finland,1,Low Engagement
12668,12,4,3807.15,Germany,0,Champions
12669,151,3,2744.0299999999997,France,3,At Risk
12670,10,5,2996.05,France,0,Champions
12672,330,1,225.89999999999998,France,1,Low Engagement
12673,5,2,610.52,Germany,2,Loyal Customers
12674,39,4,1970.6,France,3,At Risk
12676,25,6,1331.39,Sweden,3,At Risk
12678,42,12,17628.46,France,0,Champions
12679,59,4,1113.02,France,3,At Risk
12680,1,4,862.81,France,2,Loyal Customers
12681,15,22,13787.54,France,0,Champions
12682,4,31,12279.82,France,0,Champions
12683,4,15,8476.57,France,0,Champions
12684,8,7,2283.63,France,0,Champions
12685,28,6,2863.08,France,3,At Risk
12686,372,1,89.14,France,1,Low Engagement
12688,114,1,4873.8099999999995,Israel,3,At Risk
12689,26,2,1247.61,France,3,At Risk
12690,206,1,389.01,France,1,Low Engagement
12691,28,6,1035.8,France,3,At Risk
12693,127,4,855.91,Germany,3,At Risk
12694,70,2,869.67,France,3,At Risk
12695,7,4,582.1,France,2,Loyal Customers
12697,29,3,957.59,Sweden,3,At Risk
12700,8,4,4939.99,France,0,Champions
12701,80,2,797.71,Germany,3,At Risk
12702,20,1,219.0,Germany,2,Loyal Customers
12703,71,1,283.55,Germany,1,Low Engagement
12704,7,8,2340.84,Finland,0,Champions
12705,15,9,6868.29,Germany,0,Champions
12707,292,1,603.42,France,1,Low Engagement
12708,30,10,2712.91,Germany,0,Champions
12709,15,15,9706.52,Germany,0,Champions
12710,97,3,1149.02,Germany,3,At Risk
12712,29,13,4396.13,Germany,0,Champions
12713,1,1,848.55,Germany,2,Loyal Customers
12714,9,5,4708.86,France,0,Champions
12715,106,1,343.36,Sweden,1,Low Engagement
12716,4,2,1053.49,France,2,Loyal Customers
12717,151,2,1030.98,Greece,3,At Risk
12718,71,1,238.25,France,1,Low Engagement
12719,5,2,644.95,France,2,Loyal Customers
12720,3,25,5781.73,Germany,0,Champions
12721,32,6,2656.13,France,3,At Risk
12722,85,4,997.63,France,3,At Risk
12723,4,5,725.07,France,2,Loyal Customers
12724,5,4,1031.41,France,2,Loyal Customers
12725,371,1,427.8,Italy,1,Low Engagement
12726,28,7,2609.1,France,3,At Risk
12727,11,7,3980.7,France,0,Champions
12728,71,4,836.33,France,3,At Risk
12729,114,1,453.01,France,1,Low Engagement
12731,24,12,18895.91,France,0,Champions
12732,180,1,236.26000000000002,France,1,Low Engagement
12733,234,1,383.95,USA,1,Low Engagement
12734,353,1,110.39999999999999,France,1,Low Engagement
12735,315,2,779.5699999999999,France,1,Low Engagement
12736,333,1,234.0,France,1,Low Engagement
12738,372,1,155.35,Germany,1,Low Engagement
12739,78,2,1013.04,United Arab Emirates,3,At Risk
12740,64,1,427.6,France,1,Low Engagement
12743,134,2,540.13,Unspecified,1,Low Engagement
12744,52,7,21279.29,Singapore,0,Champions
12747,2,11,4196.01,United Kingdom,0,Champions
12748,1,209,33053.19,United Kingdom,0,Champions
12749,4,5,4090.88,United Kingdom,0,Champions
12750,129,1,275.88,Poland,1,Low Engagement
12752,81,1,4366.78,Norway,3,At Risk
12753,23,6,21429.39,Japan,0,Champions
12754,236,3,3010.74,Japan,3,At Risk
12755,281,2,3811.95,Japan,3,At Risk
12756,87,1,112.07999999999998,Japan,1,Low Engagement
12757,16,13,7834.650000000001,Portugal,0,Champions
12758,117,2,2791.59,Portugal,3,At Risk
12759,52,3,1531.44,Netherlands,3,At Risk
12762,8,2,1898.52,Portugal,2,Loyal Customers
12763,138,2,494.08,Japan,1,Low Engagement
12764,317,1,1693.88,Lebanon,1,Low Engagement
12766,4,7,6989.63,Portugal,0,Champions
12769,239,1,1143.6,Brazil,1,Low Engagement
12770,211,1,1351.45,Japan,1,Low Engagement
12772,60,1,892.47,Portugal,1,Low Engagement
12775,17,5,1386.04,Netherlands,3,At Risk
12778,20,6,822.23,Netherlands,3,At Risk
12779,38,8,3981.36,Poland,0,Champions
12781,64,2,826.74,Czech Republic,3,At Risk
12782,5,5,2330.92,Portugal,0,Champions
12783,2,6,2225.91,Portugal,0,Champions
12784,9,2,532.8199999999999,Portugal,2,Loyal Customers
12785,364,1,311.95,Portugal,1,Low Engagement
12787,10,3,463.66,Netherlands,2,Loyal Customers
12789,65,1,91.85,Netherlands,1,Low Engagement
12790,192,1,324.92,Netherlands,1,Low Engagement
12791,374,1,192.60000000000002,Netherlands,1,Low Engagement
12792,257,1,400.53999999999996,Portugal,1,Low Engagement
12793,335,2,545.48,Portugal,1,Low Engagement
12794,53,2,860.41,Portugal,3,At Risk
12795,19,1,430.48,Portugal,2,Loyal Customers
12797,366,1,254.03,Portugal,1,Low Engagement
12798,10,3,6977.04,Japan,0,Champions
12802,187,1,427.58,Netherlands,1,Low Engagement
12808,37,3,483.65000000000003,Portugal,2,Loyal Customers
12809,178,1,489.31,Portugal,1,Low Engagement
12811,261,3,514.85,Portugal,1,Low Engagement
12812,45,1,229.64000000000001,Japan,1,Low Engagement
12814,102,1,125.92,Poland,1,Low Engagement
12815,148,2,1063.46,Poland,3,At Risk
12816,96,2,572.2,Poland,1,Low Engagement
12817,281,1,166.04,Austria,1,Low Engagement
12818,262,1,1542.08,Austria,1,Low Engagement
12820,3,4,942.34,United Kingdom,2,Loyal Customers
12821,214,1,92.72,United Kingdom,1,Low Engagement
12822,71,2,948.88,United Kingdom,3,At Risk
12823,75,5,1759.5,United Kingdom,3,At Risk
12824,60,1,397.12,United Kingdom,1,Low Engagement
12826,3,7,1474.72,United Kingdom,0,Champions
12827,6,3,430.15000000000003,United Kingdom,2,Loyal Customers
12828,3,6,1018.71,United Kingdom,0,Champions
12829,337,2,293.0,United Kingdom,1,Low Engagement
12830,38,6,6814.64,United Kingdom,3,At Risk
12831,262,1,215.05,United Kingdom,1,Low Engagement
12832,32,2,383.03,United Kingdom,2,Loyal Customers
12833,145,1,417.38,United Kingdom,1,Low Engagement
12834,283,1,312.38,United Kingdom,1,Low Engagement
12836,59,4,2610.36,United Kingdom,3,At Risk
12837,173,1,134.1,United Kingdom,1,Low Engagement
12838,34,2,671.95,United Kingdom,2,Loyal Customers
12839,3,14,5591.42,United Kingdom,0,Champions
12840,144,4,2726.77,United Kingdom,3,At Risk
12841,5,25,3991.58,United Kingdom,0,Champions
12842,70,2,1118.99,United Kingdom,3,At Risk
12843,66,8,1702.26,United Kingdom,3,At Risk
12844,29,2,325.96000000000004,United Kingdom,2,Loyal Customers
12845,267,4,354.09,United Kingdom,1,Low Engagement
12847,22,1,843.64,United Kingdom,2,Loyal Customers
12849,31,2,1010.29,United Kingdom,3,At Risk
12851,97,1,131.81,United Kingdom,1,Low Engagement
12852,295,1,311.55,United Kingdom,1,Low Engagement
12853,135,6,1957.1000000000001,United Kingdom,3,At Risk
12854,79,3,1316.25,United Kingdom,3,At Risk
12855,373,1,38.1,United Kingdom,1,Low Engagement
12856,8,6,2170.78,United Kingdom,0,Champions
12857,211,2,1106.4,United Kingdom,3,At Risk
12863,52,1,521.2,United Kingdom,1,Low Engagement
12864,138,1,147.12,United Kingdom,1,Low Engagement
12865,26,2,1568.23,Austria,3,At Risk
12866,283,1,559.12,Belgium,1,Low Engagement
12867,26,7,4009.34,United Kingdom,0,Champions
12868,186,6,1607.0600000000002,United Kingdom,3,At Risk
12871,84,2,380.64,United Kingdom,1,Low Engagement
12872,327,2,599.97,United Kingdom,1,Low Engagement
12873,282,1,374.0,United Kingdom,1,Low Engagement
12875,143,2,343.2300000000001,United Kingdom,1,Low Engagement
12876,58,2,2218.02,Belgium,3,At Risk
12877,4,12,1535.77,United Kingdom,0,Champions
12878,236,2,854.99,United Kingdom,1,Low Engagement
12879,45,3,573.22,United Kingdom,3,At Risk
12881,276,1,298.0,United Kingdom,1,Low Engagement
12882,9,2,1463.04,United Kingdom,2,Loyal Customers
12883,25,4,703.47,United Kingdom,3,At Risk
12884,88,1,309.05,United Kingdom,1,Low Engagement
12885,63,3,1175.22,United Kingdom,3,At Risk
12886,68,2,1378.4,United Kingdom,3,At Risk
12888,214,2,354.12,United Kingdom,1,Low Engagement
12890,24,1,376.71999999999997,United Kingdom,2,Loyal Customers
12891,186,3,331.0,United Kingdom,1,Low Engagement
12893,31,1,176.55,United Kingdom,2,Loyal Customers
12895,42,2,372.8,United Kingdom,2,Loyal Customers
12897,205,2,216.5,United Kingdom,1,Low Engagement
12901,9,28,17654.54,United Kingdom,0,Champions
12902,265,1,138.68,United Kingdom,1,Low Engagement
12904,18,2,496.06,United Kingdom,2,Loyal Customers
12906,12,5,2919.81,United Kingdom,0,Champions
12908,176,2,750.0,United Kingdom,1,Low Engagement
12909,40,5,2178.67,United Kingdom,3,At Risk
12910,23,8,3075.04,United Kingdom,0,Champions
12912,3,5,1662.3,United Kingdom,0,Champions
12913,5,5,2483.63,United Kingdom,0,Champions
12915,149,2,363.65,United Kingdom,1,Low Engagement
12916,139,4,2944.95,United Kingdom,3,At Risk
12917,128,1,594.0,United Kingdom,1,Low Engagement
12919,8,6,1335.19,United Kingdom,0,Champions
12920,17,1,162.78,United Kingdom,2,Loyal Customers
12921,9,37,16587.09,United Kingdom,0,Champions
12922,161,1,405.38,United Kingdom,1,Low Engagement
12923,64,1,172.82,United Kingdom,1,Low Engagement
12924,88,4,933.7,United Kingdom,3,At Risk
12925,5,2,694.05,United Kingdom,2,Loyal Customers
12928,35,5,2062.7000000000003,United Kingdom,3,At Risk
12929,312,1,117.85,United Kingdom,1,Low Engagement
12930,78,2,415.8,United Kingdom,1,Low Engagement
12931,22,15,42055.96,United Kingdom,0,Champions
12933,24,3,607.53,United Kingdom,2,Loyal Customers
12935,2,7,2160.7,United Kingdom,0,Champions
12936,17,4,1063.9,United Kingdom,3,At Risk
12937,15,4,1504.27,United Kingdom,3,At Risk
12938,26,1,114.14,United Kingdom,2,Loyal Customers
12939,64,8,11581.8,United Kingdom,0,Champions
12940,55,2,899.69,United Kingdom,3,At Risk
12942,131,3,675.6,United Kingdom,3,At Risk
12944,36,2,604.51,United Kingdom,2,Loyal Customers
12945,288,1,462.95,United Kingdom,1,Low Engagement
12947,144,6,1603.99,United Kingdom,3,At Risk
12948,16,7,2064.95,United Kingdom,0,Champions
12949,31,8,4167.22,United Kingdom,0,Champions
12950,2,3,1843.0,United Kingdom,2,Loyal Customers
12951,9,6,1064.07,United Kingdom,0,Champions
12952,6,4,1387.79,United Kingdom,2,Loyal Customers
12953,10,1,329.85,United Kingdom,2,Loyal Customers
12955,1,11,4757.16,United Kingdom,0,Champions
12956,306,1,108.07,United Kingdom,1,Low Engagement
12957,10,8,4017.54,United Kingdom,0,Champions
12962,7,2,266.39,United Kingdom,2,Loyal Customers
12963,8,8,1856.63,United Kingdom,0,Champions
12965,89,1,769.8100000000001,United Kingdom,1,Low Engagement
12966,10,1,160.18,United Kingdom,2,Loyal Customers
12967,358,2,1660.9,United Kingdom,3,At Risk
12968,112,1,135.95,United Kingdom,1,Low Engagement
12970,7,4,405.47,United Kingdom,2,Loyal Customers
12971,4,86,11189.91,United Kingdom,0,Champions
12974,198,1,144.8,United Kingdom,1,Low Engagement
12976,212,1,738.6,United Kingdom,1,Low Engagement
12977,156,1,39.239999999999995,United Kingdom,1,Low Engagement
12980,158,9,7374.900000000001,United Kingdom,3,At Risk
12981,30,2,372.21999999999997,United Kingdom,2,Loyal Customers
12982,243,1,390.54,United Kingdom,1,Low Engagement
12984,19,1,97.5,United Kingdom,2,Loyal Customers
12985,1,2,1239.38,United Kingdom,2,Loyal Customers
12987,74,2,558.7,United Kingdom,1,Low Engagement
12988,292,1,505.82,United Kingdom,1,Low Engagement
12989,3,15,6924.110000000001,United Kingdom,0,Champions
12990,31,3,409.5,United Kingdom,2,Loyal Customers
12991,23,2,503.76,United Kingdom,2,Loyal Customers
12993,23,4,414.76,United Kingdom,2,Loyal Customers
12994,4,3,974.4200000000001,United Kingdom,2,Loyal Customers
12995,85,1,211.32,United Kingdom,1,Low Engagement
12997,22,4,1226.89,United Kingdom,3,At Risk
12999,196,3,455.88,United Kingdom,1,Low Engagement
13000,107,3,534.85,United Kingdom,3,At Risk
13001,4,13,9785.970000000001,United Kingdom,0,Champions
13002,318,1,120.94999999999999,United Kingdom,1,Low Engagement
13003,106,3,149.05,United Kingdom,1,Low Engagement
13004,12,18,5655.91,United Kingdom,0,Champions
13005,174,2,513.7,United Kingdom,1,Low Engagement
13006,56,1,81.57,United Kingdom,1,Low Engagement
13008,323,1,229.46999999999997,United Kingdom,1,Low Engagement
13011,372,1,50.550000000000004,United Kingdom,1,Low Engagement
13012,9,8,1646.8400000000001,United Kingdom,0,Champions
13013,1,13,4810.9400000000005,United Kingdom,0,Champions
13014,11,10,3466.2799999999997,United Kingdom,0,Champions
13015,53,5,3339.64,United Kingdom,3,At Risk
13016,73,3,789.89,United Kingdom,3,At Risk
13017,7,1,204.0,United Kingdom,2,Loyal Customers
13018,16,28,7277.7,United Kingdom,0,Champions
13021,4,9,2616.38,United Kingdom,0,Champions
13023,64,2,689.9,United Kingdom,3,At Risk
13026,1,5,975.36,United Kingdom,2,Loyal Customers
13027,114,6,6912.0,United Kingdom,3,At Risk
13028,23,2,661.3199999999999,United Kingdom,2,Loyal Customers
13029,31,3,1247.5,United Kingdom,3,At Risk
13030,11,2,752.4399999999999,United Kingdom,2,Loyal Customers
13032,52,2,1010.18,United Kingdom,3,At Risk
13033,357,1,190.55,United Kingdom,1,Low Engagement
13034,55,2,642.77,United Kingdom,3,At Risk
13035,74,2,921.88,United Kingdom,3,At Risk
13037,138,3,881.07,United Kingdom,3,At Risk
13038,80,3,908.46,United Kingdom,3,At Risk
13040,9,2,676.99,United Kingdom,2,Loyal Customers
13043,273,1,516.42,United Kingdom,1,Low Engagement
13044,291,1,560.47,United Kingdom,1,Low Engagement
13045,99,1,305.28000000000003,United Kingdom,1,Low Engagement
13046,31,2,629.31,United Kingdom,2,Loyal Customers
13047,32,10,3237.54,United Kingdom,0,Champions
13048,14,4,1819.41,United Kingdom,3,At Risk
13049,64,2,656.6800000000001,United Kingdom,3,At Risk
13050,15,17,5836.86,United Kingdom,0,Champions
13052,212,1,348.15000000000003,United Kingdom,1,Low Engagement
13055,78,3,1214.41,United Kingdom,3,At Risk
13058,25,3,271.40000000000003,United Kingdom,2,Loyal Customers
13059,250,1,183.4,United Kingdom,1,Low Engagement
13060,254,1,307.53,United Kingdom,1,Low Engagement
13061,72,1,248.61,United Kingdom,1,Low Engagement
13062,191,1,346.98,United Kingdom,1,Low Engagement
13064,13,4,1105.59,United Kingdom,2,Loyal Customers
13065,373,1,205.86,United Kingdom,1,Low Engagement
13066,24,2,470.8,United Kingdom,2,Loyal Customers
13067,82,1,115.46000000000001,United Kingdom,1,Low Engagement
13068,10,2,344.0,United Kingdom,2,Loyal Customers
13069,1,24,4431.44,United Kingdom,0,Champions
13070,192,1,228.8,United Kingdom,1,Low Engagement
13072,267,1,177.15,United Kingdom,1,Low Engagement
13075,130,1,919.61,United Kingdom,1,Low Engagement
13077,1,4,728.02,United Kingdom,2,Loyal Customers
13078,3,26,12627.94,United Kingdom,0,Champions
13079,4,5,220.10000000000002,United Kingdom,2,Loyal Customers
13080,179,1,58.08,United Kingdom,1,Low Engagement
13081,12,11,28337.38,United Kingdom,0,Champions
13082,126,9,3613.63,United Kingdom,3,At Risk
13083,4,2,303.75,United Kingdom,2,Loyal Customers
13085,158,2,416.08000000000004,United Kingdom,1,Low Engagement
13089,3,97,58762.08,United Kingdom,0,Champions
13090,9,14,8910.82,United Kingdom,0,Champions
13091,28,1,345.82,United Kingdom,2,Loyal Customers
13092,71,5,477.83,United Kingdom,3,At Risk
13093,276,8,7832.47,United Kingdom,3,At Risk
13094,21,12,1927.3200000000002,United Kingdom,0,Champions
13095,71,1,74.39999999999999,United Kingdom,1,Low Engagement
13097,33,10,6003.22,United Kingdom,0,Champions
13098,1,28,28882.44,United Kingdom,0,Champions
13099,99,1,207.35999999999999,United Kingdom,1,Low Engagement
13101,234,1,101.19,United Kingdom,1,Low Engagement
13102,1,24,6424.09,United Kingdom,0,Champions
13103,40,1,243.94,United Kingdom,1,Low Engagement
13104,3,6,1098.48,United Kingdom,0,Champions
13106,133,1,76.5,United Kingdom,1,Low Engagement
13107,44,4,1531.6200000000001,United Kingdom,3,At Risk
13108,373,1,350.06,United Kingdom,1,Low Engagement
13109,60,2,786.54,United Kingdom,3,At Risk
13110,31,7,1488.67,United Kingdom,3,At Risk
13113,1,24,12245.960000000001,United Kingdom,0,Champions
13115,12,4,2294.78,United Kingdom,3,At Risk
13116,138,1,501.14,United Kingdom,1,Low Engagement
13117,22,8,984.91,United Kingdom,3,At Risk
13118,20,5,1197.81,United Kingdom,3,At Risk
13120,239,1,30.599999999999998,United Kingdom,1,Low Engagement
13121,269,1,283.73,United Kingdom,1,Low Engagement
13122,94,2,922.39,United Kingdom,3,At Risk
13124,90,3,3756.33,United Kingdom,3,At Risk
13126,5,8,2099.64,United Kingdom,0,Champions
13127,78,1,259.17,United Kingdom,1,Low Engagement
13130,94,1,64.0,United Kingdom,1,Low Engagement
13131,23,3,1073.3,United Kingdom,3,At Risk
13132,262,1,77.3,United Kingdom,1,Low Engagement
13133,274,2,109.8,United Kingdom,1,Low Engagement
13134,86,4,1793.58,United Kingdom,3,At Risk
13135,197,1,3096.0,United Kingdom,3,At Risk
13136,56,5,2607.61,United Kingdom,3,At Risk
13137,11,8,3603.29,United Kingdom,0,Champions
13138,22,6,962.39,United Kingdom,3,At Risk
13139,16,7,5064.94,United Kingdom,0,Champions
13140,108,3,422.47,United Kingdom,1,Low Engagement
13141,85,5,2388.75,United Kingdom,3,At Risk
13142,19,1,307.09,United Kingdom,2,Loyal Customers
13144,333,1,110.95,United Kingdom,1,Low Engagement
13145,40,4,618.52,United Kingdom,3,At Risk
13146,26,1,228.91,United Kingdom,2,Loyal Customers
13147,10,4,712.8000000000001,United Kingdom,2,Loyal Customers
13148,29,12,3683.26,United Kingdom,0,Champions
13149,14,4,1676.06,United Kingdom,3,At Risk
13151,296,1,1257.8700000000001,United Kingdom,1,Low Engagement
13153,6,1,486.22,United Kingdom,2,Loyal Customers
13155,33,4,971.76,United Kingdom,3,At Risk
13157,49,4,1741.22,United Kingdom,3,At Risk
13158,95,4,1201.06,United Kingdom,3,At Risk
13159,9,4,1429.35,United Kingdom,2,Loyal Customers
13160,22,1,91.8,United Kingdom,2,Loyal Customers
13161,313,1,112.75,United Kingdom,1,Low Engagement
13162,122,4,1688.29,United Kingdom,3,At Risk
13165,46,2,1021.48,United Kingdom,3,At Risk
13166,283,1,417.2,United Kingdom,1,Low Engagement
13167,19,4,791.33,United Kingdom,2,Loyal Customers
13168,36,4,1299.59,United Kingdom,3,At Risk
13169,64,2,712.88,United Kingdom,3,At Risk
13170,27,1,108.81,United Kingdom,2,Loyal Customers
13171,22,3,468.41,United Kingdom,2,Loyal Customers
13173,4,2,353.65,United Kingdom,2,Loyal Customers
13174,16,3,2742.82,United Kingdom,3,At Risk
13176,46,1,481.49,United Kingdom,1,Low Engagement
13177,65,1,282.45,United Kingdom,1,Low Engagement
13178,26,11,5725.47,United Kingdom,0,Champions
13182,45,1,121.18,United Kingdom,1,Low Engagement
13183,8,9,3957.78,United Kingdom,0,Champions
13184,15,10,1668.95,United Kingdom,0,Champions
13185,268,1,71.4,United Kingdom,1,Low Engagement
13186,40,3,1575.89,United Kingdom,3,At Risk
13187,337,1,236.02,United Kingdom,1,Low Engagement
13188,11,1,114.60000000000001,United Kingdom,2,Loyal Customers
13189,19,2,260.68,United Kingdom,2,Loyal Customers
13192,95,2,911.94,United Kingdom,3,At Risk
13193,61,1,112.08,United Kingdom,1,Low Engagement
13194,136,1,60.7,United Kingdom,1,Low Engagement
13196,11,4,1797.78,United Kingdom,3,At Risk
13198,10,6,3401.2400000000002,United Kingdom,0,Champions
13199,4,38,9817.12,United Kingdom,0,Champions
13200,19,4,870.09,United Kingdom,3,At Risk
13203,10,4,869.46,United Kingdom,2,Loyal Customers
13207,15,2,250.26000000000002,United Kingdom,2,Loyal Customers
13208,59,6,1217.65,United Kingdom,3,At Risk
13209,30,8,5891.61,United Kingdom,0,Champions
13210,94,1,353.48,United Kingdom,1,Low Engagement
13211,10,3,1095.42,United Kingdom,2,Loyal Customers
13212,20,3,786.83,United Kingdom,2,Loyal Customers
13213,57,5,1520.58,United Kingdom,3,At Risk
13216,268,1,333.74,United Kingdom,1,Low Engagement
13217,122,3,533.98,United Kingdom,3,At Risk
13218,127,1,62.63999999999999,United Kingdom,1,Low Engagement
13220,78,4,819.2900000000001,United Kingdom,3,At Risk
13221,240,2,847.41,United Kingdom,1,Low Engagement
13223,200,2,163.20000000000002,United Kingdom,1,Low Engagement
13224,60,2,2155.95,United Kingdom,3,At Risk
13225,3,7,6463.84,United Kingdom,0,Champions
13226,273,1,108.21000000000001,United Kingdom,1,Low Engagement
13227,202,1,257.7,United Kingdom,1,Low Engagement
13228,81,1,358.0,United Kingdom,1,Low Engagement
13229,226,1,160.95,United Kingdom,1,Low Engagement
13230,4,14,2755.63,United Kingdom,0,Champions
13232,13,7,1328.35,United Kingdom,0,Champions
13233,74,2,605.12,United Kingdom,1,Low Engagement
13235,212,1,1031.07,United Kingdom,1,Low Engagement
13236,25,2,744.85,United Kingdom,2,Loyal Customers
13238,17,4,700.73,United Kingdom,2,Loyal Customers
13239,262,1,329.56,United Kingdom,1,Low Engagement
13240,96,4,663.65,United Kingdom,3,At Risk
13242,112,3,270.40000000000003,United Kingdom,1,Low Engagement
13243,203,1,585.12,United Kingdom,1,Low Engagement
13244,93,1,121.74000000000001,United Kingdom,1,Low Engagement
13245,51,1,430.5,United Kingdom,1,Low Engagement
13246,18,6,1961.52,United Kingdom,3,At Risk
13247,18,4,501.12,United Kingdom,2,Loyal Customers
13248,125,2,465.68,United Kingdom,1,Low Engagement
13249,92,3,711.41,United Kingdom,3,At Risk
13253,157,2,1030.4,United Kingdom,3,At Risk
13255,9,2,399.51,United Kingdom,2,Loyal Customers
13258,12,3,672.83,United Kingdom,2,Loyal Customers
13259,62,1,283.18,United Kingdom,1,Low Engagement
13260,61,1,557.62,United Kingdom,1,Low Engagement
13261,269,2,944.1,United Kingdom,1,Low Engagement
13262,263,1,200.29,United Kingdom,1,Low Engagement
13263,1,35,7436.93,United Kingdom,0,Champions
13265,53,5,2092.66,United Kingdom,3,At Risk
13266,11,12,3834.2599999999998,United Kingdom,0,Champions
13267,3,19,4521.49,United Kingdom,0,Champions
13268,18,11,3174.75,United Kingdom,0,Champions
13269,1,15,5343.28,United Kingdom,0,Champions
13270,366,1,590.0,United Kingdom,1,Low Engagement
13271,37,1,211.49,United Kingdom,1,Low Engagement
13272,31,2,276.56,United Kingdom,2,Loyal Customers
13273,113,1,138.98,United Kingdom,1,Low Engagement
13276,64,2,590.9300000000001,United Kingdom,3,At Risk
13277,16,4,258.4,United Kingdom,2,Loyal Customers
13278,41,1,542.73,United Kingdom,2,Loyal Customers
13279,78,1,137.75,United Kingdom,1,Low Engagement
13280,122,3,798.46,United Kingdom,3,At Risk
13282,18,3,1132.14,United Kingdom,2,Loyal Customers
13283,60,2,93.66,United Kingdom,1,Low Engagement
13284,331,1,201.19,United Kingdom,1,Low Engagement
13285,23,4,2709.12,United Kingdom,3,At Risk
13291,156,1,361.11,United Kingdom,1,Low Engagement
13292,39,2,578.9399999999999,United Kingdom,2,Loyal Customers
13294,190,2,873.74,United Kingdom,1,Low Engagement
13295,360,1,201.20000000000002,United Kingdom,1,Low Engagement
13296,137,1,87.4,United Kingdom,1,Low Engagement
13297,8,4,2089.85,United Kingdom,0,Champions
13298,1,1,360.0,United Kingdom,2,Loyal Customers
13299,268,1,142.5,United Kingdom,1,Low Engagement
13300,169,1,371.89,United Kingdom,1,Low Engagement
13301,104,4,618.09,United Kingdom,3,At Risk
13302,155,1,63.75,United Kingdom,1,Low Engagement
13304,351,1,300.42,United Kingdom,1,Low Engagement
13305,4,10,2000.86,United Kingdom,0,Champions
13307,120,1,15.0,United Kingdom,1,Low Engagement
13308,23,3,1385.51,United Kingdom,3,At Risk
13309,7,5,1456.79,United Kingdom,0,Champions
13310,28,3,1132.03,United Kingdom,3,At Risk
13311,4,2,598.57,United Kingdom,2,Loyal Customers
13313,22,5,1555.32,United Kingdom,3,At Risk
13314,2,3,775.94,United Kingdom,2,Loyal Customers
13316,37,4,5732.93,United Kingdom,3,At Risk
13317,66,6,2273.68,United Kingdom,3,At Risk
13318,1,3,640.76,United Kingdom,2,Loyal Customers
13319,5,26,10845.550000000001,United Kingdom,0,Champions
13320,78,4,1532.2,United Kingdom,3,At Risk
13321,72,2,567.36,United Kingdom,1,Low Engagement
13322,17,1,199.48000000000002,United Kingdom,2,Loyal Customers
13323,3,5,787.85,United Kingdom,2,Loyal Customers
13324,36,10,7121.95,United Kingdom,0,Champions
13325,82,1,675.3,United Kingdom,1,Low Engagement
13327,39,8,3627.77,United Kingdom,0,Champions
13328,316,1,1308.48,United Kingdom,1,Low Engagement
13329,32,2,789.0,United Kingdom,2,Loyal Customers
13330,93,3,1140.93,United Kingdom,3,At Risk
13332,14,1,350.9,United Kingdom,2,Loyal Customers
13334,82,3,3502.32,United Kingdom,3,At Risk
13336,77,1,795.12,United Kingdom,1,Low Engagement
13338,158,1,487.02,United Kingdom,1,Low Engagement
13339,201,1,860.12,United Kingdom,1,Low Engagement
13340,45,7,10736.48,United Kingdom,0,Champions
13341,261,1,775.85,United Kingdom,1,Low Engagement
13343,178,1,353.43,United Kingdom,1,Low Engagement
13344,68,3,2511.69,United Kingdom,3,At Risk
13345,288,1,389.5,United Kingdom,1,Low Engagement
13347,70,1,341.36,United Kingdom,1,Low Engagement
13348,64,1,233.76,United Kingdom,1,Low Engagement
13349,11,1,247.32,United Kingdom,2,Loyal Customers
13350,16,2,979.12,United Kingdom,2,Loyal Customers
13351,66,1,373.94,United Kingdom,1,Low Engagement
13352,60,1,397.97999999999996,United Kingdom,1,Low Engagement
13354,71,1,743.53,United Kingdom,1,Low Engagement
13355,122,1,674.7,United Kingdom,1,Low Engagement
13356,80,1,768.24,United Kingdom,1,Low Engagement
13357,257,1,609.4,United Kingdom,1,Low Engagement
13358,269,1,439.03,United Kingdom,1,Low Engagement
13359,64,1,439.56,United Kingdom,1,Low Engagement
13362,9,4,3090.7400000000002,United Kingdom,0,Champions
13363,18,2,992.5,United Kingdom,2,Loyal Customers
13364,71,1,134.95999999999998,United Kingdom,1,Low Engagement
13365,34,2,2225.37,United Kingdom,3,At Risk
13366,50,1,56.160000000000004,United Kingdom,1,Low Engagement
13368,257,2,623.4,United Kingdom,1,Low Engagement
13369,366,1,308.28000000000003,United Kingdom,1,Low Engagement
13370,372,1,754.87,United Kingdom,1,Low Engagement
13372,90,1,378.64,United Kingdom,1,Low Engagement
13373,61,3,3312.25,United Kingdom,3,At Risk
13375,89,1,778.65,United Kingdom,1,Low Engagement
13376,99,3,1019.76,United Kingdom,3,At Risk
13379,26,3,572.56,United Kingdom,2,Loyal Customers
13381,32,6,3639.31,United Kingdom,3,At Risk
13382,281,1,222.99,United Kingdom,1,Low Engagement
13384,31,7,4151.93,United Kingdom,0,Champions
13385,330,1,534.57,United Kingdom,1,Low Engagement
13388,131,2,677.1,United Kingdom,1,Low Engagement
13389,11,3,797.96,United Kingdom,2,Loyal Customers
13390,75,1,544.08,United Kingdom,1,Low Engagement
13391,204,1,59.8,United Kingdom,1,Low Engagement
13394,2,8,2520.02,United Kingdom,0,Champions
13395,185,1,307.72,United Kingdom,1,Low Engagement
13396,29,2,1360.99,United Kingdom,3,At Risk
13397,73,5,1544.13,United Kingdom,3,At Risk
13398,192,1,457.34,United Kingdom,1,Low Engagement
13402,127,2,621.23,United Kingdom,1,Low Engagement
13403,18,1,75.0,United Kingdom,2,Loyal Customers
13404,1,2,252.49,United Kingdom,2,Loyal Customers
13405,74,3,572.451,United Kingdom,3,At Risk
13408,2,62,28117.04,United Kingdom,0,Champions
13410,24,5,1003.06,United Kingdom,3,At Risk
13411,107,1,213.55,United Kingdom,1,Low Engagement
13414,134,3,1390.5,United Kingdom,3,At Risk
13416,44,2,712.5,United Kingdom,3,At Risk
13417,5,2,640.83,United Kingdom,2,Loyal Customers
13418,12,18,6127.43,United Kingdom,0,Champions
13419,64,1,221.06,United Kingdom,1,Low Engagement
13420,150,2,159.85,United Kingdom,1,Low Engagement
13421,40,2,1833.71,United Kingdom,3,At Risk
13422,64,1,2626.3,United Kingdom,3,At Risk
13425,108,3,1624.21,United Kingdom,3,At Risk
13426,1,10,3641.32,United Kingdom,0,Champions
13427,19,3,582.6,United Kingdom,2,Loyal Customers
13428,10,1,201.78,United Kingdom,2,Loyal Customers
13429,11,4,1006.8,United Kingdom,2,Loyal Customers
13430,19,2,679.45,United Kingdom,2,Loyal Customers
13431,67,2,1269.1,United Kingdom,3,At Risk
13434,74,2,534.24,United Kingdom,1,Low Engagement
13435,5,7,3809.8900000000003,United Kingdom,0,Champions
13436,2,1,196.89,United Kingdom,2,Loyal Customers
13437,14,7,3408.06,United Kingdom,0,Champions
13439,255,1,283.71,United Kingdom,1,Low Engagement
13441,92,1,296.64,United Kingdom,1,Low Engagement
13447,23,3,1129.14,United Kingdom,3,At Risk
13448,17,6,3534.69,United Kingdom,0,Champions
13449,24,1,291.88,United Kingdom,2,Loyal Customers
13450,27,6,2043.7199999999998,United Kingdom,3,At Risk
13451,26,5,2898.2599999999998,United Kingdom,3,At Risk
13452,259,2,590.0,United Kingdom,1,Low Engagement
13453,166,2,356.97999999999996,United Kingdom,1,Low Engagement
13455,25,2,1058.34,United Kingdom,2,Loyal Customers
13456,18,6,1766.72,United Kingdom,3,At Risk
13458,7,14,9646.57,United Kingdom,0,Champions
13460,29,2,183.44,United Kingdom,2,Loyal Customers
13461,39,3,1445.0,United Kingdom,3,At Risk
13462,253,1,151.5,United Kingdom,1,Low Engagement
13464,58,1,674.68,United Kingdom,1,Low Engagement
13466,184,1,307.9,United Kingdom,1,Low Engagement
13467,11,2,1071.91,United Kingdom,2,Loyal Customers
13468,2,37,5704.97,United Kingdom,0,Champions
13470,99,2,165.0,United Kingdom,1,Low Engagement
13471,1,4,2501.84,United Kingdom,0,Champions
13473,61,2,422.64,United Kingdom,1,Low Engagement
13474,236,1,226.84,United Kingdom,1,Low Engagement
13475,191,4,1431.78,United Kingdom,3,At Risk
13476,179,2,1238.47,United Kingdom,3,At Risk
13477,38,6,1454.58,United Kingdom,3,At Risk
13479,201,2,300.95,United Kingdom,1,Low Engagement
13481,46,5,1804.56,United Kingdom,3,At Risk
13482,232,1,184.64,United Kingdom,1,Low Engagement
13483,66,1,140.34,United Kingdom,1,Low Engagement
13484,241,1,313.8,United Kingdom,1,Low Engagement
13485,233,1,454.24,United Kingdom,1,Low Engagement
13486,78,3,1122.41,United Kingdom,3,At Risk
13487,58,3,575.4,United Kingdom,3,At Risk
13488,17,13,8968.31,United Kingdom,0,Champions
13489,105,4,449.52,United Kingdom,3,At Risk
13491,52,10,1215.82,United Kingdom,3,At Risk
13492,136,3,1269.84,Switzerland,3,At Risk
13493,275,2,618.63,Switzerland,1,Low Engagement
13494,312,1,316.26000000000005,United Kingdom,1,Low Engagement
13495,8,5,2044.8700000000001,United Kingdom,0,Champions
13496,11,2,653.33,United Kingdom,2,Loyal Customers
13497,283,2,348.05,United Kingdom,1,Low Engagement
13499,18,5,1159.11,United Kingdom,3,At Risk
13500,23,3,1166.77,United Kingdom,3,At Risk
13501,288,1,1340.32,Switzerland,1,Low Engagement
13502,17,3,292.0,United Kingdom,2,Loyal Customers
13503,71,1,216.85,United Kingdom,1,Low Engagement
13504,64,1,295.93,United Kingdom,1,Low Engagement
13505,73,4,4393.63,Switzerland,3,At Risk
13506,316,2,458.52,United Kingdom,1,Low Engagement
13507,3,4,2479.16,United Kingdom,0,Champions
13508,244,1,110.97,United Kingdom,1,Low Engagement
13509,9,7,979.72,United Kingdom,0,Champions
13510,1,4,1791.56,United Kingdom,0,Champions
13512,261,1,251.21,United Kingdom,1,Low Engagement
13513,127,1,205.1,United Kingdom,1,Low Engagement
13514,74,1,152.20000000000002,United Kingdom,1,Low Engagement
13515,73,4,891.12,United Kingdom,3,At Risk
13516,21,3,1389.41,United Kingdom,3,At Risk
13517,60,3,2128.42,United Kingdom,3,At Risk
13518,86,1,627.16,United Kingdom,1,Low Engagement
13519,78,1,122.75,United Kingdom,1,Low Engagement
13520,59,6,3624.35,Switzerland,3,At Risk
13521,1,3,1071.73,United Kingdom,2,Loyal Customers
13522,30,1,125.80000000000001,United Kingdom,2,Loyal Customers
13523,33,5,3964.88,United Kingdom,3,At Risk
13524,41,5,680.1800000000001,United Kingdom,3,At Risk
13525,15,2,628.78,United Kingdom,2,Loyal Customers
13527,34,7,2242.36,United Kingdom,3,At Risk
13529,79,2,307.76,United Kingdom,1,Low Engagement
13531,205,2,483.8,United Kingdom,1,Low Engagement
13532,34,1,210.31,United Kingdom,2,Loyal Customers
13533,183,3,269.09,United Kingdom,1,Low Engagement
13534,2,25,5870.08,United Kingdom,0,Champions
13536,1,7,3444.39,United Kingdom,0,Champions
13538,43,7,1280.85,United Kingdom,3,At Risk
13539,86,3,631.34,United Kingdom,3,At Risk
13544,40,2,276.06,United Kingdom,2,Loyal Customers
13546,12,3,621.09,United Kingdom,2,Loyal Customers
13548,96,2,678.16,United Kingdom,1,Low Engagement
13549,26,7,918.2,United Kingdom,3,At Risk
13551,319,1,91.80000000000001,United Kingdom,1,Low Engagement
13552,66,12,3740.07,United Kingdom,0,Champions
13555,74,4,4098.88,United Kingdom,3,At Risk
13557,28,2,584.06,United Kingdom,2,Loyal Customers
13558,6,4,594.52,United Kingdom,2,Loyal Customers
13560,7,1,171.42000000000002,United Kingdom,2,Loyal Customers
13561,216,1,141.85999999999999,United Kingdom,1,Low Engagement
13562,82,3,1799.33,United Kingdom,3,At Risk
13563,84,2,777.53,United Kingdom,3,At Risk
13564,144,3,1724.67,United Kingdom,3,At Risk
13565,19,2,240.22,United Kingdom,2,Loyal Customers
13566,41,2,856.84,United Kingdom,3,At Risk
13568,173,1,187.05,United Kingdom,1,Low Engagement
13569,17,2,338.62,United Kingdom,2,Loyal Customers
13570,243,1,239.49,United Kingdom,1,Low Engagement
13571,13,12,2088.94,United Kingdom,0,Champions
13572,206,1,1384.25,United Kingdom,1,Low Engagement
13573,50,2,290.25,United Kingdom,1,Low Engagement
13575,23,5,732.0699999999999,United Kingdom,3,At Risk
13576,10,18,6717.34,United Kingdom,0,Champions
13577,25,4,1687.6000000000001,United Kingdom,3,At Risk
13579,15,2,467.04,United Kingdom,2,Loyal Customers
13581,309,1,118.0,United Kingdom,1,Low Engagement
13583,156,1,781.03,United Kingdom,1,Low Engagement
13584,307,1,142.4,United Kingdom,1,Low Engagement
13587,64,1,712.4,United Kingdom,1,Low Engagement
13588,16,9,2478.95,United Kingdom,0,Champions
13589,15,2,379.65,United Kingdom,2,Loyal Customers
13590,11,6,1981.92,United Kingdom,0,Champions
13591,65,3,1117.13,United Kingdom,3,At Risk
13592,36,4,247.95999999999998,United Kingdom,2,Loyal Customers
13593,108,5,2011.88,United Kingdom,3,At Risk
13594,53,1,396.97,United Kingdom,1,Low Engagement
13596,6,2,664.11,United Kingdom,2,Loyal Customers
13598,47,1,160.04,United Kingdom,1,Low Engagement
13599,1,21,5149.92,United Kingdom,0,Champions
13600,312,1,219.52,United Kingdom,1,Low Engagement
13601,45,2,693.32,United Kingdom,3,At Risk
13602,65,1,428.89,United Kingdom,1,Low Engagement
13603,26,1,164.34,United Kingdom,2,Loyal Customers
13606,29,3,276.75,United Kingdom,2,Loyal Customers
13607,40,1,675.51,United Kingdom,2,Loyal Customers
13610,12,7,1082.33,United Kingdom,0,Champions
13611,89,3,1154.4,United Kingdom,3,At Risk
13614,24,4,1585.46,United Kingdom,3,At Risk
13615,319,1,417.69,United Kingdom,1,Low Engagement
13617,40,3,544.18,United Kingdom,3,At Risk
13618,174,1,177.34,United Kingdom,1,Low Engagement
13621,117,1,213.85,United Kingdom,1,Low Engagement
13623,31,5,727.74,United Kingdom,3,At Risk
13626,253,1,257.23,United Kingdom,1,Low Engagement
13627,59,5,1638.47,United Kingdom,3,At Risk
13629,23,11,7792.36,United Kingdom,0,Champions
13630,5,7,2031.78,United Kingdom,0,Champions
13631,100,11,3070.42,United Kingdom,3,At Risk
13632,25,5,2118.93,United Kingdom,3,At Risk
13634,33,5,1547.3600000000001,United Kingdom,3,At Risk
13635,68,1,1071.03,United Kingdom,1,Low Engagement
13636,37,5,949.12,United Kingdom,3,At Risk
13637,52,3,804.3,United Kingdom,3,At Risk
13638,16,1,122.64,United Kingdom,2,Loyal Customers
13639,74,1,1033.34,United Kingdom,1,Low Engagement
13642,216,1,312.28,United Kingdom,1,Low Engagement
13643,31,3,519.44,United Kingdom,2,Loyal Customers
13644,16,4,2624.26,United Kingdom,3,At Risk
13645,120,1,252.1,United Kingdom,1,Low Engagement
13647,10,4,1648.1200000000001,United Kingdom,3,At Risk
13649,257,2,346.6,United Kingdom,1,Low Engagement
13650,17,6,1836.34,United Kingdom,3,At Risk
13651,35,2,94.2,United Kingdom,2,Loyal Customers
13652,46,3,1095.08,United Kingdom,3,At Risk
13654,43,6,2707.33,United Kingdom,3,At Risk
13655,114,2,932.97,United Kingdom,3,At Risk
13656,165,2,379.65,United Kingdom,1,Low Engagement
13657,11,2,382.14,United Kingdom,2,Loyal Customers
13658,10,5,2639.17,United Kingdom,0,Champions
13659,206,2,1563.0,United Kingdom,3,At Risk
13662,86,3,881.26,United Kingdom,3,At Risk
13663,179,1,189.47,United Kingdom,1,Low Engagement
13666,60,3,84.65,United Kingdom,1,Low Engagement
13667,149,1,299.05,United Kingdom,1,Low Engagement
13668,3,21,6309.83,United Kingdom,0,Champions
13669,51,2,218.55,United Kingdom,1,Low Engagement
13670,75,1,349.7,United Kingdom,1,Low Engagement
13672,301,2,186.39000000000001,United Kingdom,1,Low Engagement
13673,19,2,387.44,United Kingdom,2,Loyal Customers
13675,151,2,486.82000000000005,United Kingdom,1,Low Engagement
13678,152,1,232.6,United Kingdom,1,Low Engagement
13680,1,4,3719.12,United Kingdom,0,Champions
13681,18,4,827.83,United Kingdom,2,Loyal Customers
13682,187,1,59.5,United Kingdom,1,Low Engagement
13684,286,1,65.13,United Kingdom,1,Low Engagement
13685,3,7,3119.44,United Kingdom,0,Champions
13686,183,1,72.0,United Kingdom,1,Low Engagement
13689,63,1,910.0,United Kingdom,1,Low Engagement
13690,59,1,172.25,United Kingdom,1,Low Engagement
13692,25,3,1488.32,United Kingdom,3,At Risk
13694,4,50,65039.62,United Kingdom,0,Champions
13695,31,15,2504.13,United Kingdom,0,Champions
13697,39,1,151.29999999999998,United Kingdom,1,Low Engagement
13699,155,1,308.58000000000004,United Kingdom,1,Low Engagement
13700,26,10,2248.63,United Kingdom,0,Champions
13703,318,1,99.5,United Kingdom,1,Low Engagement
13704,5,9,2308.06,United Kingdom,0,Champions
13705,8,3,711.86,United Kingdom,2,Loyal Customers
13706,303,1,330.79,United Kingdom,1,Low Engagement
13707,267,2,806.41,United Kingdom,1,Low Engagement
13708,271,1,285.33,United Kingdom,1,Low Engagement
13709,4,13,6307.650000000001,United Kingdom,0,Champions
13710,32,1,180.48,United Kingdom,2,Loyal Customers
13711,219,2,252.06,United Kingdom,1,Low Engagement
13712,247,1,228.84,United Kingdom,1,Low Engagement
13715,281,5,1077.39,United Kingdom,3,At Risk
13716,269,1,138.28,United Kingdom,1,Low Engagement
13717,32,6,1445.01,United Kingdom,3,At Risk
13718,246,2,306.55,United Kingdom,1,Low Engagement
13719,15,5,1041.68,United Kingdom,3,At Risk
13720,117,4,799.9,United Kingdom,3,At Risk
13721,36,1,524.14,United Kingdom,2,Loyal Customers
13722,132,3,2375.41,United Kingdom,3,At Risk
13723,217,1,199.85000000000002,United Kingdom,1,Low Engagement
13725,50,8,1980.56,United Kingdom,3,At Risk
13726,39,2,1079.6599999999999,United Kingdom,3,At Risk
13727,29,2,333.48,United Kingdom,2,Loyal Customers
13728,37,6,1016.14,United Kingdom,3,At Risk
13730,136,2,752.6,United Kingdom,1,Low Engagement
13731,219,2,610.59,United Kingdom,1,Low Engagement
13732,28,1,491.86,United Kingdom,2,Loyal Customers
13735,25,4,2883.54,United Kingdom,3,At Risk
13736,5,2,729.8,United Kingdom,2,Loyal Customers
13737,200,1,339.59999999999997,United Kingdom,1,Low Engagement
13739,18,1,216.9,United Kingdom,2,Loyal Customers
13740,241,1,350.75,United Kingdom,1,Low Engagement
13741,72,3,668.4300000000001,United Kingdom,3,At Risk
13742,17,12,3107.87,United Kingdom,0,Champions
13743,3,7,1341.6,United Kingdom,0,Champions
13744,95,2,1080.52,United Kingdom,3,At Risk
13745,162,1,300.04,United Kingdom,1,Low Engagement
13747,374,1,79.6,United Kingdom,1,Low Engagement
13748,96,5,948.25,United Kingdom,3,At Risk
13750,54,5,1647.26,United Kingdom,3,At Risk
13751,288,1,296.25,United Kingdom,1,Low Engagement
13752,124,6,1175.38,United Kingdom,3,At Risk
13753,288,1,741.26,United Kingdom,1,Low Engagement
13754,152,2,282.59999999999997,United Kingdom,1,Low Engagement
13755,4,9,2108.06,United Kingdom,0,Champions
13756,2,14,5189.52,United Kingdom,0,Champions
13758,12,7,3190.55,United Kingdom,0,Champions
13759,33,2,659.4100000000001,United Kingdom,2,Loyal Customers
13760,54,2,286.79,United Kingdom,1,Low Engagement
13761,50,2,1070.65,United Kingdom,3,At Risk
13762,219,1,306.72,United Kingdom,1,Low Engagement
13763,63,1,1714.96,United Kingdom,3,At Risk
13764,71,3,1519.42,United Kingdom,3,At Risk
13767,2,37,17220.36,United Kingdom,0,Champions
13769,2,10,2796.51,United Kingdom,0,Champions
13771,64,4,2634.45,United Kingdom,3,At Risk
13772,34,3,1122.63,United Kingdom,3,At Risk
13774,82,1,345.0,United Kingdom,1,Low Engagement
13777,1,33,25977.16,United Kingdom,0,Champions
13778,103,1,178.7,United Kingdom,1,Low Engagement
13780,7,2,360.01,United Kingdom,2,Loyal Customers
13781,251,1,127.84,United Kingdom,1,Low Engagement
13782,13,6,908.86,United Kingdom,3,At Risk
13784,10,11,2462.79,United Kingdom,0,Champions
13786,367,1,230.39999999999998,United Kingdom,1,Low Engagement
13787,76,2,309.04,United Kingdom,1,Low Engagement
13790,4,1,348.8,United Kingdom,2,Loyal Customers
13791,128,2,1516.0,United Kingdom,3,At Risk
13792,66,2,195.55,United Kingdom,1,Low Engagement
13798,1,57,37153.85,United Kingdom,0,Champions
13799,117,2,688.86,United Kingdom,1,Low Engagement
13800,310,1,558.32,United Kingdom,1,Low Engagement
13801,67,1,324.8,United Kingdom,1,Low Engagement
13802,139,3,4599.42,United Kingdom,3,At Risk
13803,255,1,277.07,United Kingdom,1,Low Engagement
13804,31,7,2588.39,United Kingdom,3,At Risk
13805,52,2,924.6,United Kingdom,3,At Risk
13806,64,1,256.38,United Kingdom,1,Low Engagement
13807,367,1,112.6,United Kingdom,1,Low Engagement
13808,6,5,1747.66,United Kingdom,0,Champions
13809,305,1,155.05,Cyprus,1,Low Engagement
13810,29,3,1499.01,Germany,3,At Risk
13811,184,3,814.5,Germany,3,At Risk
13812,42,3,539.0,Germany,3,At Risk
13813,40,4,1366.8600000000001,Germany,3,At Risk
13814,92,2,1579.12,Germany,3,At Risk
13815,22,4,4027.36,Germany,3,At Risk
13816,24,2,571.6700000000001,Germany,2,Loyal Customers
13817,29,2,382.98,Germany,2,Loyal Customers
13819,302,3,1140.35,United Kingdom,3,At Risk
13821,145,2,385.64,United Kingdom,1,Low Engagement
13822,6,2,632.0,United Kingdom,2,Loyal Customers
13823,19,2,957.66,United Kingdom,2,Loyal Customers
13824,33,5,1698.94,United Kingdom,3,At Risk
13826,176,1,189.5,United Kingdom,1,Low Engagement
13827,58,3,409.8,United Kingdom,3,At Risk
13828,22,1,209.49,United Kingdom,2,Loyal Customers
13831,16,6,2198.45,United Kingdom,0,Champions
13832,19,1,52.199999999999996,United Kingdom,2,Loyal Customers
13833,159,1,383.85,United Kingdom,1,Low Engagement
13835,25,4,834.57,United Kingdom,3,At Risk
13837,212,2,266.59000000000003,United Kingdom,1,Low Engagement
13838,6,4,674.82,United Kingdom,2,Loyal Customers
13841,253,1,85.0,United Kingdom,1,Low Engagement
13842,59,9,3385.62,United Kingdom,3,At Risk
13844,11,1,361.62,United Kingdom,2,Loyal Customers
13845,65,1,312.98,United Kingdom,1,Low Engagement
13846,25,3,865.0600000000001,United Kingdom,3,At Risk
13848,92,3,1255.0,United Kingdom,3,At Risk
13849,52,2,1537.95,United Kingdom,3,At Risk
13850,129,1,1595.48,United Kingdom,3,At Risk
13851,96,3,2651.46,United Kingdom,3,At Risk
13853,57,1,1090.14,United Kingdom,3,At Risk
13854,9,25,8109.5199999999995,United Kingdom,0,Champions
13856,169,3,388.5,United Kingdom,1,Low Engagement
13858,57,1,216.17,United Kingdom,1,Low Engagement
13859,326,1,201.16,United Kingdom,1,Low Engagement
13860,1,5,1245.9,United Kingdom,0,Champions
13862,18,8,2209.36,United Kingdom,0,Champions
13863,248,1,305.78,United Kingdom,1,Low Engagement
13865,58,4,501.56,United Kingdom,3,At Risk
13866,74,1,145.67000000000002,United Kingdom,1,Low Engagement
13867,31,3,1005.09,United Kingdom,3,At Risk
13868,7,2,3192.54,United Kingdom,2,Loyal Customers
13869,123,4,3083.65,United Kingdom,3,At Risk
13870,2,8,2770.94,United Kingdom,0,Champions
13871,23,13,6403.25,United Kingdom,0,Champions
13873,120,3,389.6,United Kingdom,1,Low Engagement
13874,358,1,540.45,United Kingdom,1,Low Engagement
13875,54,5,1786.79,United Kingdom,3,At Risk
13876,64,1,122.7,United Kingdom,1,Low Engagement
13877,86,1,117.24,United Kingdom,1,Low Engagement
13878,55,1,1271.57,United Kingdom,3,At Risk
13880,21,13,3219.77,United Kingdom,0,Champions
13881,4,20,17159.52,United Kingdom,0,Champions
13882,3,5,1191.13,United Kingdom,0,Champions
13883,11,5,2674.48,United Kingdom,0,Champions
13884,7,5,787.6,United Kingdom,2,Loyal Customers
13885,189,2,506.8,United Kingdom,1,Low Engagement
13886,71,1,243.56,United Kingdom,1,Low Engagement
13887,204,1,349.55,United Kingdom,1,Low Engagement
13888,120,2,595.67,United Kingdom,1,Low Engagement
13889,93,1,416.90000000000003,United Kingdom,1,Low Engagement
13890,1,10,1883.8100000000002,United Kingdom,0,Champions
13892,27,4,632.97,United Kingdom,3,At Risk
13893,298,1,821.1,United Kingdom,1,Low Engagement
13894,24,3,564.62,United Kingdom,2,Loyal Customers
13895,28,4,2593.07,United Kingdom,3,At Risk
13897,50,1,311.16,United Kingdom,1,Low Engagement
13898,326,1,155.93,United Kingdom,1,Low Engagement
13899,16,2,388.52,United Kingdom,2,Loyal Customers
13900,183,3,740.95,United Kingdom,3,At Risk
13901,72,5,2867.2,United Kingdom,3,At Risk
13904,37,2,332.64,United Kingdom,2,Loyal Customers
13908,80,4,2369.55,United Kingdom,3,At Risk
13911,57,9,2580.91,United Kingdom,3,At Risk
13914,12,2,626.45,United Kingdom,2,Loyal Customers
13917,50,2,272.04,United Kingdom,1,Low Engagement
13918,50,2,1212.8400000000001,United Kingdom,3,At Risk
13919,59,2,384.81,Denmark,1,Low Engagement
13922,352,1,172.25,United Kingdom,1,Low Engagement
13923,54,1,351.13,United Kingdom,1,Low Engagement
13924,2,6,1838.8500000000001,United Kingdom,0,Champions
13925,93,4,678.25,United Kingdom,3,At Risk
13926,23,1,223.85000000000002,United Kingdom,2,Loyal Customers
13927,75,1,348.99,United Kingdom,1,Low Engagement
13928,11,4,464.57,United Kingdom,2,Loyal Customers
13929,169,2,842.65,United Kingdom,1,Low Engagement
13930,58,2,337.34,United Kingdom,1,Low Engagement
13931,96,2,1237.53,United Kingdom,3,At Risk
13932,295,1,307.4,United Kingdom,1,Low Engagement
13933,109,2,608.7900000000001,United Kingdom,1,Low Engagement
13934,264,1,922.1,United Kingdom,1,Low Engagement
13936,180,1,376.58,United Kingdom,1,Low Engagement
13937,169,1,158.85,United Kingdom,1,Low Engagement
13938,35,1,71.66,United Kingdom,1,Low Engagement
13939,23,3,568.55,United Kingdom,2,Loyal Customers
13940,17,4,839.14,United Kingdom,2,Loyal Customers
13941,22,5,5112.96,United Kingdom,0,Champions
13946,79,3,561.5699999999999,United Kingdom,3,At Risk
13947,65,1,90.6,United Kingdom,1,Low Engagement
13948,361,1,102.0,United Kingdom,1,Low Engagement
13949,3,6,2427.32,United Kingdom,0,Champions
13950,11,4,745.06,United Kingdom,2,Loyal Customers
13951,176,3,674.45,United Kingdom,3,At Risk
13952,218,2,3251.071,United Kingdom,3,At Risk
13953,7,7,3515.68,United Kingdom,0,Champions
13954,2,2,439.92,United Kingdom,2,Loyal Customers
13955,154,2,322.96,United Kingdom,1,Low Engagement
13956,5,5,1019.27,United Kingdom,2,Loyal Customers
13959,79,3,594.04,United Kingdom,3,At Risk
13960,21,2,230.22,United Kingdom,2,Loyal Customers
13962,22,2,169.55,United Kingdom,2,Loyal Customers
13963,308,4,664.54,United Kingdom,3,At Risk
13967,146,1,80.7,United Kingdom,1,Low Engagement
13969,7,18,9024.17,United Kingdom,0,Champions
13971,19,8,2758.26,United Kingdom,0,Champions
13972,71,2,190.25,United Kingdom,1,Low Engagement
13973,287,1,264.7,United Kingdom,1,Low Engagement
13974,49,1,413.59000000000003,United Kingdom,1,Low Engagement
13975,31,6,2461.2400000000002,United Kingdom,3,At Risk
13976,207,1,357.98,United Kingdom,1,Low Engagement
13978,15,2,196.79000000000002,United Kingdom,2,Loyal Customers
13979,73,1,869.87,United Kingdom,1,Low Engagement
13980,60,1,200.14,United Kingdom,1,Low Engagement
13982,39,4,1871.81,United Kingdom,3,At Risk
13983,30,12,2603.43,United Kingdom,0,Champions
13984,27,5,920.51,United Kingdom,3,At Risk
13985,4,15,7060.13,United Kingdom,0,Champions
13986,17,1,320.46,United Kingdom,2,Loyal Customers
13988,20,6,4147.96,United Kingdom,0,Champions
13989,66,2,1266.08,United Kingdom,3,At Risk
13990,213,1,311.3,United Kingdom,1,Low Engagement
13991,12,6,852.88,United Kingdom,3,At Risk
13992,30,1,76.8,United Kingdom,1,Low Engagement
13993,43,9,3466.36,United Kingdom,0,Champions
13994,4,6,2274.14,United Kingdom,0,Champions
13995,15,5,1393.69,United Kingdom,3,At Risk
13999,10,12,3901.81,United Kingdom,0,Champions
14000,211,1,635.66,United Kingdom,1,Low Engagement
14001,46,3,2043.0800000000002,United Kingdom,3,At Risk
14002,134,2,529.73,United Kingdom,1,Low Engagement
14004,43,7,4582.64,United Kingdom,3,At Risk
14005,10,5,2874.72,United Kingdom,0,Champions
14006,116,3,962.19,United Kingdom,3,At Risk
14009,198,2,695.61,United Kingdom,1,Low Engagement
14012,278,1,328.8,United Kingdom,1,Low Engagement
14013,110,3,473.02,United Kingdom,1,Low Engagement
14014,77,1,505.18,United Kingdom,1,Low Engagement
14015,53,1,917.34,United Kingdom,1,Low Engagement
14016,162,4,4341.21,EIRE,3,At Risk
14019,47,3,1421.61,United Kingdom,3,At Risk
14020,17,2,642.8,United Kingdom,2,Loyal Customers
14021,155,3,631.9,United Kingdom,3,At Risk
14022,225,1,440.0,United Kingdom,1,Low Engagement
14023,7,2,584.07,United Kingdom,2,Loyal Customers
14024,122,2,327.7,United Kingdom,1,Low Engagement
14027,61,1,104.82,United Kingdom,1,Low Engagement
14029,63,2,467.66,United Kingdom,1,Low Engagement
14030,18,8,2358.84,United Kingdom,0,Champions
14031,7,19,17286.86,United Kingdom,0,Champions
14032,2,11,2975.59,United Kingdom,0,Champions
14034,22,3,648.89,United Kingdom,2,Loyal Customers
14035,29,5,1428.02,United Kingdom,3,At Risk
14036,285,1,626.65,United Kingdom,1,Low Engagement
14037,176,2,147.20000000000002,United Kingdom,1,Low Engagement
14038,78,3,1560.38,United Kingdom,3,At Risk
14039,33,1,152.2,United Kingdom,1,Low Engagement
14040,41,12,3560.32,United Kingdom,0,Champions
14041,266,1,141.41,United Kingdom,1,Low Engagement
14044,27,4,646.42,United Kingdom,3,At Risk
14045,109,4,1659.75,United Kingdom,3,At Risk
14046,284,1,154.99,United Kingdom,1,Low Engagement
14047,9,5,1308.6100000000001,United Kingdom,3,At Risk
14048,305,1,409.93,United Kingdom,1,Low Engagement
14049,17,4,5578.72,United Kingdom,3,At Risk
14050,32,2,746.36,United Kingdom,2,Loyal Customers
14051,1,23,15610.390000000001,United Kingdom,0,Champions
14052,20,1,225.36,United Kingdom,2,Loyal Customers
14053,124,2,260.25,United Kingdom,1,Low Engagement
14054,65,1,92.46,United Kingdom,1,Low Engagement
14055,106,1,725.6400000000001,United Kingdom,1,Low Engagement
14056,1,23,8152.71,United Kingdom,0,Champions
14057,24,17,6211.66,United Kingdom,0,Champions
14059,267,1,183.6,United Kingdom,1,Low Engagement
14060,5,19,6140.42,United Kingdom,0,Champions
14062,10,12,10464.85,United Kingdom,0,Champions
14064,29,5,1334.34,United Kingdom,3,At Risk
14066,267,1,152.55,United Kingdom,1,Low Engagement
14067,64,2,374.7,United Kingdom,1,Low Engagement
14068,320,1,265.85,United Kingdom,1,Low Engagement
14071,4,8,1437.57,United Kingdom,0,Champions
14073,32,1,151.04,United Kingdom,2,Loyal Customers
14075,5,3,942.26,United Kingdom,2,Loyal Customers
14076,129,1,118.67,United Kingdom,1,Low Engagement
14077,41,5,499.41999999999996,United Kingdom,3,At Risk
14078,102,6,1049.37,United Kingdom,3,At Risk
14079,125,1,375.1,United Kingdom,1,Low Engagement
14080,33,1,45.599999999999994,United Kingdom,1,Low Engagement
14081,302,2,921.62,United Kingdom,1,Low Engagement
14082,365,1,182.25,United Kingdom,1,Low Engagement
14083,4,9,1002.9,United Kingdom,0,Champions
14085,2,18,4421.29,United Kingdom,0,Champions
14087,3,1,191.47,United Kingdom,2,Loyal Customers
14088,10,13,50491.81,United Kingdom,0,Champions
14089,57,1,158.75,United Kingdom,1,Low Engagement
14090,325,1,76.32000000000001,United Kingdom,1,Low Engagement
14092,8,14,4076.91,United Kingdom,0,Champions
14093,12,1,433.86,United Kingdom,2,Loyal Customers
14096,4,17,65164.79,United Kingdom,0,Champions
14098,37,1,147.35,United Kingdom,1,Low Engagement
14099,16,11,3104.17,United Kingdom,0,Champions
14100,138,1,191.95000000000002,United Kingdom,1,Low Engagement
14101,74,6,5976.79,United Kingdom,3,At Risk
14102,5,5,1105.8799999999999,United Kingdom,2,Loyal Customers
14104,155,2,216.20999999999998,United Kingdom,1,Low Engagement
14105,239,1,1266.23,United Kingdom,1,Low Engagement
14107,52,7,2703.23,United Kingdom,3,At Risk
14108,31,2,597.91,United Kingdom,2,Loyal Customers
14109,73,1,144.2,United Kingdom,1,Low Engagement
14110,4,12,5683.15,United Kingdom,0,Champions
14111,14,4,692.85,United Kingdom,2,Loyal Customers
14112,23,7,2915.15,United Kingdom,0,Champions
14113,4,4,1840.42,United Kingdom,0,Champions
14114,274,2,386.53,United Kingdom,1,Low Engagement
14116,20,5,1382.74,United Kingdom,3,At Risk
14117,144,1,90.0,United Kingdom,1,Low Engagement
14121,4,4,2780.15,United Kingdom,0,Champions
14124,84,1,419.58000000000004,United Kingdom,1,Low Engagement
14125,11,3,2720.63,United Kingdom,3,At Risk
14126,8,3,706.1300000000001,United Kingdom,2,Loyal Customers
14127,123,3,709.71,United Kingdom,3,At Risk
14128,61,2,637.5,United Kingdom,3,At Risk
14129,2,5,1123.8600000000001,United Kingdom,0,Champions
14130,319,1,480.91,United Kingdom,1,Low Engagement
14132,2,11,3586.0299999999997,United Kingdom,0,Champions
14133,130,3,605.64,United Kingdom,3,At Risk
14135,2,15,4690.31,United Kingdom,0,Champions
14138,2,2,965.8800000000001,United Kingdom,2,Loyal Customers
14139,46,1,415.82,United Kingdom,1,Low Engagement
14140,4,2,935.05,United Kingdom,2,Loyal Customers
14141,3,4,915.13,United Kingdom,2,Loyal Customers
14142,373,1,311.81,United Kingdom,1,Low Engagement
14143,134,1,115.8,United Kingdom,1,Low Engagement
14145,47,4,3742.2,United Kingdom,3,At Risk
14146,9,5,4191.0,United Kingdom,0,Champions
14147,78,2,483.4,United Kingdom,1,Low Engagement
14148,234,1,157.2,United Kingdom,1,Low Engagement
14149,221,1,446.62,United Kingdom,1,Low Engagement
14150,36,2,658.64,United Kingdom,2,Loyal Customers
14152,75,2,621.29,United Kingdom,1,Low Engagement
14154,239,2,1345.62,United Kingdom,3,At Risk
14155,266,1,118.75,United Kingdom,1,Low Engagement
14156,10,55,117210.08,EIRE,0,Champions
14157,20,2,424.89000000000004,United Kingdom,2,Loyal Customers
14158,40,1,507.66,United Kingdom,2,Loyal Customers
14159,20,11,4630.35,United Kingdom,0,Champions
14161,216,3,1097.6200000000001,United Kingdom,3,At Risk
14162,174,2,289.36,United Kingdom,1,Low Engagement
14163,87,4,2445.91,United Kingdom,3,At Risk
14164,71,2,1631.77,United Kingdom,3,At Risk
14165,276,1,120.44,United Kingdom,1,Low Engagement
14167,39,4,562.59,United Kingdom,3,At Risk
14171,98,1,363.79,United Kingdom,1,Low Engagement
14173,11,4,450.84,United Kingdom,2,Loyal Customers
14174,33,1,134.46,United Kingdom,1,Low Engagement
14175,60,3,3222.3,United Kingdom,3,At Risk
14176,297,4,576.9000000000001,United Kingdom,1,Low Engagement
14177,86,4,549.46,United Kingdom,3,At Risk
14178,9,7,1600.26,United Kingdom,0,Champions
14179,41,2,701.57,United Kingdom,2,Loyal Customers
14180,11,25,4748.52,United Kingdom,0,Champions
14184,67,1,452.89,United Kingdom,1,Low Engagement
14185,331,1,197.65,United Kingdom,1,Low Engagement
14188,31,6,2054.36,United Kingdom,3,At Risk
14189,2,15,4654.08,United Kingdom,0,Champions
14191,2,13,4684.76,United Kingdom,0,Champions
14193,68,2,853.39,United Kingdom,3,At Risk
14194,5,21,11349.52,United Kingdom,0,Champions
14195,202,2,1012.0,United Kingdom,1,Low Engagement
14196,107,1,335.52,United Kingdom,1,Low Engagement
14198,18,4,701.4,United Kingdom,2,Loyal Customers
14199,218,1,185.39999999999998,United Kingdom,1,Low Engagement
14201,60,7,747.44,United Kingdom,3,At Risk
14204,2,1,150.61,United Kingdom,2,Loyal Customers
14205,17,2,466.7,United Kingdom,2,Loyal Customers
14206,239,1,328.15999999999997,United Kingdom,1,Low Engagement
14208,95,1,151.74,United Kingdom,1,Low Engagement
14209,11,6,2073.43,United Kingdom,0,Champions
14210,106,6,1905.8400000000001,United Kingdom,3,At Risk
14211,53,9,2241.1,United Kingdom,3,At Risk
14212,90,1,1070.48,United Kingdom,1,Low Engagement
14214,31,5,1004.38,United Kingdom,3,At Risk
14215,12,6,1789.72,United Kingdom,0,Champions
14216,3,4,1839.3,United Kingdom,0,Champions
14217,2,17,2004.98,United Kingdom,0,Champions
14218,43,1,169.48000000000002,United Kingdom,1,Low Engagement
14219,4,1,89.94,United Kingdom,2,Loyal Customers
14220,247,2,632.4,United Kingdom,1,Low Engagement
14221,42,9,3432.8,United Kingdom,0,Champions
14222,177,1,683.17,United Kingdom,1,Low Engagement
14223,92,3,991.13,United Kingdom,3,At Risk
14224,110,4,1009.73,United Kingdom,3,At Risk
14226,29,5,2214.79,United Kingdom,3,At Risk
14227,26,10,3350.96,United Kingdom,0,Champions
14229,52,3,1547.2,United Kingdom,3,At Risk
14231,184,3,925.71,United Kingdom,3,At Risk
14232,43,5,2048.07,United Kingdom,3,At Risk
14233,49,4,1462.72,United Kingdom,3,At Risk
14234,22,4,754.12,United Kingdom,3,At Risk
14235,75,5,3144.86,United Kingdom,3,At Risk
14236,81,2,490.86,United Kingdom,1,Low Engagement
14237,373,1,161.0,United Kingdom,1,Low Engagement
14238,326,1,146.85,United Kingdom,1,Low Engagement
14239,43,11,2380.85,United Kingdom,0,Champions
14240,30,2,890.34,United Kingdom,2,Loyal Customers
14241,184,1,213.70000000000002,United Kingdom,1,Low Engagement
14242,235,2,280.55,United Kingdom,1,Low Engagement
14243,9,10,2588.77,United Kingdom,0,Champions
14245,220,2,1693.45,United Kingdom,3,At Risk
14246,111,3,1474.06,United Kingdom,3,At Risk
14247,278,1,136.76999999999998,United Kingdom,1,Low Engagement
14248,318,1,302.58,United Kingdom,1,Low Engagement
14250,7,3,1904.05,United Kingdom,2,Loyal Customers
14251,2,5,2879.7000000000003,United Kingdom,0,Champions
14256,260,2,969.0600000000001,United Kingdom,1,Low Engagement
14257,64,5,3099.7200000000003,United Kingdom,3,At Risk
14258,9,9,12669.98,United Kingdom,0,Champions
14259,142,1,120.0,United Kingdom,1,Low Engagement
14261,51,2,1163.45,United Kingdom,3,At Risk
14262,8,8,2618.23,United Kingdom,0,Champions
14264,155,2,333.97,United Kingdom,1,Low Engagement
14265,109,2,530.18,Unspecified,1,Low Engagement
14267,163,3,1516.24,United Kingdom,3,At Risk
14270,332,1,492.65000000000003,United Kingdom,1,Low Engagement
14271,226,1,112.32,United Kingdom,1,Low Engagement
14272,74,2,437.96,United Kingdom,1,Low Engagement
14273,51,4,559.97,United Kingdom,3,At Risk
14276,99,3,1119.74,United Kingdom,3,At Risk
14277,15,3,4188.0,France,3,At Risk
14280,197,1,134.04,United Kingdom,1,Low Engagement
14282,3,15,3701.44,United Kingdom,0,Champions
14284,31,2,595.25,United Kingdom,2,Loyal Customers
14285,21,4,1910.01,United Kingdom,3,At Risk
14286,24,3,4628.75,United Kingdom,3,At Risk
14287,8,3,176.63,United Kingdom,2,Loyal Customers
14288,213,1,426.6,United Kingdom,1,Low Engagement
14289,9,6,911.26,United Kingdom,2,Loyal Customers
14290,11,5,2314.65,United Kingdom,0,Champions
14291,2,11,3883.25,United Kingdom,0,Champions
14292,8,9,4871.93,United Kingdom,0,Champions
14293,3,4,1046.56,United Kingdom,2,Loyal Customers
14295,40,1,166.20000000000002,United Kingdom,1,Low Engagement
14297,18,4,1305.33,United Kingdom,3,At Risk
14298,8,44,51527.3,United Kingdom,0,Champions
14299,8,9,3965.62,United Kingdom,0,Champions
14300,19,1,43.2,United Kingdom,2,Loyal Customers
14301,117,1,640.14,United Kingdom,1,Low Engagement
14304,223,1,383.45,United Kingdom,1,Low Engagement
14305,71,3,1858.96,United Kingdom,3,At Risk
14306,51,2,2093.32,United Kingdom,3,At Risk
14307,89,6,2995.72,United Kingdom,3,At Risk
14309,8,9,2352.53,United Kingdom,0,Champions
14311,243,1,310.26,United Kingdom,1,Low Engagement
14312,47,6,1611.59,United Kingdom,3,At Risk
14314,107,1,120.0,United Kingdom,1,Low Engagement
14315,45,6,2481.13,United Kingdom,3,At Risk
14317,65,1,508.58000000000004,United Kingdom,1,Low Engagement
14320,207,2,477.79,United Kingdom,1,Low Engagement
14321,11,5,1530.75,United Kingdom,3,At Risk
14323,115,2,605.0600000000001,United Kingdom,1,Low Engagement
14326,242,1,183.85,United Kingdom,1,Low Engagement
14327,163,1,311.65,United Kingdom,1,Low Engagement
14329,17,7,4975.24,United Kingdom,0,Champions
14331,124,2,462.65999999999997,United Kingdom,1,Low Engagement
14332,23,3,840.21,United Kingdom,2,Loyal Customers
14333,68,1,415.2,United Kingdom,1,Low Engagement
14334,17,8,2552.21,United Kingdom,0,Champions
14335,16,2,454.86,Germany,2,Loyal Customers
14336,17,4,1614.91,United Kingdom,3,At Risk
14338,161,2,588.22,United Kingdom,1,Low Engagement
14339,243,1,309.52,United Kingdom,1,Low Engagement
14340,219,1,134.7,United Kingdom,1,Low Engagement
14341,45,8,2166.98,United Kingdom,3,At Risk
14342,21,4,668.5600000000001,United Kingdom,2,Loyal Customers
14344,127,8,889.9300000000001,United Kingdom,3,At Risk
14345,39,1,108.97999999999999,United Kingdom,1,Low Engagement
14346,121,2,1021.58,United Kingdom,3,At Risk
14348,260,1,409.57,United Kingdom,1,Low Engagement
14349,10,1,133.5,United Kingdom,2,Loyal Customers
14350,274,1,282.93,United Kingdom,1,Low Engagement
14351,165,1,51.0,United Kingdom,1,Low Engagement
14352,157,4,1078.96,United Kingdom,3,At Risk
14353,215,1,90.6,United Kingdom,1,Low Engagement
14354,6,2,163.62,United Kingdom,2,Loyal Customers
14355,366,1,174.4,United Kingdom,1,Low Engagement
14356,80,2,701.23,United Kingdom,3,At Risk
14357,43,1,225.12,United Kingdom,1,Low Engagement
14359,19,3,912.18,United Kingdom,2,Loyal Customers
14360,32,4,2118.03,United Kingdom,3,At Risk
14362,22,1,151.5,United Kingdom,2,Loyal Customers
14364,109,8,3717.35,United Kingdom,3,At Risk
14367,8,16,9227.82,United Kingdom,0,Champions
14368,320,1,155.0,United Kingdom,1,Low Engagement
14371,295,1,100.5,United Kingdom,1,Low Engagement
14373,358,1,76.55,United Kingdom,1,Low Engagement
14375,185,1,235.56,United Kingdom,1,Low Engagement
14377,191,2,617.05,United Kingdom,1,Low Engagement
14379,44,2,348.1,United Kingdom,2,Loyal Customers
14381,52,1,202.68,United Kingdom,1,Low Engagement
14382,26,1,615.49,United Kingdom,2,Loyal Customers
14383,38,3,1247.69,United Kingdom,3,At Risk
14385,9,3,202.11,United Kingdom,2,Loyal Customers
14386,297,1,142.4,United Kingdom,1,Low Engagement
14387,33,3,1727.6,United Kingdom,3,At Risk
14388,10,8,3212.84,United Kingdom,0,Champions
14389,65,2,1043.46,United Kingdom,3,At Risk
14390,10,9,4642.57,United Kingdom,0,Champions
14393,218,1,67.95,United Kingdom,1,Low Engagement
14395,2,9,3479.91,United Kingdom,0,Champions
14396,65,2,487.99,United Kingdom,1,Low Engagement
14397,3,19,2612.96,United Kingdom,0,Champions
14400,149,1,574.7,United Kingdom,1,Low Engagement
14401,4,13,4051.48,United Kingdom,0,Champions
14403,130,4,1475.81,United Kingdom,3,At Risk
14404,34,6,1449.32,United Kingdom,3,At Risk
14406,119,1,156.75,United Kingdom,1,Low Engagement
14407,107,6,2157.73,United Kingdom,3,At Risk
14408,11,7,2599.03,United Kingdom,0,Champions
14409,71,6,2059.4500000000003,United Kingdom,3,At Risk
14410,92,9,1100.27,United Kingdom,3,At Risk
14411,311,1,1063.0,United Kingdom,1,Low Engagement
14412,43,2,770.03,United Kingdom,3,At Risk
14413,362,1,121.05,United Kingdom,1,Low Engagement
14414,92,7,1496.98,United Kingdom,3,At Risk
14415,1,13,5855.57,United Kingdom,0,Champions
14416,22,2,490.22,United Kingdom,2,Loyal Customers
14418,4,3,1937.25,United Kingdom,2,Loyal Customers
14419,11,6,1051.79,United Kingdom,3,At Risk
14420,99,1,387.52,United Kingdom,1,Low Engagement
14421,57,2,813.11,United Kingdom,3,At Risk
14422,1,6,4263.64,United Kingdom,0,Champions
14423,218,1,265.2,United Kingdom,1,Low Engagement
14424,18,1,322.08,United Kingdom,2,Loyal Customers
14426,24,10,4481.67,United Kingdom,0,Champions
14427,50,2,363.34000000000003,United Kingdom,1,Low Engagement
14428,7,5,1224.06,United Kingdom,2,Loyal Customers
14431,303,1,470.36,United Kingdom,1,Low Engagement
14432,10,6,2248.5,United Kingdom,0,Champions
14434,22,6,1372.8,United Kingdom,3,At Risk
14436,99,1,89.06,United Kingdom,1,Low Engagement
14437,366,1,63.0,United Kingdom,1,Low Engagement
14438,306,1,131.9,United Kingdom,1,Low Engagement
14439,320,1,2661.24,Greece,3,At Risk
14440,8,5,2357.6800000000003,United Kingdom,0,Champions
14441,1,4,1712.89,United Kingdom,0,Champions
14442,205,2,1589.82,Channel Islands,3,At Risk
14443,54,4,1420.2,United Kingdom,3,At Risk
14446,1,4,1010.35,United Kingdom,2,Loyal Customers
14447,19,5,1163.23,United Kingdom,3,At Risk
14448,9,2,375.35,United Kingdom,2,Loyal Customers
14449,19,4,885.8,United Kingdom,3,At Risk
14450,181,3,483.25,United Kingdom,1,Low Engagement
14451,60,2,643.9,United Kingdom,3,At Risk
14452,11,2,259.05,United Kingdom,2,Loyal Customers
14453,190,1,119.93,United Kingdom,1,Low Engagement
14456,5,9,3017.28,United Kingdom,0,Champions
14457,311,1,113.64,United Kingdom,1,Low Engagement
14459,155,1,1837.92,United Kingdom,3,At Risk
14460,110,3,434.34,United Kingdom,1,Low Engagement
14461,148,3,2103.06,United Kingdom,3,At Risk
14462,66,11,1980.57,United Kingdom,3,At Risk
14463,98,3,529.62,United Kingdom,3,At Risk
14465,247,3,1038.44,United Kingdom,3,At Risk
14466,29,7,2272.4,United Kingdom,3,At Risk
14467,18,4,596.26,United Kingdom,2,Loyal Customers
14470,12,2,461.19,United Kingdom,2,Loyal Customers
14472,104,8,1852.67,United Kingdom,3,At Risk
14473,74,2,234.34000000000003,United Kingdom,1,Low Engagement
14474,46,1,547.66,United Kingdom,1,Low Engagement
14475,72,3,925.85,United Kingdom,3,At Risk
14476,257,1,193.0,United Kingdom,1,Low Engagement
14477,20,4,1309.6,United Kingdom,3,At Risk
14479,254,2,316.25,United Kingdom,1,Low Engagement
14480,11,1,279.05,United Kingdom,2,Loyal Customers
14481,165,2,636.51,United Kingdom,1,Low Engagement
14482,18,6,2022.81,United Kingdom,3,At Risk
14483,282,1,137.1,United Kingdom,1,Low Engagement
14484,50,1,321.92,United Kingdom,1,Low Engagement
14485,39,1,162.8,United Kingdom,1,Low Engagement
14487,27,6,1165.48,United Kingdom,3,At Risk
14488,68,1,1064.28,United Kingdom,1,Low Engagement
14489,207,1,463.38,United Kingdom,1,Low Engagement
14491,175,2,340.93,United Kingdom,1,Low Engagement
14493,7,5,2383.2400000000002,United Kingdom,0,Champions
14494,26,1,139.56,United Kingdom,2,Loyal Customers
14495,51,2,123.8,United Kingdom,1,Low Engagement
14496,312,2,538.8100000000001,United Kingdom,1,Low Engagement
14497,309,1,475.37,United Kingdom,1,Low Engagement
14498,43,5,1957.32,United Kingdom,3,At Risk
14499,26,3,808.44,United Kingdom,3,At Risk
14500,88,3,356.85,United Kingdom,1,Low Engagement
14501,184,2,251.21,United Kingdom,1,Low Engagement
14502,20,11,2429.83,United Kingdom,0,Champions
14503,3,6,3543.26,United Kingdom,0,Champions
14504,47,4,673.26,United Kingdom,3,At Risk
14505,17,8,5859.43,United Kingdom,0,Champions
14506,17,5,1960.65,United Kingdom,3,At Risk
14507,24,6,1367.88,United Kingdom,3,At Risk
14508,22,2,268.05,United Kingdom,2,Loyal Customers
14511,11,5,1314.81,United Kingdom,3,At Risk
14512,188,2,275.28,United Kingdom,1,Low Engagement
14513,101,3,455.59000000000003,United Kingdom,1,Low Engagement
14514,61,3,990.2,United Kingdom,3,At Risk
14515,18,6,2076.89,United Kingdom,3,At Risk
14517,33,2,330.45,United Kingdom,2,Loyal Customers
14518,64,1,174.37,United Kingdom,1,Low Engagement
14520,2,2,270.6,United Kingdom,2,Loyal Customers
14522,24,4,974.54,United Kingdom,3,At Risk
14523,108,1,241.09,United Kingdom,1,Low Engagement
14524,32,9,1843.83,United Kingdom,3,At Risk
14525,20,9,4215.9,United Kingdom,0,Champions
14527,3,55,8507.13,United Kingdom,0,Champions
14528,37,1,364.21999999999997,United Kingdom,2,Loyal Customers
14529,60,3,578.61,United Kingdom,3,At Risk
14530,26,6,2862.11,United Kingdom,3,At Risk
14532,236,4,932.85,United Kingdom,3,At Risk
14533,25,7,1949.72,United Kingdom,3,At Risk
14534,3,18,4397.3,United Kingdom,0,Champions
14535,60,3,2854.84,United Kingdom,3,At Risk
14536,260,1,170.95,United Kingdom,1,Low Engagement
14537,58,1,355.56,United Kingdom,1,Low Engagement
14538,65,2,388.25,United Kingdom,1,Low Engagement
14539,16,2,537.48,United Kingdom,2,Loyal Customers
14540,10,3,952.66,United Kingdom,2,Loyal Customers
14541,59,8,1453.35,United Kingdom,3,At Risk
14542,186,1,103.25,United Kingdom,1,Low Engagement
14543,29,16,3599.73,United Kingdom,0,Champions
14544,24,2,2004.3,United Kingdom,3,At Risk
14546,5,5,2573.93,United Kingdom,0,Champions
14547,4,8,3974.75,United Kingdom,0,Champions
14548,151,2,652.8,United Kingdom,1,Low Engagement
14549,311,1,289.24,United Kingdom,1,Low Engagement
14550,11,2,757.37,United Kingdom,2,Loyal Customers
14551,18,2,186.23,United Kingdom,2,Loyal Customers
14552,152,1,164.22,United Kingdom,1,Low Engagement
14553,19,5,859.27,United Kingdom,3,At Risk
14554,10,4,2279.4900000000002,United Kingdom,3,At Risk
14555,57,2,312.54,United Kingdom,1,Low Engagement
14557,85,1,788.38,United Kingdom,1,Low Engagement
14560,7,22,2237.77,United Kingdom,0,Champions
14561,76,3,1080.76,United Kingdom,3,At Risk
14562,4,18,5006.77,United Kingdom,0,Champions
14565,96,4,3099.12,United Kingdom,3,At Risk
14566,111,1,1432.0,Channel Islands,1,Low Engagement
14567,57,2,1530.3600000000001,United Kingdom,3,At Risk
14569,1,1,227.39,United Kingdom,2,Loyal Customers
14570,281,2,218.06,United Kingdom,1,Low Engagement
14572,3,7,2804.54,United Kingdom,0,Champions
14573,180,9,1639.82,United Kingdom,3,At Risk
14576,372,1,35.400000000000006,United Kingdom,1,Low Engagement
14577,13,4,859.71,United Kingdom,2,Loyal Customers
14578,3,1,168.63,United Kingdom,2,Loyal Customers
14581,17,1,138.6,United Kingdom,2,Loyal Customers
14582,41,1,114.11,United Kingdom,1,Low Engagement
14583,6,5,986.96,United Kingdom,2,Loyal Customers
14584,169,4,1033.06,United Kingdom,3,At Risk
14585,50,1,157.05,United Kingdom,1,Low Engagement
14586,277,1,237.36,United Kingdom,1,Low Engagement
14587,19,9,1580.29,United Kingdom,0,Champions
14589,372,1,39.75,United Kingdom,1,Low Engagement
14591,15,4,1320.21,United Kingdom,3,At Risk
14592,35,3,557.94,United Kingdom,2,Loyal Customers
14593,22,3,617.15,United Kingdom,2,Loyal Customers
14594,7,2,363.33,United Kingdom,2,Loyal Customers
14595,20,6,1740.6,United Kingdom,3,At Risk
14597,11,2,866.24,United Kingdom,2,Loyal Customers
14598,44,1,221.97,United Kingdom,1,Low Engagement
14600,306,1,393.33000000000004,United Kingdom,1,Low Engagement
14601,11,1,213.96,United Kingdom,2,Loyal Customers
14603,275,1,660.0,United Kingdom,1,Low Engagement
14606,1,93,12076.15,United Kingdom,0,Champions
14607,16,14,16209.5,United Kingdom,0,Champions
14608,4,4,1785.15,United Kingdom,0,Champions
14609,72,4,601.56,United Kingdom,3,At Risk
14616,243,3,406.08000000000004,United Kingdom,1,Low Engagement
14618,9,3,553.44,United Kingdom,2,Loyal Customers
14619,246,1,394.44,United Kingdom,1,Low Engagement
14620,206,2,412.78000000000003,United Kingdom,1,Low Engagement
14621,1,5,1788.3600000000001,United Kingdom,0,Champions
14622,185,1,320.58000000000004,United Kingdom,1,Low Engagement
14623,32,5,886.7,United Kingdom,3,At Risk
14624,57,2,225.85,United Kingdom,1,Low Engagement
14625,196,2,899.63,United Kingdom,1,Low Engagement
14626,24,4,2791.27,United Kingdom,3,At Risk
14628,91,2,671.96,United Kingdom,1,Low Engagement
14629,4,2,955.26,United Kingdom,2,Loyal Customers
14631,51,3,1006.98,United Kingdom,3,At Risk
14632,263,1,114.56,United Kingdom,1,Low Engagement
14633,266,1,344.90000000000003,United Kingdom,1,Low Engagement
14636,36,2,609.85,United Kingdom,2,Loyal Customers
14638,51,1,443.6,United Kingdom,1,Low Engagement
14639,52,6,2984.49,United Kingdom,3,At Risk
14640,24,6,2107.38,United Kingdom,3,At Risk
14641,22,1,110.46,United Kingdom,2,Loyal Customers
14642,59,1,96.12,United Kingdom,1,Low Engagement
14643,170,2,693.8100000000001,United Kingdom,1,Low Engagement
14644,68,2,830.76,United Kingdom,3,At Risk
14645,157,2,597.09,United Kingdom,1,Low Engagement
14646,2,73,280206.02,Netherlands,0,Champions
14647,201,1,236.04000000000002,United Kingdom,1,Low Engagement
14649,5,4,1402.59,United Kingdom,2,Loyal Customers
14651,67,2,653.75,United Kingdom,3,At Risk
14652,77,1,114.18,United Kingdom,1,Low Engagement
14653,1,7,1926.65,United Kingdom,0,Champions
14655,8,4,1932.23,United Kingdom,3,At Risk
14656,169,2,291.05,United Kingdom,1,Low Engagement
14657,18,4,848.22,United Kingdom,3,At Risk
14658,5,2,247.15,United Kingdom,2,Loyal Customers
14659,9,9,2529.93,United Kingdom,0,Champions
14660,87,2,285.74,United Kingdom,1,Low Engagement
14661,27,1,107.95,United Kingdom,2,Loyal Customers
14662,29,4,741.37,United Kingdom,3,At Risk
14664,20,2,636.24,United Kingdom,2,Loyal Customers
14665,61,5,1835.7,United Kingdom,3,At Risk
14666,24,1,195.25,United Kingdom,2,Loyal Customers
14667,11,25,9175.04,United Kingdom,0,Champions
14669,242,3,1259.24,United Kingdom,3,At Risk
14670,280,2,392.86,United Kingdom,1,Low Engagement
14672,235,2,765.55,United Kingdom,1,Low Engagement
14673,3,5,1736.4,United Kingdom,0,Champions
14675,16,1,596.36,United Kingdom,2,Loyal Customers
14676,31,6,2548.2400000000002,United Kingdom,3,At Risk
14680,25,16,28754.11,United Kingdom,0,Champions
14681,71,3,498.95,United Kingdom,3,At Risk
14682,188,2,52.0,United Kingdom,1,Low Engagement
14684,26,5,1201.51,United Kingdom,3,At Risk
14687,107,1,628.38,United Kingdom,1,Low Engagement
14688,8,21,5579.1,United Kingdom,0,Champions
14689,209,1,112.8,United Kingdom,1,Low Engagement
14690,44,2,355.05,United Kingdom,2,Loyal Customers
14691,31,5,2114.33,United Kingdom,3,At Risk
14692,137,4,591.55,United Kingdom,3,At Risk
14693,265,1,172.9,United Kingdom,1,Low Engagement
14696,4,7,2078.95,United Kingdom,0,Champions
14697,218,2,188.60999999999999,United Kingdom,1,Low Engagement
14698,2,5,1217.27,United Kingdom,0,Champions
14699,214,1,109.13000000000001,United Kingdom,1,Low Engagement
14700,32,3,2195.1,United Kingdom,3,At Risk
14701,11,9,2526.09,United Kingdom,0,Champions
14702,1,17,3251.79,United Kingdom,0,Champions
14703,15,1,318.17,United Kingdom,2,Loyal Customers
14704,11,9,1493.96,United Kingdom,0,Champions
14705,199,1,179.0,United Kingdom,1,Low Engagement
14708,3,3,1126.37,United Kingdom,2,Loyal Customers
14709,15,13,4921.04,United Kingdom,0,Champions
14710,14,4,599.48,United Kingdom,2,Loyal Customers
14711,10,11,2839.62,United Kingdom,0,Champions
14712,29,3,917.07,United Kingdom,3,At Risk
14713,9,11,2662.2,United Kingdom,0,Champions
14714,24,1,160.19,United Kingdom,2,Loyal Customers
14715,25,4,867.38,United Kingdom,3,At Risk
14716,43,2,307.51,United Kingdom,2,Loyal Customers
14719,2,5,1581.84,United Kingdom,0,Champions
14720,6,3,663.81,United Kingdom,2,Loyal Customers
14722,147,1,180.42000000000002,United Kingdom,1,Low Engagement
14723,10,6,1122.3600000000001,United Kingdom,0,Champions
14725,25,1,655.58,United Kingdom,2,Loyal Customers
14727,274,1,268.58,United Kingdom,1,Low Engagement
14729,374,1,313.49,United Kingdom,1,Low Engagement
14730,1,8,1897.57,United Kingdom,0,Champions
14731,47,3,380.02,United Kingdom,2,Loyal Customers
14732,8,8,2702.4900000000002,United Kingdom,0,Champions
14733,16,12,9585.91,United Kingdom,0,Champions
14735,4,32,6065.69,United Kingdom,0,Champions
14737,4,3,1164.55,United Kingdom,2,Loyal Customers
14738,43,7,1314.45,United Kingdom,3,At Risk
14739,4,7,3902.28,United Kingdom,0,Champions
14740,197,3,1448.21,United Kingdom,3,At Risk
14741,12,6,1400.34,United Kingdom,0,Champions
14744,16,7,1099.98,United Kingdom,3,At Risk
14745,113,5,1220.26,United Kingdom,3,At Risk
14747,249,1,328.2,United Kingdom,1,Low Engagement
14748,29,5,1415.75,United Kingdom,3,At Risk
14752,44,1,389.64,United Kingdom,1,Low Engagement
14753,87,1,563.15,United Kingdom,1,Low Engagement
14754,45,2,638.05,United Kingdom,2,Loyal Customers
14755,10,11,5010.28,United Kingdom,0,Champions
14756,15,1,738.96,United Kingdom,2,Loyal Customers
14757,75,1,420.5,United Kingdom,1,Low Engagement
14758,145,4,1484.06,United Kingdom,3,At Risk
14759,5,3,1625.97,United Kingdom,2,Loyal Customers
14760,297,1,89.2,United Kingdom,1,Low Engagement
14761,59,2,255.9,United Kingdom,1,Low Engagement
14762,264,1,300.52,United Kingdom,1,Low Engagement
14764,47,1,278.3,United Kingdom,1,Low Engagement
14765,29,3,254.11,United Kingdom,2,Loyal Customers
14766,8,6,2473.37,United Kingdom,0,Champions
14768,17,2,192.60000000000002,United Kingdom,2,Loyal Customers
14769,3,8,10416.98,United Kingdom,0,Champions
14770,232,2,876.42,United Kingdom,1,Low Engagement
14772,112,1,139.26,United Kingdom,1,Low Engagement
14775,58,3,1011.9,United Kingdom,3,At Risk
14776,51,11,2538.3,United Kingdom,0,Champions
14778,127,2,730.86,United Kingdom,1,Low Engagement
14779,281,3,386.15,United Kingdom,1,Low Engagement
14780,55,2,447.68,United Kingdom,1,Low Engagement
14782,320,1,200.10000000000002,United Kingdom,1,Low Engagement
14784,26,2,289.99,United Kingdom,2,Loyal Customers
14785,10,2,77.4,United Kingdom,2,Loyal Customers
14788,7,2,679.4399999999999,United Kingdom,2,Loyal Customers
14789,29,1,197.64,United Kingdom,2,Loyal Customers
14790,17,4,745.06,United Kingdom,2,Loyal Customers
14792,64,1,6.2,United Kingdom,1,Low Engagement
14793,21,1,228.99,United Kingdom,2,Loyal Customers
14794,3,7,1319.91,United Kingdom,0,Champions
14795,166,1,131.45000000000002,United Kingdom,1,Low Engagement
14796,1,17,7975.49,United Kingdom,0,Champions
14798,53,3,173.74,United Kingdom,1,Low Engagement
14799,51,1,157.7,United Kingdom,1,Low Engagement
14800,48,12,4331.79,United Kingdom,0,Champions
14801,61,1,189.34,United Kingdom,1,Low Engagement
14803,162,3,845.55,United Kingdom,3,At Risk
14804,9,1,353.27,United Kingdom,2,Loyal Customers
14805,15,4,546.4,United Kingdom,2,Loyal Customers
14806,75,1,193.39000000000001,United Kingdom,1,Low Engagement
14808,40,8,2718.6,United Kingdom,3,At Risk
14810,41,11,2085.33,United Kingdom,0,Champions
14813,370,2,152.88,United Kingdom,1,Low Engagement
14815,37,2,778.5,United Kingdom,2,Loyal Customers
14816,197,1,271.85,United Kingdom,1,Low Engagement
14817,200,2,1110.34,United Kingdom,3,At Risk
14818,74,3,657.8,United Kingdom,3,At Risk
14819,64,2,272.07,United Kingdom,1,Low Engagement
14820,21,4,507.29,United Kingdom,2,Loyal Customers
14821,367,1,48.800000000000004,United Kingdom,1,Low Engagement
14823,180,3,321.43,United Kingdom,1,Low Engagement
14824,10,4,1127.71,United Kingdom,2,Loyal Customers
14825,4,12,2221.01,United Kingdom,0,Champions
14828,197,3,2139.76,United Kingdom,3,At Risk
14829,29,4,697.55,United Kingdom,3,At Risk
14830,53,1,188.88,United Kingdom,1,Low Engagement
14834,18,6,1720.3,United Kingdom,3,At Risk
14836,10,3,102.44999999999999,United Kingdom,2,Loyal Customers
14837,90,4,1649.5,United Kingdom,3,At Risk
14840,268,1,62.85,United Kingdom,1,Low Engagement
14841,53,6,3295.76,United Kingdom,3,At Risk
14842,44,4,2824.69,United Kingdom,3,At Risk
14844,64,4,3189.81,United Kingdom,3,At Risk
14847,149,1,309.4,United Kingdom,1,Low Engagement
14849,22,25,7930.54,United Kingdom,0,Champions
14850,312,1,325.75,United Kingdom,1,Low Engagement
14851,23,2,511.35,United Kingdom,2,Loyal Customers
14852,58,6,2836.69,United Kingdom,3,At Risk
14853,24,2,475.8,United Kingdom,2,Loyal Customers
14854,78,7,2740.03,United Kingdom,3,At Risk
14855,119,2,645.65,United Kingdom,1,Low Engagement
14856,36,3,1290.53,United Kingdom,3,At Risk
14857,60,2,1173.12,United Kingdom,3,At Risk
14859,13,4,1353.74,United Kingdom,3,At Risk
14860,19,1,170.32,United Kingdom,2,Loyal Customers
14861,52,1,125.79,United Kingdom,1,Low Engagement
14862,26,2,841.1999999999999,United Kingdom,2,Loyal Customers
14863,29,1,266.76,United Kingdom,2,Loyal Customers
14865,7,2,52.2,United Kingdom,2,Loyal Customers
14866,11,12,14389.9,United Kingdom,0,Champions
14867,186,3,710.28,United Kingdom,3,At Risk
14868,3,8,2953.59,United Kingdom,0,Champions
14869,9,2,721.45,United Kingdom,2,Loyal Customers
14870,262,1,327.25,United Kingdom,1,Low Engagement
14871,3,4,501.28000000000003,United Kingdom,2,Loyal Customers
14873,210,1,519.68,United Kingdom,1,Low Engagement
14875,108,2,1465.3200000000002,United Kingdom,3,At Risk
14878,13,9,1476.09,United Kingdom,0,Champions
14880,77,3,690.59,United Kingdom,3,At Risk
14881,20,1,255.4,United Kingdom,2,Loyal Customers
14882,27,2,589.7,United Kingdom,2,Loyal Customers
14883,19,6,761.59,United Kingdom,3,At Risk
14885,132,1,765.3199999999999,United Kingdom,1,Low Engagement
14886,253,1,364.8,United Kingdom,1,Low Engagement
14887,79,1,1862.0,United Kingdom,3,At Risk
14888,207,1,369.2,United Kingdom,1,Low Engagement
14889,336,1,135.9,United Kingdom,1,Low Engagement
14890,254,1,125.65,United Kingdom,1,Low Engagement
14891,148,2,554.38,United Kingdom,1,Low Engagement
14893,10,2,1237.8500000000001,United Kingdom,2,Loyal Customers
14894,85,1,655.75,United Kingdom,1,Low Engagement
14895,8,20,11138.710000000001,United Kingdom,0,Champions
14896,205,2,468.77000000000004,United Kingdom,1,Low Engagement
14897,8,4,1366.38,United Kingdom,2,Loyal Customers
14898,23,6,1269.31,United Kingdom,3,At Risk
14901,11,9,1421.29,United Kingdom,0,Champions
14902,26,1,332.66,United Kingdom,2,Loyal Customers
14903,21,5,2795.33,United Kingdom,3,At Risk
14904,2,2,1025.44,United Kingdom,2,Loyal Customers
14905,158,2,616.15,United Kingdom,1,Low Engagement
14907,3,7,3501.1,United Kingdom,0,Champions
14908,74,1,277.8,United Kingdom,1,Low Engagement
14910,3,4,434.35,United Kingdom,2,Loyal Customers
14911,1,201,143711.17,EIRE,0,Champions
14912,17,2,867.85,Italy,2,Loyal Customers
14913,36,4,1227.43,United Kingdom,3,At Risk
14915,91,2,307.48,United Kingdom,1,Low Engagement
14916,71,4,1268.98,United Kingdom,3,At Risk
14918,116,2,1610.15,United Kingdom,3,At Risk
14920,213,2,977.77,United Kingdom,1,Low Engagement
14921,30,2,1316.07,United Kingdom,3,At Risk
14923,51,1,749.1,United Kingdom,1,Low Engagement
14924,246,1,310.05,United Kingdom,1,Low Engagement
14929,32,1,223.88,United Kingdom,2,Loyal Customers
14930,109,3,2362.96,Channel Islands,3,At Risk
14931,5,5,1257.68,Channel Islands,0,Champions
14932,366,1,363.53,Channel Islands,1,Low Engagement
14934,82,2,1890.94,Channel Islands,3,At Risk
14935,297,1,1784.71,Channel Islands,1,Low Engagement
14936,34,8,8137.02,Channel Islands,0,Champions
14937,57,3,1621.88,Channel Islands,3,At Risk
14944,30,12,5900.25,United Kingdom,0,Champions
14946,14,1,100.9,United Kingdom,2,Loyal Customers
14947,72,2,290.82,United Kingdom,1,Low Engagement
14948,23,6,1101.97,United Kingdom,3,At Risk
14950,19,1,371.2,United Kingdom,2,Loyal Customers
14951,79,1,311.69,United Kingdom,1,Low Engagement
14952,60,11,8099.49,United Kingdom,0,Champions
14953,25,1,285.67,United Kingdom,2,Loyal Customers
14954,12,1,294.85,United Kingdom,2,Loyal Customers
14957,253,1,58.49,United Kingdom,1,Low Engagement
14958,147,3,483.72999999999996,United Kingdom,1,Low Engagement
14959,64,4,695.42,United Kingdom,3,At Risk
14960,8,2,221.27,United Kingdom,2,Loyal Customers
14961,11,9,7044.68,United Kingdom,0,Champions
14962,271,1,126.7,United Kingdom,1,Low Engagement
14963,10,5,1472.34,United Kingdom,3,At Risk
14964,247,1,206.21,United Kingdom,1,Low Engagement
14965,96,2,596.09,United Kingdom,1,Low Engagement
14966,15,1,183.02,United Kingdom,2,Loyal Customers
14967,50,1,463.8,United Kingdom,1,Low Engagement
14968,30,1,147.59,United Kingdom,2,Loyal Customers
14970,68,4,1592.06,United Kingdom,3,At Risk
14971,35,3,1097.98,United Kingdom,3,At Risk
14972,128,1,114.77,United Kingdom,1,Low Engagement
14973,107,3,1314.45,United Kingdom,3,At Risk
14974,37,1,89.94,United Kingdom,1,Low Engagement
14975,57,1,279.94,United Kingdom,1,Low Engagement
14976,57,7,790.86,United Kingdom,3,At Risk
14978,72,5,1921.3700000000001,United Kingdom,3,At Risk
14981,246,1,102.12,United Kingdom,1,Low Engagement
14984,19,2,202.37,United Kingdom,2,Loyal Customers
14985,198,2,292.01,United Kingdom,1,Low Engagement
14987,16,2,326.4,United Kingdom,2,Loyal Customers
14988,212,1,334.54,United Kingdom,1,Low Engagement
14995,39,2,231.98000000000002,United Kingdom,2,Loyal Customers
14997,46,3,546.1999999999999,United Kingdom,3,At Risk
14998,170,2,414.87,United Kingdom,1,Low Engagement
15000,48,1,490.52,United Kingdom,1,Low Engagement
15002,116,4,1641.76,United Kingdom,3,At Risk
15004,147,1,1220.77,United Kingdom,1,Low Engagement
15005,16,28,6295.37,United Kingdom,0,Champions
15006,51,1,480.38,United Kingdom,1,Low Engagement
15007,159,1,156.91,United Kingdom,1,Low Engagement
15009,12,3,1259.43,United Kingdom,2,Loyal Customers
15010,36,1,308.94,United Kingdom,2,Loyal Customers
15012,54,2,405.04,United Kingdom,1,Low Engagement
15014,43,2,257.67,United Kingdom,2,Loyal Customers
15016,173,1,170.04,United Kingdom,1,Low Engagement
15017,34,1,125.58,United Kingdom,1,Low Engagement
15018,39,3,496.21000000000004,United Kingdom,2,Loyal Customers
15019,267,1,252.81,United Kingdom,1,Low Engagement
15021,9,9,1871.77,United Kingdom,0,Champions
15022,12,4,852.39,United Kingdom,2,Loyal Customers
15023,3,11,6720.41,United Kingdom,0,Champions
15024,10,10,1636.43,United Kingdom,0,Champions
15025,33,1,361.96,United Kingdom,2,Loyal Customers
15026,80,3,469.0,United Kingdom,3,At Risk
15027,31,4,1066.1499999999999,United Kingdom,3,At Risk
15028,8,4,627.13,United Kingdom,2,Loyal Customers
15030,72,2,518.28,United Kingdom,1,Low Engagement
15031,4,4,653.19,United Kingdom,2,Loyal Customers
15032,256,3,4959.1,United Kingdom,3,At Risk
15033,5,10,2557.18,United Kingdom,0,Champions
15034,16,8,4274.16,United Kingdom,0,Champions
15035,90,1,252.73000000000002,United Kingdom,1,Low Engagement
15036,72,3,429.56,United Kingdom,3,At Risk
15038,59,6,685.74,United Kingdom,3,At Risk
15039,10,47,19766.59,United Kingdom,0,Champions
15041,170,1,179.93,United Kingdom,1,Low Engagement
15042,199,1,135.93,United Kingdom,1,Low Engagement
15043,31,1,537.0,United Kingdom,2,Loyal Customers
15044,19,17,7634.7300000000005,United Kingdom,0,Champions
15045,152,2,735.66,United Kingdom,1,Low Engagement
15046,9,15,5090.42,United Kingdom,0,Champions
15047,270,1,343.62,United Kingdom,1,Low Engagement
15048,65,4,381.0,United Kingdom,3,At Risk
15049,274,1,121.17000000000002,United Kingdom,1,Low Engagement
15050,25,3,1737.69,United Kingdom,3,At Risk
15051,23,3,1383.3600000000001,United Kingdom,3,At Risk
15052,319,1,207.73000000000002,United Kingdom,1,Low Engagement
15053,5,3,693.95,United Kingdom,2,Loyal Customers
15054,12,2,302.1,United Kingdom,2,Loyal Customers
15057,275,2,1489.5,United Kingdom,3,At Risk
15058,25,11,2102.54,United Kingdom,0,Champions
15059,41,9,1337.72,United Kingdom,3,At Risk
15060,8,4,294.25,United Kingdom,2,Loyal Customers
15061,4,48,54534.14,United Kingdom,0,Champions
15062,71,4,987.86,United Kingdom,3,At Risk
15063,213,1,370.79999999999995,United Kingdom,1,Low Engagement
15065,38,4,3158.13,United Kingdom,3,At Risk
15066,53,1,893.59,United Kingdom,1,Low Engagement
15067,78,3,1744.76,United Kingdom,3,At Risk
15068,46,2,553.36,United Kingdom,2,Loyal Customers
15069,179,1,1109.53,United Kingdom,1,Low Engagement
15070,373,1,106.2,United Kingdom,1,Low Engagement
15071,94,2,982.07,United Kingdom,3,At Risk
15073,10,3,1043.41,United Kingdom,2,Loyal Customers
15074,105,1,735.67,United Kingdom,1,Low Engagement
15075,78,1,773.03,United Kingdom,1,Low Engagement
15076,173,1,880.85,United Kingdom,1,Low Engagement
15078,7,32,9743.11,United Kingdom,0,Champions
15079,213,4,895.61,United Kingdom,3,At Risk
15081,22,5,504.8,United Kingdom,2,Loyal Customers
15083,257,1,88.2,United Kingdom,1,Low Engagement
15087,282,1,306.94,United Kingdom,1,Low Engagement
15088,21,2,1160.07,United Kingdom,2,Loyal Customers
15089,10,6,2420.84,United Kingdom,0,Champions
15090,308,1,381.32,United Kingdom,1,Low Engagement
15091,68,1,480.71,United Kingdom,1,Low Engagement
15092,215,2,457.81,United Kingdom,1,Low Engagement
15093,18,6,4597.02,United Kingdom,0,Champions
15095,104,4,1370.6,United Kingdom,3,At Risk
15096,43,1,219.39000000000001,United Kingdom,1,Low Engagement
15097,4,1,248.08,United Kingdom,2,Loyal Customers
15098,182,3,39916.5,United Kingdom,3,At Risk
15099,84,1,410.48,United Kingdom,1,Low Engagement
15100,334,3,876.0,United Kingdom,1,Low Engagement
15101,9,2,317.53,United Kingdom,2,Loyal Customers
15103,31,2,703.36,United Kingdom,2,Loyal Customers
15104,197,2,993.54,United Kingdom,1,Low Engagement
15105,18,7,2298.93,United Kingdom,0,Champions
15106,18,5,1422.52,United Kingdom,3,At Risk
15107,311,6,319.5,United Kingdom,1,Low Engagement
15108,142,4,1300.25,European Community,3,At Risk
15109,246,1,484.95,United Kingdom,1,Low Engagement
15110,24,4,996.1,United Kingdom,3,At Risk
15111,29,3,1567.48,United Kingdom,3,At Risk
15113,10,3,3509.43,United Kingdom,3,At Risk
15114,30,10,2760.56,United Kingdom,0,Champions
15115,18,1,340.11,United Kingdom,2,Loyal Customers
15116,18,4,1352.75,United Kingdom,3,At Risk
15117,15,5,1551.78,United Kingdom,3,At Risk
15118,134,1,244.8,United Kingdom,1,Low Engagement
15119,246,1,266.4,United Kingdom,1,Low Engagement
15120,134,1,358.82,United Kingdom,1,Low Engagement
15121,50,2,457.72,United Kingdom,2,Loyal Customers
15122,114,3,1633.78,United Kingdom,3,At Risk
15123,7,2,2199.31,United Kingdom,2,Loyal Customers
15124,23,2,184.19,United Kingdom,2,Loyal Customers
15125,25,15,11528.48,United Kingdom,0,Champions
15127,66,1,406.53,United Kingdom,1,Low Engagement
15128,60,4,1471.0,United Kingdom,3,At Risk
15129,50,11,3447.4,United Kingdom,0,Champions
15130,170,1,330.11,United Kingdom,1,Low Engagement
15132,18,5,977.9300000000001,United Kingdom,3,At Risk
15133,128,3,982.42,United Kingdom,3,At Risk
15134,15,8,1387.99,United Kingdom,0,Champions
15135,239,1,139.05,United Kingdom,1,Low Engagement
15136,3,4,1286.7,United Kingdom,2,Loyal Customers
15139,240,2,178.96,United Kingdom,1,Low Engagement
15140,52,7,2354.25,United Kingdom,3,At Risk
15142,46,1,498.74,United Kingdom,1,Low Engagement
15143,226,1,259.45,United Kingdom,1,Low Engagement
15144,8,17,6580.44,United Kingdom,0,Champions
15145,4,4,1194.73,United Kingdom,2,Loyal Customers
15146,165,2,1327.16,United Kingdom,3,At Risk
15147,240,1,623.5,United Kingdom,1,Low Engagement
15148,11,1,301.29,United Kingdom,2,Loyal Customers
15149,134,1,520.8000000000001,United Kingdom,1,Low Engagement
15150,17,10,5291.33,United Kingdom,0,Champions
15152,10,13,4745.69,United Kingdom,0,Champions
15153,31,1,329.25,United Kingdom,2,Loyal Customers
15154,75,1,254.28,United Kingdom,1,Low Engagement
15156,1,3,961.49,United Kingdom,2,Loyal Customers
15157,4,3,1936.07,United Kingdom,2,Loyal Customers
15158,45,1,401.40000000000003,United Kingdom,1,Low Engagement
15159,2,30,18641.010000000002,United Kingdom,0,Champions
15160,357,1,158.16,United Kingdom,1,Low Engagement
15163,18,2,304.47,United Kingdom,2,Loyal Customers
15164,69,3,824.58,United Kingdom,3,At Risk
15165,373,1,487.75,United Kingdom,1,Low Engagement
15167,321,1,158.8,United Kingdom,1,Low Engagement
15168,26,1,106.56,United Kingdom,2,Loyal Customers
15171,331,1,1289.5,United Kingdom,1,Low Engagement
15172,9,5,1624.05,United Kingdom,0,Champions
15174,323,1,135.75,United Kingdom,1,Low Engagement
15175,72,1,224.14,United Kingdom,1,Low Engagement
15178,260,1,40.5,United Kingdom,1,Low Engagement
15179,18,5,2206.95,United Kingdom,3,At Risk
15180,367,1,87.5,United Kingdom,1,Low Engagement
15181,66,3,689.4799999999999,United Kingdom,3,At Risk
15182,154,2,622.85,United Kingdom,1,Low Engagement
15184,29,2,402.2,United Kingdom,2,Loyal Customers
15185,70,1,310.62,United Kingdom,1,Low Engagement
15186,14,2,411.41,United Kingdom,2,Loyal Customers
15187,2,16,4777.18,United Kingdom,0,Champions
15189,1,41,16225.39,United Kingdom,0,Champions
15192,120,3,1044.32,United Kingdom,3,At Risk
15193,61,1,499.32,United Kingdom,1,Low Engagement
15194,3,15,7616.53,United Kingdom,0,Champions
15195,3,1,3861.0,United Kingdom,2,Loyal Customers
15197,11,3,1079.6100000000001,United Kingdom,2,Loyal Customers
15198,92,2,193.64,United Kingdom,1,Low Engagement
15199,59,4,1268.7,United Kingdom,3,At Risk
15201,87,5,1236.54,United Kingdom,3,At Risk
15203,26,6,1827.8,United Kingdom,3,At Risk
15204,357,1,316.58,United Kingdom,1,Low Engagement
15205,85,2,653.24,United Kingdom,1,Low Engagement
15206,10,4,420.29999999999995,United Kingdom,2,Loyal Customers
15208,1,5,870.12,United Kingdom,2,Loyal Customers
15210,225,1,331.18,United Kingdom,1,Low Engagement
15211,60,2,894.4100000000001,United Kingdom,3,At Risk
15212,241,1,101.8,United Kingdom,1,Low Engagement
15213,319,2,328.35,United Kingdom,1,Low Engagement
15214,2,8,1661.44,United Kingdom,0,Champions
15215,47,3,734.94,United Kingdom,3,At Risk
15216,88,1,96.6,United Kingdom,1,Low Engagement
15218,11,11,5756.89,United Kingdom,0,Champions
15219,176,1,305.75,United Kingdom,1,Low Engagement
15220,52,6,1778.96,United Kingdom,3,At Risk
15221,366,1,403.25,United Kingdom,1,Low Engagement
15222,319,1,585.0,United Kingdom,1,Low Engagement
15223,226,2,755.75,United Kingdom,1,Low Engagement
15224,358,2,322.08,United Kingdom,1,Low Engagement
15225,234,1,409.40000000000003,United Kingdom,1,Low Engagement
15226,311,1,154.41,United Kingdom,1,Low Engagement
15227,37,5,1219.4,United Kingdom,3,At Risk
15228,66,4,3386.71,United Kingdom,3,At Risk
15230,239,2,429.6,United Kingdom,1,Low Engagement
15232,113,2,612.06,United Kingdom,1,Low Engagement
15234,277,1,197.0,United Kingdom,1,Low Engagement
15235,218,12,2247.51,United Kingdom,3,At Risk
15236,299,1,321.05,United Kingdom,1,Low Engagement
15237,2,4,1412.32,United Kingdom,2,Loyal Customers
15238,29,3,1071.99,United Kingdom,3,At Risk
15239,10,2,780.59,United Kingdom,2,Loyal Customers
15240,45,5,1706.57,United Kingdom,3,At Risk
15241,67,8,1756.44,United Kingdom,3,At Risk
15243,74,1,316.68,United Kingdom,1,Low Engagement
15244,65,2,631.57,United Kingdom,3,At Risk
15245,134,3,2515.84,United Kingdom,3,At Risk
15246,238,2,514.15,United Kingdom,1,Low Engagement
15247,122,1,356.0,United Kingdom,1,Low Engagement
15249,32,13,6688.46,United Kingdom,0,Champions
15251,9,11,10484.99,United Kingdom,0,Champions
15252,36,2,740.78,United Kingdom,2,Loyal Customers
15253,16,5,918.1999999999999,United Kingdom,3,At Risk
15254,127,1,300.36,United Kingdom,1,Low Engagement
15255,67,1,890.85,United Kingdom,1,Low Engagement
15256,149,1,98.45,United Kingdom,1,Low Engagement
15257,283,1,317.15,United Kingdom,1,Low Engagement
15258,169,2,623.16,United Kingdom,1,Low Engagement
15260,100,7,1810.77,United Kingdom,3,At Risk
15261,135,1,254.82,United Kingdom,1,Low Engagement
15262,324,1,178.95000000000002,United Kingdom,1,Low Engagement
15263,107,1,156.51,United Kingdom,1,Low Engagement
15264,64,1,393.74,United Kingdom,1,Low Engagement
15265,151,2,1506.1200000000001,United Kingdom,3,At Risk
15266,338,1,119.3,United Kingdom,1,Low Engagement
15267,22,5,1717.36,United Kingdom,3,At Risk
15269,24,1,408.8,United Kingdom,2,Loyal Customers
15270,16,7,2379.49,United Kingdom,0,Champions
15271,7,15,2493.34,United Kingdom,0,Champions
15272,57,2,721.94,United Kingdom,3,At Risk
15274,4,2,716.57,United Kingdom,2,Loyal Customers
15275,38,1,615.14,United Kingdom,2,Loyal Customers
15276,66,1,128.63,United Kingdom,1,Low Engagement
15277,47,1,255.89999999999998,United Kingdom,1,Low Engagement
15279,355,1,290.51,United Kingdom,1,Low Engagement
15280,172,1,113.12,United Kingdom,1,Low Engagement
15281,59,9,2332.15,United Kingdom,3,At Risk
15286,50,1,240.55,United Kingdom,1,Low Engagement
15287,22,2,486.69,United Kingdom,2,Loyal Customers
15288,43,5,2306.52,United Kingdom,3,At Risk
15289,29,3,939.78,United Kingdom,3,At Risk
15290,5,18,7943.22,United Kingdom,0,Champions
15291,26,15,4668.3,United Kingdom,0,Champions
15292,201,1,178.39,United Kingdom,1,Low Engagement
15296,51,6,3672.86,United Kingdom,3,At Risk
15297,10,3,641.94,United Kingdom,2,Loyal Customers
15298,2,12,4799.9,United Kingdom,0,Champions
15299,67,7,4507.01,United Kingdom,3,At Risk
15300,64,1,496.44,United Kingdom,1,Low Engagement
15301,51,12,5049.95,United Kingdom,0,Champions
15303,290,1,574.02,United Kingdom,1,Low Engagement
15304,61,8,694.4000000000001,United Kingdom,3,At Risk
15306,64,3,1174.35,United Kingdom,3,At Risk
15307,96,1,205.3,United Kingdom,1,Low Engagement
15308,274,1,310.47,United Kingdom,1,Low Engagement
15311,1,91,60632.75,United Kingdom,0,Champions
15312,75,4,924.85,United Kingdom,3,At Risk
15313,110,1,52.0,United Kingdom,1,Low Engagement
15314,199,1,327.97,United Kingdom,1,Low Engagement
15315,64,2,570.5,United Kingdom,1,Low Engagement
15316,327,1,165.0,United Kingdom,1,Low Engagement
15318,4,1,312.62,United Kingdom,2,Loyal Customers
15319,284,1,204.5,United Kingdom,1,Low Engagement
15320,44,1,267.13,United Kingdom,1,Low Engagement
15321,71,3,2748.31,United Kingdom,3,At Risk
15322,86,1,679.68,United Kingdom,1,Low Engagement
15325,104,1,161.74,United Kingdom,1,Low Engagement
15326,334,1,311.71,United Kingdom,1,Low Engagement
15327,53,1,208.75,United Kingdom,1,Low Engagement
15329,39,3,1049.7,United Kingdom,3,At Risk
15330,32,2,714.96,United Kingdom,2,Loyal Customers
15332,366,4,1661.06,Lithuania,3,At Risk
15333,208,1,1028.56,United Kingdom,1,Low Engagement
15334,157,3,350.82,United Kingdom,1,Low Engagement
15335,54,1,170.22,United Kingdom,1,Low Engagement
15339,66,2,574.07,United Kingdom,1,Low Engagement
15341,81,1,2020.52,United Kingdom,3,At Risk
15342,130,1,406.09,United Kingdom,1,Low Engagement
15343,87,1,364.5,United Kingdom,1,Low Engagement
15344,1,3,563.94,United Kingdom,2,Loyal Customers
15345,46,1,393.54,United Kingdom,1,Low Engagement
15346,333,1,252.42000000000002,United Kingdom,1,Low Engagement
15347,366,1,201.60000000000002,United Kingdom,1,Low Engagement
15348,72,1,158.04,United Kingdom,1,Low Engagement
15349,158,2,463.90999999999997,United Kingdom,1,Low Engagement
15350,373,1,115.65,United Kingdom,1,Low Engagement
15351,12,7,1934.66,United Kingdom,0,Champions
15353,255,2,770.12,United Kingdom,1,Low Engagement
15355,29,2,277.05,United Kingdom,2,Loyal Customers
15356,31,10,2718.03,United Kingdom,0,Champions
15358,5,22,8347.2,United Kingdom,0,Champions
15360,40,1,427.93,United Kingdom,2,Loyal Customers
15361,362,1,418.92,United Kingdom,1,Low Engagement
15363,373,1,326.0,United Kingdom,1,Low Engagement
15364,96,2,913.19,United Kingdom,3,At Risk
15365,26,7,2314.32,United Kingdom,3,At Risk
15366,75,2,602.51,United Kingdom,1,Low Engagement
15367,57,4,1877.59,United Kingdom,3,At Risk
15368,21,1,446.94000000000005,United Kingdom,2,Loyal Customers
15370,41,7,2386.05,United Kingdom,3,At Risk
15372,137,1,2007.3999999999999,United Kingdom,3,At Risk
15373,8,12,2415.91,United Kingdom,0,Champions
15374,129,1,168.0,United Kingdom,1,Low Engagement
15376,40,3,1221.56,United Kingdom,3,At Risk
15379,169,7,3703.29,United Kingdom,3,At Risk
15380,9,5,1690.2600000000002,United Kingdom,0,Champions
15381,214,2,596.85,United Kingdom,1,Low Engagement
15382,15,6,5955.71,United Kingdom,0,Champions
15384,170,2,642.41,United Kingdom,1,Low Engagement
15385,40,1,316.88,United Kingdom,1,Low Engagement
15386,186,1,394.14,United Kingdom,1,Low Engagement
15388,270,1,140.54,Canada,1,Low Engagement
15389,172,1,500.0,United Kingdom,1,Low Engagement
15392,5,4,1535.53,United Kingdom,2,Loyal Customers
15393,16,2,231.86,United Kingdom,2,Loyal Customers
15394,10,4,2183.54,United Kingdom,3,At Risk
15395,326,1,107.45,United Kingdom,1,Low Engagement
15396,113,1,288.18,United Kingdom,1,Low Engagement
15397,290,1,94.0,United Kingdom,1,Low Engagement
15398,16,2,1345.53,United Kingdom,2,Loyal Customers
15399,1,3,815.77,United Kingdom,2,Loyal Customers
15400,92,5,716.2,United Kingdom,3,At Risk
15402,149,2,626.77,United Kingdom,1,Low Engagement
15405,189,1,349.1,United Kingdom,1,Low Engagement
15406,31,2,510.71000000000004,United Kingdom,2,Loyal Customers
15407,34,4,1046.74,United Kingdom,3,At Risk
15408,264,1,267.18,United Kingdom,1,Low Engagement
15410,84,8,3450.84,United Kingdom,3,At Risk
15411,26,4,1348.93,United Kingdom,3,At Risk
15412,171,1,190.53,United Kingdom,1,Low Engagement
15414,10,3,774.9000000000001,United Kingdom,2,Loyal Customers
15415,313,1,559.61,United Kingdom,1,Low Engagement
15416,65,4,3984.32,United Kingdom,3,At Risk
15417,85,1,508.8,United Kingdom,1,Low Engagement
15419,25,1,135.86,United Kingdom,2,Loyal Customers
15421,59,4,950.36,United Kingdom,3,At Risk
15422,323,2,97.7,United Kingdom,1,Low Engagement
15423,38,1,43.5,United Kingdom,1,Low Engagement
15424,254,2,383.34,United Kingdom,1,Low Engagement
15426,19,5,1404.07,United Kingdom,3,At Risk
15427,33,3,1430.54,United Kingdom,3,At Risk
15428,15,1,93.78,United Kingdom,2,Loyal Customers
15429,27,2,397.35,United Kingdom,2,Loyal Customers
15432,23,1,171.19,United Kingdom,2,Loyal Customers
15433,214,2,533.3,United Kingdom,1,Low Engagement
15434,8,5,1041.48,United Kingdom,2,Loyal Customers
15435,22,1,149.29,United Kingdom,2,Loyal Customers
15436,12,3,1067.75,United Kingdom,2,Loyal Customers
15437,262,1,200.16,United Kingdom,1,Low Engagement
15438,131,1,156.57999999999998,United Kingdom,1,Low Engagement
15440,55,3,383.68,United Kingdom,3,At Risk
15442,249,1,594.0,United Kingdom,1,Low Engagement
15443,2,7,3213.59,United Kingdom,0,Champions
15444,9,2,1411.21,United Kingdom,2,Loyal Customers
15445,264,1,113.5,United Kingdom,1,Low Engagement
15447,331,1,155.17,United Kingdom,1,Low Engagement
15448,313,1,494.64,United Kingdom,1,Low Engagement
15449,26,3,974.52,United Kingdom,3,At Risk
15450,30,1,429.84,United Kingdom,2,Loyal Customers
15452,30,3,528.48,United Kingdom,2,Loyal Customers
15453,2,7,1371.77,United Kingdom,0,Champions
15454,362,1,179.1,United Kingdom,1,Low Engagement
15456,283,3,434.59000000000003,United Kingdom,1,Low Engagement
15457,262,1,237.07,United Kingdom,1,Low Engagement
15458,25,1,161.64,United Kingdom,2,Loyal Customers
15460,354,1,214.26,United Kingdom,1,Low Engagement
15462,94,3,234.6,United Kingdom,1,Low Engagement
15463,29,1,126.14,United Kingdom,2,Loyal Customers
15464,338,1,1044.65,United Kingdom,1,Low Engagement
15465,20,18,7354.62,United Kingdom,0,Champions
15466,85,1,334.53,United Kingdom,1,Low Engagement
15467,9,3,524.88,United Kingdom,2,Loyal Customers
15468,51,2,467.51,United Kingdom,2,Loyal Customers
15469,50,2,538.55,United Kingdom,2,Loyal Customers
15471,2,1,454.48,United Kingdom,2,Loyal Customers
15472,113,1,371.56,United Kingdom,1,Low Engagement
15473,14,7,1771.2,United Kingdom,0,Champions
15475,77,1,454.10999999999996,United Kingdom,1,Low Engagement
15478,40,2,1399.92,United Kingdom,3,At Risk
15480,116,1,905.5,Malta,1,Low Engagement
15482,16,12,10879.76,United Kingdom,0,Champions
15483,161,4,225.26,United Kingdom,1,Low Engagement
15484,1,4,3590.41,United Kingdom,0,Champions
15485,30,3,2564.5,United Kingdom,3,At Risk
15488,93,1,91.32000000000001,United Kingdom,1,Low Engagement
15489,23,3,1134.28,United Kingdom,3,At Risk
15491,95,6,3100.09,United Kingdom,3,At Risk
15492,28,2,659.4599999999999,United Kingdom,2,Loyal Customers
15493,33,5,1953.41,United Kingdom,3,At Risk
15494,21,2,1280.58,United Kingdom,2,Loyal Customers
15497,18,2,1262.2,United Kingdom,2,Loyal Customers
15498,3,27,13316.4,United Kingdom,0,Champions
15500,8,4,1131.56,United Kingdom,2,Loyal Customers
15502,16,12,10384.93,United Kingdom,0,Champions
15503,363,1,141.04,United Kingdom,1,Low Engagement
15504,81,1,52.83,United Kingdom,1,Low Engagement
15505,53,5,3610.96,United Kingdom,3,At Risk
15506,23,3,972.08,United Kingdom,3,At Risk
15507,172,1,475.86,United Kingdom,1,Low Engagement
15508,189,6,1000.27,United Kingdom,3,At Risk
15510,331,1,250.0,United Kingdom,1,Low Engagement
15511,12,5,900.53,United Kingdom,2,Loyal Customers
15512,156,2,121.0,United Kingdom,1,Low Engagement
15513,33,19,14758.220000000001,United Kingdom,0,Champions
15514,12,11,4023.7200000000003,United Kingdom,0,Champions
15516,45,3,62.43,United Kingdom,1,Low Engagement
15517,233,1,267.03,United Kingdom,1,Low Engagement
15518,64,8,1921.55,United Kingdom,3,At Risk
15520,2,1,343.5,United Kingdom,2,Loyal Customers
15521,40,8,3000.2,United Kingdom,3,At Risk
15522,33,2,397.99,United Kingdom,2,Loyal Customers
15523,84,1,412.01000000000005,United Kingdom,1,Low Engagement
15524,25,1,440.0,United Kingdom,2,Loyal Customers
15525,2,3,734.37,United Kingdom,2,Loyal Customers
15526,33,2,148.44,United Kingdom,2,Loyal Customers
15527,19,8,2428.53,United Kingdom,0,Champions
15528,254,1,229.33,United Kingdom,1,Low Engagement
15529,23,11,3962.6,United Kingdom,0,Champions
15530,22,4,1497.31,United Kingdom,3,At Risk
15531,8,2,1972.39,United Kingdom,2,Loyal Customers
15532,25,4,1564.73,United Kingdom,3,At Risk
15533,19,3,807.57,United Kingdom,2,Loyal Customers
15535,173,4,502.9,United Kingdom,3,At Risk
15537,163,1,110.92,United Kingdom,1,Low Engagement
15539,7,1,538.46,United Kingdom,2,Loyal Customers
15540,11,1,213.3,United Kingdom,2,Loyal Customers
15541,114,1,85.13000000000001,United Kingdom,1,Low Engagement
15543,288,1,127.86,United Kingdom,1,Low Engagement
15544,9,9,3546.71,United Kingdom,0,Champions
15545,54,2,288.96999999999997,United Kingdom,1,Low Engagement
15547,7,14,4910.6,United Kingdom,0,Champions
15549,77,3,1681.46,United Kingdom,3,At Risk
15550,4,4,575.63,United Kingdom,2,Loyal Customers
15551,37,1,436.06,United Kingdom,2,Loyal Customers
15552,217,1,90.12,United Kingdom,1,Low Engagement
15553,60,1,428.93,United Kingdom,1,Low Engagement
15554,278,1,217.2,United Kingdom,1,Low Engagement
15555,12,16,4794.86,United Kingdom,0,Champions
15556,24,1,279.77,United Kingdom,2,Loyal Customers
15557,29,1,468.91,United Kingdom,2,Loyal Customers
15561,12,4,800.59,United Kingdom,2,Loyal Customers
15562,352,1,134.55,United Kingdom,1,Low Engagement
15563,22,4,1400.44,United Kingdom,3,At Risk
15565,50,2,173.16,United Kingdom,1,Low Engagement
15567,19,1,186.01,United Kingdom,2,Loyal Customers
15568,3,3,758.29,United Kingdom,2,Loyal Customers
15569,104,5,1375.71,United Kingdom,3,At Risk
15570,7,12,4148.82,United Kingdom,0,Champions
15571,12,4,650.4300000000001,United Kingdom,2,Loyal Customers
15572,5,7,2533.42,United Kingdom,0,Champions
15573,32,2,591.1899999999999,United Kingdom,2,Loyal Customers
15574,178,4,675.64,United Kingdom,3,At Risk
15576,38,1,921.37,United Kingdom,2,Loyal Customers
15577,151,3,258.88,United Kingdom,1,Low Engagement
15578,162,1,127.1,United Kingdom,1,Low Engagement
15579,69,2,327.6,United Kingdom,1,Low Engagement
15581,121,13,3675.77,United Kingdom,3,At Risk
15582,25,3,682.9100000000001,United Kingdom,2,Loyal Customers
15584,24,4,720.86,United Kingdom,3,At Risk
15585,177,1,455.3,United Kingdom,1,Low Engagement
15587,50,4,913.6800000000001,United Kingdom,3,At Risk
15589,256,3,478.53000000000003,United Kingdom,1,Low Engagement
15592,47,1,388.58,United Kingdom,1,Low Engagement
15593,71,1,199.8,United Kingdom,1,Low Engagement
15594,16,5,1771.78,United Kingdom,3,At Risk
15596,101,5,1406.59,United Kingdom,3,At Risk
15597,35,1,324.57,United Kingdom,2,Loyal Customers
15598,53,1,240.68,United Kingdom,1,Low Engagement
15599,27,2,761.74,United Kingdom,2,Loyal Customers
15601,11,14,6776.56,United Kingdom,0,Champions
15602,8,9,1297.8700000000001,United Kingdom,0,Champions
15603,79,1,48.480000000000004,United Kingdom,1,Low Engagement
15604,52,1,216.39,United Kingdom,1,Low Engagement
15605,36,5,1198.23,United Kingdom,3,At Risk
15606,61,9,2920.16,United Kingdom,3,At Risk
15607,337,1,104.76,United Kingdom,1,Low Engagement
15608,28,4,1093.68,United Kingdom,3,At Risk
15609,184,1,298.48,United Kingdom,1,Low Engagement
15610,52,1,112.46000000000001,United Kingdom,1,Low Engagement
15611,10,13,1591.45,United Kingdom,0,Champions
15612,36,2,195.15,United Kingdom,2,Loyal Customers
15615,10,23,10399.74,United Kingdom,0,Champions
15618,33,4,776.851,United Kingdom,3,At Risk
15619,11,1,336.40000000000003,United Kingdom,2,Loyal Customers
15620,57,3,1553.18,United Kingdom,3,At Risk
15621,4,4,1293.03,United Kingdom,2,Loyal Customers
15622,43,9,3709.56,United Kingdom,0,Champions
15623,141,1,301.03,United Kingdom,1,Low Engagement
15624,117,4,588.13,United Kingdom,3,At Risk
15625,104,4,1534.26,United Kingdom,3,At Risk
15626,75,2,675.8,United Kingdom,3,At Risk
15628,5,9,2870.2400000000002,United Kingdom,0,Champions
15630,45,2,1186.35,United Kingdom,3,At Risk
15632,16,8,3285.31,United Kingdom,0,Champions
15634,17,1,243.55,United Kingdom,2,Loyal Customers
15636,90,2,724.76,United Kingdom,3,At Risk
15637,53,1,223.36,United Kingdom,1,Low Engagement
15639,134,1,425.32,United Kingdom,1,Low Engagement
15640,4,15,12416.11,United Kingdom,0,Champions
15641,105,4,1887.2,United Kingdom,3,At Risk
15643,192,3,664.0,United Kingdom,1,Low Engagement
15644,166,4,803.54,United Kingdom,3,At Risk
15645,19,1,612.01,United Kingdom,2,Loyal Customers
15646,158,3,447.64000000000004,United Kingdom,1,Low Engagement
15648,204,2,639.5,United Kingdom,1,Low Engagement
15649,336,2,816.0,United Kingdom,1,Low Engagement
15651,37,3,646.3,United Kingdom,3,At Risk
15652,91,1,337.74,United Kingdom,1,Low Engagement
15653,93,2,877.4399999999999,United Kingdom,3,At Risk
15654,9,2,922.53,United Kingdom,2,Loyal Customers
15655,243,1,560.67,United Kingdom,1,Low Engagement
15656,45,4,748.5,United Kingdom,3,At Risk
15657,23,1,30.0,United Kingdom,1,Low Engagement
15658,190,5,1024.1000000000001,United Kingdom,3,At Risk
15659,44,1,306.45,United Kingdom,1,Low Engagement
15660,25,9,1600.86,United Kingdom,0,Champions
15661,317,2,309.8,United Kingdom,1,Low Engagement
15663,106,1,138.14,United Kingdom,1,Low Engagement
15664,51,1,386.43,United Kingdom,1,Low Engagement
15665,168,2,2222.21,United Kingdom,3,At Risk
15667,40,1,301.32,United Kingdom,1,Low Engagement
15668,218,1,76.32000000000001,United Kingdom,1,Low Engagement
15669,40,4,684.34,United Kingdom,3,At Risk
15670,297,1,173.05,United Kingdom,1,Low Engagement
15671,19,7,2657.13,United Kingdom,0,Champions
15673,88,4,2726.23,United Kingdom,3,At Risk
15674,73,5,2446.6,United Kingdom,3,At Risk
15675,81,3,323.69,United Kingdom,1,Low Engagement
15676,19,3,3435.76,United Kingdom,3,At Risk
15677,49,1,657.23,United Kingdom,1,Low Engagement
15678,53,1,352.7,United Kingdom,1,Low Engagement
15679,24,4,781.28,United Kingdom,3,At Risk
15680,9,3,1333.68,United Kingdom,2,Loyal Customers
15681,25,5,1426.16,United Kingdom,3,At Risk
15683,117,1,193.75,United Kingdom,1,Low Engagement
15687,9,9,2993.1,United Kingdom,0,Champions
15689,120,2,254.1,United Kingdom,1,Low Engagement
15690,4,2,239.76,United Kingdom,2,Loyal Customers
15691,252,1,136.8,United Kingdom,1,Low Engagement
15692,28,1,191.04,United Kingdom,2,Loyal Customers
15694,1,14,6479.4,United Kingdom,0,Champions
15695,267,2,409.98,United Kingdom,1,Low Engagement
15696,33,8,2711.11,United Kingdom,3,At Risk
15699,18,1,309.65,United Kingdom,2,Loyal Customers
15700,172,2,696.68,United Kingdom,1,Low Engagement
15701,2,4,1529.0,United Kingdom,2,Loyal Customers
15703,265,1,211.5,United Kingdom,1,Low Engagement
15704,140,4,2293.62,United Kingdom,3,At Risk
15705,201,1,143.1,United Kingdom,1,Low Engagement
15706,64,4,1060.56,United Kingdom,3,At Risk
15707,35,4,916.98,United Kingdom,3,At Risk
15708,41,7,3235.25,United Kingdom,3,At Risk
15709,284,1,133.25,United Kingdom,1,Low Engagement
15712,9,5,1072.3600000000001,United Kingdom,2,Loyal Customers
15713,143,2,356.7,United Kingdom,1,Low Engagement
15714,12,2,330.03000000000003,United Kingdom,2,Loyal Customers
15716,146,4,1101.1100000000001,United Kingdom,3,At Risk
15717,234,1,150.3,United Kingdom,1,Low Engagement
15719,33,13,5030.07,United Kingdom,0,Champions
15720,24,1,598.73,United Kingdom,2,Loyal Customers
15721,12,1,471.40000000000003,United Kingdom,2,Loyal Customers
15722,36,5,2211.21,United Kingdom,3,At Risk
15723,365,1,190.7,United Kingdom,1,Low Engagement
15724,201,2,218.25,United Kingdom,1,Low Engagement
15725,15,1,415.25,United Kingdom,2,Loyal Customers
15727,17,7,5159.06,United Kingdom,0,Champions
15729,213,1,85.0,United Kingdom,1,Low Engagement
15730,66,3,1120.88,United Kingdom,3,At Risk
15732,212,2,294.12,United Kingdom,1,Low Engagement
15733,283,1,162.3,United Kingdom,1,Low Engagement
15734,115,2,1339.45,United Kingdom,3,At Risk
15737,15,8,1188.1200000000001,United Kingdom,0,Champions
15738,19,16,4812.42,United Kingdom,0,Champions
15739,66,1,449.12,United Kingdom,1,Low Engagement
15740,49,1,154.88,United Kingdom,1,Low Engagement
15743,16,4,775.96,United Kingdom,2,Loyal Customers
15744,78,1,34.8,United Kingdom,1,Low Engagement
15745,19,4,1094.59,United Kingdom,3,At Risk
15746,134,1,196.88,United Kingdom,1,Low Engagement
15747,13,3,946.64,United Kingdom,2,Loyal Customers
15748,40,1,144.36,United Kingdom,1,Low Engagement
15749,235,3,44534.3,United Kingdom,3,At Risk
15750,3,8,2463.05,United Kingdom,0,Champions
15752,40,7,2626.6,United Kingdom,3,At Risk
15753,305,1,79.2,United Kingdom,1,Low Engagement
15754,51,3,458.57,United Kingdom,3,At Risk
15755,10,6,2364.25,United Kingdom,0,Champions
15756,61,4,528.01,United Kingdom,3,At Risk
15757,66,2,714.42,United Kingdom,3,At Risk
15758,25,1,205.25,United Kingdom,2,Loyal Customers
15759,218,3,253.04,United Kingdom,1,Low Engagement
15762,65,2,583.75,United Kingdom,1,Low Engagement
15763,32,2,1086.92,United Kingdom,3,At Risk
15764,88,6,3279.97,United Kingdom,3,At Risk
15766,64,1,315.06,United Kingdom,1,Low Engagement
15768,116,3,621.8299999999999,United Kingdom,3,At Risk
15769,7,26,56252.72,United Kingdom,0,Champions
15773,6,1,635.6800000000001,United Kingdom,2,Loyal Customers
15774,69,1,270.8,United Kingdom,1,Low Engagement
15775,245,1,104.9,United Kingdom,1,Low Engagement
15776,133,1,241.62,United Kingdom,1,Low Engagement
15777,241,4,1047.11,United Kingdom,3,At Risk
15780,184,3,475.28000000000003,United Kingdom,1,Low Engagement
15781,25,3,345.46,United Kingdom,2,Loyal Customers
15782,10,3,2614.7400000000002,United Kingdom,3,At Risk
15783,11,1,246.3,United Kingdom,2,Loyal Customers
15785,33,5,2328.9700000000003,United Kingdom,3,At Risk
15786,46,3,4919.0,United Kingdom,3,At Risk
15787,26,3,933.26,United Kingdom,3,At Risk
15789,358,1,351.3,United Kingdom,1,Low Engagement
15790,10,1,218.75,United Kingdom,2,Loyal Customers
15791,44,2,1612.69,United Kingdom,3,At Risk
15793,15,3,965.61,United Kingdom,2,Loyal Customers
15795,150,1,610.01,United Kingdom,1,Low Engagement
15796,1,8,2708.61,United Kingdom,0,Champions
15797,113,4,2207.4,United Kingdom,3,At Risk
15799,76,3,884.14,United Kingdom,3,At Risk
15800,107,2,696.89,United Kingdom,1,Low Engagement
15801,46,3,1063.95,United Kingdom,3,At Risk
15802,143,1,451.42,United Kingdom,1,Low Engagement
15803,51,1,415.82000000000005,United Kingdom,1,Low Engagement
15804,1,13,4206.39,United Kingdom,0,Champions
15805,23,17,5488.18,United Kingdom,0,Champions
15806,46,3,784.58,United Kingdom,3,At Risk
15807,50,3,903.9,United Kingdom,3,At Risk
15808,306,4,3651.27,United Kingdom,3,At Risk
15809,36,5,515.77,United Kingdom,3,At Risk
15810,79,4,1391.98,United Kingdom,3,At Risk
15811,22,6,2218.62,United Kingdom,3,At Risk
15812,107,5,1801.14,United Kingdom,3,At Risk
15813,208,2,1303.9099999999999,United Kingdom,3,At Risk
15814,17,4,1945.33,United Kingdom,3,At Risk
15815,64,5,2100.6,United Kingdom,3,At Risk
15819,49,4,1905.45,United Kingdom,3,At Risk
15820,320,1,206.98,United Kingdom,1,Low Engagement
15821,44,2,570.96,United Kingdom,2,Loyal Customers
15822,3,2,885.47,United Kingdom,2,Loyal Customers
15823,372,1,15.0,United Kingdom,1,Low Engagement
15825,172,1,532.94,United Kingdom,1,Low Engagement
15826,56,3,1654.31,United Kingdom,3,At Risk
15827,73,14,1836.0900000000001,United Kingdom,3,At Risk
15829,99,2,636.14,United Kingdom,1,Low Engagement
15830,38,1,576.0,United Kingdom,2,Loyal Customers
15831,58,3,794.64,United Kingdom,3,At Risk
15832,254,1,836.79,United Kingdom,1,Low Engagement
15834,70,4,2225.15,United Kingdom,3,At Risk
15835,44,4,954.09,United Kingdom,3,At Risk
15836,50,1,137.37,United Kingdom,1,Low Engagement
15837,65,1,391.98,United Kingdom,1,Low Engagement
15838,11,19,33643.08,United Kingdom,0,Champions
15839,33,3,1048.49,United Kingdom,3,At Risk
15840,59,2,355.56,United Kingdom,1,Low Engagement
15841,73,4,1224.06,United Kingdom,3,At Risk
15843,304,1,118.95000000000002,United Kingdom,1,Low Engagement
15844,46,1,130.73999999999998,United Kingdom,1,Low Engagement
15845,18,8,3711.77,United Kingdom,0,Champions
15847,38,2,389.27,United Kingdom,2,Loyal Customers
15850,19,2,234.88,United Kingdom,2,Loyal Customers
15852,187,2,160.71,United Kingdom,1,Low Engagement
15853,52,1,110.8,United Kingdom,1,Low Engagement
15854,4,12,2969.12,United Kingdom,0,Champions
15855,137,5,712.24,United Kingdom,3,At Risk
15856,4,27,16143.64,United Kingdom,0,Champions
15857,19,1,297.0,United Kingdom,2,Loyal Customers
15858,16,5,1427.57,United Kingdom,3,At Risk
15860,41,8,965.16,United Kingdom,3,At Risk
15861,12,8,3146.92,United Kingdom,0,Champions
15862,8,4,832.88,United Kingdom,2,Loyal Customers
15863,26,2,68.84,United Kingdom,2,Loyal Customers
15864,22,6,1936.3200000000002,United Kingdom,3,At Risk
15865,41,3,895.13,United Kingdom,3,At Risk
15866,101,1,211.89,United Kingdom,1,Low Engagement
15867,5,15,3810.14,United Kingdom,0,Champions
15869,277,2,149.64,United Kingdom,1,Low Engagement
15870,33,1,351.44,United Kingdom,2,Loyal Customers
15872,15,2,316.25,United Kingdom,2,Loyal Customers
15874,64,7,4405.88,United Kingdom,3,At Risk
15877,2,2,490.33,United Kingdom,2,Loyal Customers
15880,369,1,329.03000000000003,United Kingdom,1,Low Engagement
15881,312,5,501.39000000000004,United Kingdom,3,At Risk
15882,199,4,516.36,United Kingdom,3,At Risk
15883,2,2,396.48,United Kingdom,2,Loyal Customers
15885,93,3,379.35,United Kingdom,1,Low Engagement
15886,60,1,181.09,United Kingdom,1,Low Engagement
15888,81,1,168.31,United Kingdom,1,Low Engagement
15889,157,2,420.07,United Kingdom,1,Low Engagement
15891,227,1,511.68,United Kingdom,1,Low Engagement
15894,253,2,258.25,United Kingdom,1,Low Engagement
15895,150,1,179.17,United Kingdom,1,Low Engagement
15897,194,2,208.59,United Kingdom,1,Low Engagement
15898,1,5,1383.83,United Kingdom,0,Champions
15899,369,1,56.25,United Kingdom,1,Low Engagement
15900,24,1,337.28,United Kingdom,2,Loyal Customers
15901,17,3,351.73,United Kingdom,2,Loyal Customers
15903,10,7,5126.76,United Kingdom,0,Champions
15904,8,1,164.68,United Kingdom,2,Loyal Customers
15906,20,7,1567.69,United Kingdom,3,At Risk
15907,4,3,882.72,United Kingdom,2,Loyal Customers
15909,174,1,191.94,United Kingdom,1,Low Engagement
15910,1,8,1228.88,United Kingdom,0,Champions
15912,178,2,264.62,United Kingdom,1,Low Engagement
15916,16,8,1502.8600000000001,United Kingdom,0,Champions
15917,248,1,123.1,United Kingdom,1,Low Engagement
15918,191,2,334.23,United Kingdom,1,Low Engagement
15919,20,2,525.69,United Kingdom,2,Loyal Customers
15920,154,4,167.5,United Kingdom,1,Low Engagement
15921,173,1,323.03000000000003,United Kingdom,1,Low Engagement
15922,373,1,369.5,United Kingdom,1,Low Engagement
15923,373,1,127.08,United Kingdom,1,Low Engagement
15925,194,1,207.15,United Kingdom,1,Low Engagement
15930,67,1,426.63,United Kingdom,1,Low Engagement
15932,4,8,2495.87,United Kingdom,0,Champions
15933,21,3,1107.46,United Kingdom,3,At Risk
15935,239,2,416.86,United Kingdom,1,Low Engagement
15937,64,1,145.35,United Kingdom,1,Low Engagement
15938,112,5,404.58,United Kingdom,3,At Risk
15939,90,15,6115.01,United Kingdom,0,Champions
15940,311,1,35.8,United Kingdom,1,Low Engagement
15942,134,1,337.44,United Kingdom,1,Low Engagement
15944,277,1,325.1,United Kingdom,1,Low Engagement
15945,365,1,181.0,United Kingdom,1,Low Engagement
15947,83,1,1708.24,United Kingdom,3,At Risk
15948,8,2,955.24,United Kingdom,2,Loyal Customers
15949,17,2,364.72,United Kingdom,2,Loyal Customers
15950,32,4,1744.71,United Kingdom,3,At Risk
15951,9,2,708.22,United Kingdom,2,Loyal Customers
15952,34,4,781.91,United Kingdom,3,At Risk
15953,15,8,1657.28,United Kingdom,0,Champions
15955,24,14,4416.26,United Kingdom,0,Champions
15957,32,1,428.89,United Kingdom,2,Loyal Customers
15958,74,1,104.35,United Kingdom,1,Low Engagement
15963,20,2,470.76,United Kingdom,2,Loyal Customers
15965,17,4,808.87,United Kingdom,2,Loyal Customers
15967,23,2,397.68,United Kingdom,2,Loyal Customers
15969,3,3,666.1,United Kingdom,2,Loyal Customers
15970,304,1,314.1,United Kingdom,1,Low Engagement
15971,18,12,4199.85,United Kingdom,0,Champions
15973,367,1,307.82000000000005,United Kingdom,1,Low Engagement
15974,39,7,3442.15,United Kingdom,3,At Risk
15975,84,1,371.01,United Kingdom,1,Low Engagement
15976,165,2,427.64,United Kingdom,1,Low Engagement
15977,17,2,1054.73,United Kingdom,2,Loyal Customers
15978,77,1,1098.78,United Kingdom,1,Low Engagement
15980,89,3,2398.86,United Kingdom,3,At Risk
15981,25,8,3408.48,United Kingdom,0,Champions
15983,22,4,1465.12,United Kingdom,3,At Risk
15984,3,10,2780.63,United Kingdom,0,Champions
15985,123,2,1142.42,United Kingdom,3,At Risk
15986,30,1,168.12,United Kingdom,2,Loyal Customers
15987,12,7,1432.77,United Kingdom,0,Champions
15988,19,1,156.78,United Kingdom,2,Loyal Customers
15990,44,2,792.11,United Kingdom,3,At Risk
15992,4,1,41.989999999999995,United Kingdom,2,Loyal Customers
15993,9,7,2777.67,United Kingdom,0,Champions
15994,55,1,414.27,United Kingdom,1,Low Engagement
15996,88,6,1032.58,United Kingdom,3,At Risk
15998,37,5,3080.22,United Kingdom,3,At Risk
16000,3,3,12393.7,United Kingdom,0,Champions
16003,30,5,2735.37,United Kingdom,3,At Risk
16005,12,4,578.71,United Kingdom,2,Loyal Customers
16006,211,1,101.4,United Kingdom,1,Low Engagement
16007,48,4,1693.81,United Kingdom,3,At Risk
16008,24,3,478.78,United Kingdom,2,Loyal Customers
16009,22,4,972.11,United Kingdom,3,At Risk
16010,246,3,392.4,United Kingdom,1,Low Engagement
16011,8,16,3352.96,United Kingdom,0,Champions
16012,35,3,1415.29,United Kingdom,3,At Risk
16013,4,47,37130.6,United Kingdom,0,Champions
16014,38,3,646.83,United Kingdom,3,At Risk
16015,4,3,704.55,United Kingdom,2,Loyal Customers
16016,3,8,1465.51,United Kingdom,0,Champions
16017,47,1,211.88,United Kingdom,1,Low Engagement
16018,39,2,408.90000000000003,United Kingdom,2,Loyal Customers
16019,47,9,3786.2400000000002,United Kingdom,0,Champions
16020,17,3,851.01,United Kingdom,2,Loyal Customers
16022,260,1,602.63,United Kingdom,1,Low Engagement
16023,46,3,719.81,United Kingdom,3,At Risk
16024,12,1,251.03,United Kingdom,2,Loyal Customers
16025,30,1,439.65999999999997,United Kingdom,2,Loyal Customers
16026,43,1,236.09,United Kingdom,1,Low Engagement
16027,92,6,934.62,United Kingdom,3,At Risk
16029,39,63,80850.84,United Kingdom,0,Champions
16030,310,1,331.24,United Kingdom,1,Low Engagement
16031,92,2,547.9,United Kingdom,1,Low Engagement
16033,6,20,8778.82,United Kingdom,0,Champions
16034,196,3,437.7,United Kingdom,1,Low Engagement
16036,87,2,758.92,United Kingdom,3,At Risk
16037,270,3,855.02,United Kingdom,3,At Risk
16038,8,3,471.78000000000003,United Kingdom,2,Loyal Customers
16040,65,3,1313.55,United Kingdom,3,At Risk
16041,31,3,3166.4,United Kingdom,3,At Risk
16042,22,5,1177.47,United Kingdom,3,At Risk
16043,38,4,773.99,United Kingdom,3,At Risk
16045,120,4,1340.7,United Kingdom,3,At Risk
16048,373,2,256.44,United Kingdom,1,Low Engagement
16049,40,3,1074.81,United Kingdom,3,At Risk
16050,174,1,137.9,United Kingdom,1,Low Engagement
16052,54,1,362.06,United Kingdom,1,Low Engagement
16053,33,2,1511.95,United Kingdom,3,At Risk
16054,145,1,783.9,United Kingdom,1,Low Engagement
16055,221,1,134.8,United Kingdom,1,Low Engagement
16056,45,1,650.75,United Kingdom,2,Loyal Customers
16057,16,7,2263.12,United Kingdom,0,Champions
16059,66,6,1453.16,United Kingdom,3,At Risk
16062,10,4,1153.62,United Kingdom,2,Loyal Customers
16063,260,1,335.32,United Kingdom,1,Low Engagement
16065,365,1,367.14,United Kingdom,1,Low Engagement
16066,17,5,1521.04,United Kingdom,3,At Risk
16070,22,2,852.15,United Kingdom,2,Loyal Customers
16071,45,1,326.24,United Kingdom,1,Low Engagement
16072,288,1,584.3199999999999,United Kingdom,1,Low Engagement
16073,297,1,122.39999999999999,United Kingdom,1,Low Engagement
16076,3,10,2234.73,United Kingdom,0,Champions
16078,284,1,79.2,United Kingdom,1,Low Engagement
16079,17,3,1352.0,United Kingdom,3,At Risk
16080,82,2,217.16,United Kingdom,1,Low Engagement
16081,56,5,2799.42,United Kingdom,3,At Risk
16083,101,2,1317.62,United Kingdom,3,At Risk
16084,299,1,436.18,United Kingdom,1,Low Engagement
16085,23,5,981.51,United Kingdom,3,At Risk
16086,59,5,1121.39,United Kingdom,3,At Risk
16091,155,2,315.06,United Kingdom,1,Low Engagement
16092,115,3,817.86,United Kingdom,3,At Risk
16093,107,1,17.0,United Kingdom,1,Low Engagement
16094,12,4,1078.23,United Kingdom,2,Loyal Customers
16096,264,1,320.62,United Kingdom,1,Low Engagement
16097,240,1,185.04999999999998,United Kingdom,1,Low Engagement
16098,88,7,2005.63,United Kingdom,3,At Risk
16099,50,3,731.9,United Kingdom,3,At Risk
16101,71,1,1290.7,United Kingdom,3,At Risk
16102,42,3,1842.14,United Kingdom,3,At Risk
16103,7,6,1429.64,United Kingdom,0,Champions
16104,62,1,298.21,United Kingdom,1,Low Engagement
16105,249,1,336.96,United Kingdom,1,Low Engagement
16106,66,1,108.38,United Kingdom,1,Low Engagement
16107,18,7,3204.1600000000003,United Kingdom,0,Champions
16108,85,1,842.5,United Kingdom,1,Low Engagement
16109,219,2,611.88,United Kingdom,1,Low Engagement
16110,45,3,1320.95,United Kingdom,3,At Risk
16112,143,4,195.73999999999998,United Kingdom,1,Low Engagement
16113,183,1,161.38,United Kingdom,1,Low Engagement
16114,171,1,135.75000000000003,United Kingdom,1,Low Engagement
16115,10,8,1660.8799999999999,United Kingdom,0,Champions
16116,212,1,612.78,United Kingdom,1,Low Engagement
16117,190,1,232.21,United Kingdom,1,Low Engagement
16119,8,2,423.36,United Kingdom,2,Loyal Customers
16120,59,4,1309.14,United Kingdom,3,At Risk
16121,57,2,854.66,United Kingdom,3,At Risk
16122,73,4,684.4200000000001,United Kingdom,3,At Risk
16123,52,1,307.78,United Kingdom,1,Low Engagement
16124,317,1,249.0,United Kingdom,1,Low Engagement
16125,367,1,289.35,United Kingdom,1,Low Engagement
16126,29,4,6287.77,United Kingdom,3,At Risk
16127,39,1,656.25,United Kingdom,2,Loyal Customers
16128,18,5,1880.22,United Kingdom,3,At Risk
16131,52,6,3506.54,United Kingdom,3,At Risk
16133,4,33,14589.04,United Kingdom,0,Champions
16134,22,2,618.09,United Kingdom,2,Loyal Customers
16135,263,1,517.55,United Kingdom,1,Low Engagement
16136,60,3,709.38,United Kingdom,3,At Risk
16139,19,3,635.41,United Kingdom,2,Loyal Customers
16140,66,2,725.18,United Kingdom,3,At Risk
16141,88,1,620.4,United Kingdom,1,Low Engagement
16142,250,1,535.34,United Kingdom,1,Low Engagement
16143,3,6,2424.94,United Kingdom,0,Champions
16144,247,1,175.2,United Kingdom,1,Low Engagement
16145,9,11,3799.4900000000002,United Kingdom,0,Champions
16146,157,3,734.13,United Kingdom,3,At Risk
16147,134,1,375.0,United Kingdom,1,Low Engagement
16148,296,1,76.32000000000001,United Kingdom,1,Low Engagement
16149,5,2,280.52,United Kingdom,2,Loyal Customers
16150,43,5,2053.02,United Kingdom,3,At Risk
16152,269,1,1829.04,United Kingdom,1,Low Engagement
16153,50,5,1824.23,United Kingdom,3,At Risk
16156,9,9,3092.04,United Kingdom,0,Champions
16157,16,3,656.69,United Kingdom,2,Loyal Customers
16159,282,1,348.2,United Kingdom,1,Low Engagement
16160,65,2,1025.44,United Kingdom,3,At Risk
16161,2,19,5533.67,United Kingdom,0,Champions
16162,252,1,37.4,United Kingdom,1,Low Engagement
16163,232,2,856.6,United Kingdom,1,Low Engagement
16164,17,3,822.48,United Kingdom,2,Loyal Customers
16168,11,27,3787.6,United Kingdom,0,Champions
16169,8,4,1822.97,United Kingdom,2,Loyal Customers
16170,51,6,1885.05,United Kingdom,3,At Risk
16171,59,1,73.2,United Kingdom,1,Low Engagement
16172,95,5,1140.21,United Kingdom,3,At Risk
16173,16,6,1418.32,United Kingdom,3,At Risk
16174,126,3,1009.5500000000001,United Kingdom,3,At Risk
16175,94,4,1037.59,United Kingdom,3,At Risk
16177,50,1,331.95,United Kingdom,1,Low Engagement
16178,138,1,197.9,United Kingdom,1,Low Engagement
16179,61,1,215.83,United Kingdom,1,Low Engagement
16180,100,8,10254.18,United Kingdom,3,At Risk
16181,73,1,305.54,United Kingdom,1,Low Engagement
16182,72,4,6617.65,United Kingdom,3,At Risk
16183,67,1,338.71000000000004,United Kingdom,1,Low Engagement
16184,64,6,1158.79,United Kingdom,3,At Risk
16185,17,2,529.41,United Kingdom,2,Loyal Customers
16186,23,12,4006.94,United Kingdom,0,Champions
16187,32,15,6911.4400000000005,United Kingdom,0,Champions
16188,45,4,981.86,United Kingdom,3,At Risk
16189,16,2,215.48,United Kingdom,2,Loyal Customers
16190,40,1,215.08,United Kingdom,1,Low Engagement
16191,3,13,5180.52,United Kingdom,0,Champions
16193,237,1,314.45,United Kingdom,1,Low Engagement
16198,75,1,400.68100000000004,United Kingdom,1,Low Engagement
16200,4,2,1068.8700000000001,United Kingdom,2,Loyal Customers
16201,3,4,1863.47,United Kingdom,0,Champions
16202,361,1,365.27,United Kingdom,1,Low Engagement
16203,59,4,592.9,United Kingdom,3,At Risk
16204,23,1,384.18,United Kingdom,2,Loyal Customers
16205,31,4,757.63,United Kingdom,3,At Risk
16206,55,4,537.0600000000001,United Kingdom,3,At Risk
16207,25,1,394.38,United Kingdom,2,Loyal Customers
16208,45,2,664.26,United Kingdom,2,Loyal Customers
16209,89,5,2262.62,United Kingdom,3,At Risk
16210,2,18,21086.3,United Kingdom,0,Champions
16211,89,1,547.02,United Kingdom,1,Low Engagement
16212,19,2,690.34,United Kingdom,2,Loyal Customers
16213,79,1,159.0,United Kingdom,1,Low Engagement
16214,171,3,1062.75,United Kingdom,3,At Risk
16215,81,1,242.35,United Kingdom,1,Low Engagement
16216,267,1,914.9300000000001,United Kingdom,1,Low Engagement
16217,235,2,304.25,United Kingdom,1,Low Engagement
16218,30,7,3084.68,United Kingdom,3,At Risk
16221,37,3,860.86,United Kingdom,3,At Risk
16222,318,1,773.5500000000001,United Kingdom,1,Low Engagement
16224,57,4,1295.3,United Kingdom,3,At Risk
16225,45,5,1096.32,United Kingdom,3,At Risk
16226,203,3,255.12,United Kingdom,1,Low Engagement
16227,225,1,314.22,United Kingdom,1,Low Engagement
16229,87,2,1010.6,United Kingdom,3,At Risk
16230,190,2,542.03,United Kingdom,1,Low Engagement
16232,44,4,990.88,United Kingdom,3,At Risk
16233,71,3,536.6800000000001,United Kingdom,3,At Risk
16235,41,5,867.31,United Kingdom,3,At Risk
16236,78,1,432.2,United Kingdom,1,Low Engagement
16239,57,2,414.2,United Kingdom,1,Low Engagement
16240,24,2,3718.8,United Kingdom,3,At Risk
16241,10,13,2590.31,United Kingdom,0,Champions
16242,8,7,3579.86,United Kingdom,0,Champions
16243,34,2,409.1,United Kingdom,2,Loyal Customers
16244,212,2,1522.75,United Kingdom,3,At Risk
16245,24,3,1413.66,United Kingdom,3,At Risk
16247,170,1,114.56,United Kingdom,1,Low Engagement
16248,62,1,152.94,United Kingdom,1,Low Engagement
16249,53,5,1800.07,United Kingdom,3,At Risk
16250,261,2,389.44,United Kingdom,1,Low Engagement
16253,67,2,3683.86,United Kingdom,3,At Risk
16255,17,8,2619.91,United Kingdom,0,Champions
16256,267,1,752.4300000000001,United Kingdom,1,Low Engagement
16257,177,1,46.95,United Kingdom,1,Low Engagement
16258,45,5,5203.51,United Kingdom,3,At Risk
16260,51,1,1035.45,United Kingdom,3,At Risk
16261,17,4,728.54,United Kingdom,2,Loyal Customers
16265,9,9,5447.0,United Kingdom,0,Champions
16266,74,7,861.89,United Kingdom,3,At Risk
16268,71,2,667.65,United Kingdom,3,At Risk
16270,353,1,1141.24,United Kingdom,1,Low Engagement
16271,3,5,1404.64,United Kingdom,0,Champions
16272,117,1,411.7,United Kingdom,1,Low Engagement
16274,373,1,351.75,United Kingdom,1,Low Engagement
16275,197,1,559.87,United Kingdom,1,Low Engagement
16276,177,1,810.6000000000001,United Kingdom,1,Low Engagement
16278,100,1,566.38,United Kingdom,1,Low Engagement
16279,21,3,1502.78,United Kingdom,3,At Risk
16281,72,1,2062.06,United Kingdom,3,At Risk
16282,340,1,168.3,United Kingdom,1,Low Engagement
16283,6,5,1570.81,United Kingdom,0,Champions
16284,31,2,812.68,United Kingdom,2,Loyal Customers
16287,170,1,142.5,United Kingdom,1,Low Engagement
16292,122,1,302.25,United Kingdom,1,Low Engagement
16293,22,10,2248.9900000000002,United Kingdom,0,Champions
16295,10,4,1328.55,United Kingdom,2,Loyal Customers
16297,269,1,301.9,United Kingdom,1,Low Engagement
16298,23,3,598.2,United Kingdom,2,Loyal Customers
16302,127,1,233.22,United Kingdom,1,Low Engagement
16303,26,3,5360.63,United Kingdom,3,At Risk
16305,139,1,361.21999999999997,United Kingdom,1,Low Engagement
16306,214,6,632.27,United Kingdom,3,At Risk
16308,38,4,2560.0,United Kingdom,3,At Risk
16309,106,2,706.57,United Kingdom,1,Low Engagement
16311,18,2,616.26,United Kingdom,2,Loyal Customers
16313,3,2,274.15000000000003,United Kingdom,2,Loyal Customers
16315,331,1,226.37,United Kingdom,1,Low Engagement
16316,64,8,2938.91,United Kingdom,3,At Risk
16317,120,3,1341.65,United Kingdom,3,At Risk
16318,35,1,328.15,United Kingdom,2,Loyal Customers
16319,218,1,404.40000000000003,United Kingdom,1,Low Engagement
16320,172,2,1038.46,Unspecified,3,At Risk
16321,72,5,373.65000000000003,Australia,3,At Risk
16322,1,2,326.75,United Kingdom,2,Loyal Customers
16323,196,1,207.50000000000003,United Kingdom,1,Low Engagement
16324,128,3,408.59000000000003,United Kingdom,1,Low Engagement
16325,47,3,594.24,United Kingdom,3,At Risk
16326,6,14,3039.2200000000003,United Kingdom,0,Champions
16327,14,6,3820.27,United Kingdom,0,Champions
16330,18,3,251.91,United Kingdom,2,Loyal Customers
16332,28,7,1582.8,United Kingdom,3,At Risk
16333,8,22,26626.8,United Kingdom,0,Champions
16337,37,1,151.05,United Kingdom,1,Low Engagement
16338,157,1,214.79999999999998,United Kingdom,1,Low Engagement
16339,284,1,94.05,United Kingdom,1,Low Engagement
16340,107,1,534.31,United Kingdom,1,Low Engagement
16341,25,4,1971.87,United Kingdom,3,At Risk
16342,75,4,322.41,United Kingdom,3,At Risk
16343,16,2,328.58,United Kingdom,2,Loyal Customers
16344,158,1,101.10000000000001,United Kingdom,1,Low Engagement
16345,44,1,565.46,United Kingdom,2,Loyal Customers
16347,11,2,847.45,United Kingdom,2,Loyal Customers
16348,32,7,1415.65,United Kingdom,3,At Risk
16349,291,1,53.5,United Kingdom,1,Low Engagement
16350,21,4,1116.47,United Kingdom,3,At Risk
16351,333,1,153.9,United Kingdom,1,Low Engagement
16352,18,2,494.44,United Kingdom,2,Loyal Customers
16353,4,23,6675.71,United Kingdom,0,Champions
16354,63,2,395.8,United Kingdom,1,Low Engagement
16356,198,3,211.77,United Kingdom,1,Low Engagement
16357,33,3,658.88,United Kingdom,3,At Risk
16358,1,4,2027.5,United Kingdom,0,Champions
16359,7,9,1750.92,United Kingdom,0,Champions
16360,5,6,3450.41,United Kingdom,0,Champions
16361,10,4,891.21,United Kingdom,2,Loyal Customers
16362,32,5,709.99,United Kingdom,3,At Risk
16363,53,1,109.36000000000001,United Kingdom,1,Low Engagement
16364,12,2,705.79,United Kingdom,2,Loyal Customers
16365,18,9,1540.42,United Kingdom,0,Champions
16366,19,1,327.3,United Kingdom,2,Loyal Customers
16367,37,2,800.67,United Kingdom,2,Loyal Customers
16368,2,2,479.91,United Kingdom,2,Loyal Customers
16369,18,3,1545.41,United Kingdom,3,At Risk
16370,82,4,1301.91,United Kingdom,3,At Risk
16372,33,2,355.73,United Kingdom,2,Loyal Customers
16374,66,2,466.73,United Kingdom,1,Low Engagement
16376,9,2,974.96,United Kingdom,2,Loyal Customers
16377,267,1,676.2,United Kingdom,1,Low Engagement
16378,247,3,362.95,United Kingdom,1,Low Engagement
16379,4,4,2157.4,United Kingdom,0,Champions
16380,61,1,1743.1499999999999,United Kingdom,3,At Risk
16383,75,2,643.76,United Kingdom,3,At Risk
16384,90,2,584.5,United Kingdom,1,Low Engagement
16385,60,3,554.86,United Kingdom,3,At Risk
16386,29,2,302.57,United Kingdom,2,Loyal Customers
16387,323,1,94.36,United Kingdom,1,Low Engagement
16389,53,4,1382.07,United Kingdom,3,At Risk
16392,270,1,217.89,United Kingdom,1,Low Engagement
16393,2,13,3040.96,United Kingdom,0,Champions
16394,57,5,1555.34,United Kingdom,3,At Risk
16395,61,5,1482.06,United Kingdom,3,At Risk
16398,154,2,1705.8,United Kingdom,3,At Risk
16399,19,2,408.02,United Kingdom,2,Loyal Customers
16400,95,1,303.93,United Kingdom,1,Low Engagement
16401,1,12,4098.32,United Kingdom,0,Champions
16402,265,2,293.45,United Kingdom,1,Low Engagement
16403,312,1,177.5,United Kingdom,1,Low Engagement
16404,70,1,443.05,United Kingdom,1,Low Engagement
16405,302,2,167.25,United Kingdom,1,Low Engagement
16406,19,1,154.35,United Kingdom,2,Loyal Customers
16407,13,10,2079.68,United Kingdom,0,Champions
16409,36,5,2022.98,United Kingdom,3,At Risk
16411,19,2,211.7,United Kingdom,2,Loyal Customers
16412,54,1,135.99,United Kingdom,1,Low Engagement
16413,57,1,262.2,United Kingdom,1,Low Engagement
16414,22,2,126.25,United Kingdom,2,Loyal Customers
16415,44,1,200.27,United Kingdom,1,Low Engagement
16416,27,3,1051.4,United Kingdom,3,At Risk
16418,45,3,631.12,United Kingdom,3,At Risk
16419,113,6,958.71,United Kingdom,3,At Risk
16422,17,51,34684.4,United Kingdom,0,Champions
16423,25,1,346.12,United Kingdom,2,Loyal Customers
16424,191,1,133.56,United Kingdom,1,Low Engagement
16425,302,1,302.7,United Kingdom,1,Low Engagement
16426,2,10,1863.76,United Kingdom,0,Champions
16427,263,2,241.06,United Kingdom,1,Low Engagement
16429,106,1,284.55,United Kingdom,1,Low Engagement
16430,57,1,300.85,United Kingdom,1,Low Engagement
16431,213,3,623.28,United Kingdom,1,Low Engagement
16432,64,1,287.4,United Kingdom,1,Low Engagement
16433,28,1,184.26,United Kingdom,2,Loyal Customers
16434,29,7,1511.8,United Kingdom,3,At Risk
16438,6,5,798.35,United Kingdom,2,Loyal Customers
16440,8,5,3640.67,United Kingdom,0,Champions
16441,67,2,381.2,United Kingdom,1,Low Engagement
16442,2,3,609.3,United Kingdom,2,Loyal Customers
16444,46,4,654.67,United Kingdom,3,At Risk
16445,34,1,230.51,United Kingdom,2,Loyal Customers
16446,1,2,168472.5,United Kingdom,0,Champions
16447,136,1,255.91,United Kingdom,1,Low Engagement
16448,198,1,182.99,United Kingdom,1,Low Engagement
16449,198,2,707.69,United Kingdom,1,Low Engagement
16450,150,1,311.92,United Kingdom,1,Low Engagement
16451,88,1,266.97,United Kingdom,1,Low Engagement
16454,45,2,6.9,United Kingdom,1,Low Engagement
16455,64,7,1841.18,United Kingdom,3,At Risk
16456,99,5,2158.18,United Kingdom,3,At Risk
16457,218,1,208.36,United Kingdom,1,Low Engagement
16458,3,18,3482.7400000000002,United Kingdom,0,Champions
16460,28,3,811.23,United Kingdom,3,At Risk
16461,178,1,142.92,United Kingdom,1,Low Engagement
16462,74,3,136.0,United Kingdom,1,Low Engagement
16463,21,4,1422.4,United Kingdom,3,At Risk
16464,20,3,1298.66,United Kingdom,3,At Risk
16466,34,7,1595.96,United Kingdom,3,At Risk
16468,74,1,74.9,United Kingdom,1,Low Engagement
16469,24,4,625.42,United Kingdom,2,Loyal Customers
16470,52,4,752.77,United Kingdom,3,At Risk
16471,275,1,223.95000000000002,United Kingdom,1,Low Engagement
16473,165,3,316.11,United Kingdom,1,Low Engagement
16474,7,7,1810.65,United Kingdom,0,Champions
16475,88,4,544.3,United Kingdom,3,At Risk
16477,64,7,2494.46,United Kingdom,3,At Risk
16478,25,3,331.0,United Kingdom,2,Loyal Customers
16479,10,2,300.83,United Kingdom,2,Loyal Customers
16480,76,1,769.29,United Kingdom,1,Low Engagement
16482,16,1,220.62,United Kingdom,2,Loyal Customers
16483,192,1,139.35,United Kingdom,1,Low Engagement
16484,174,2,404.3,United Kingdom,1,Low Engagement
16485,77,1,363.65,United Kingdom,1,Low Engagement
16488,33,3,498.8,United Kingdom,2,Loyal Customers
16491,47,1,731.5,United Kingdom,2,Loyal Customers
16493,80,4,1351.63,United Kingdom,3,At Risk
16494,297,1,826.53,United Kingdom,1,Low Engagement
16495,3,3,648.26,United Kingdom,2,Loyal Customers
16496,9,3,1599.52,United Kingdom,2,Loyal Customers
16497,50,6,2965.69,United Kingdom,3,At Risk
16498,161,2,100.97,United Kingdom,1,Low Engagement
16499,360,2,365.45,United Kingdom,1,Low Engagement
16500,5,6,400.86,United Kingdom,2,Loyal Customers
16503,107,4,1431.93,United Kingdom,3,At Risk
16504,25,1,465.88,United Kingdom,2,Loyal Customers
16505,32,1,777.6,United Kingdom,2,Loyal Customers
16506,20,2,90.30000000000001,United Kingdom,2,Loyal Customers
16509,297,1,363.7,United Kingdom,1,Low Engagement
16510,372,1,248.1,United Kingdom,1,Low Engagement
16511,22,3,918.33,United Kingdom,2,Loyal Customers
16513,5,4,874.59,United Kingdom,2,Loyal Customers
16515,52,5,1624.14,United Kingdom,3,At Risk
16516,30,1,101.69999999999999,United Kingdom,1,Low Engagement
16517,277,1,162.7,United Kingdom,1,Low Engagement
16518,61,2,484.32,United Kingdom,1,Low Engagement
16519,25,2,215.07999999999998,United Kingdom,2,Loyal Customers
16520,186,3,1046.57,United Kingdom,3,At Risk
16523,2,21,9418.470000000001,United Kingdom,0,Champions
16525,2,26,13027.45,United Kingdom,0,Champions
16526,172,1,290.36,United Kingdom,1,Low Engagement
16527,81,1,228.06,United Kingdom,1,Low Engagement
16528,4,1,244.41,United Kingdom,2,Loyal Customers
16529,190,1,455.25,United Kingdom,1,Low Engagement
16531,22,7,1244.59,United Kingdom,3,At Risk
16532,18,3,6748.8,United Kingdom,3,At Risk
16533,19,3,1082.81,United Kingdom,3,At Risk
16535,5,1,593.75,United Kingdom,2,Loyal Customers
16536,110,1,548.12,United Kingdom,1,Low Engagement
16539,3,4,1388.81,United Kingdom,2,Loyal Customers
16542,54,1,119.62,United Kingdom,1,Low Engagement
16545,165,1,339.3,United Kingdom,1,Low Engagement
16546,291,2,787.15,United Kingdom,1,Low Engagement
16549,10,10,4034.9,United Kingdom,0,Champions
16550,109,5,2298.97,United Kingdom,3,At Risk
16551,96,3,922.12,United Kingdom,3,At Risk
16552,243,2,379.73,United Kingdom,1,Low Engagement
16553,163,12,5719.82,United Kingdom,3,At Risk
16554,42,3,837.1,United Kingdom,3,At Risk
16555,35,2,285.89,United Kingdom,2,Loyal Customers
16556,67,7,3313.79,United Kingdom,3,At Risk
16557,24,2,281.85,United Kingdom,2,Loyal Customers
16558,1,20,8338.49,United Kingdom,0,Champions
16560,27,2,841.41,United Kingdom,2,Loyal Customers
16561,6,2,511.12,United Kingdom,2,Loyal Customers
16563,54,1,1077.74,United Kingdom,3,At Risk
16565,364,1,173.7,United Kingdom,1,Low Engagement
16566,15,5,614.66,United Kingdom,2,Loyal Customers
16567,194,2,865.6,United Kingdom,1,Low Engagement
16569,3,1,124.2,United Kingdom,2,Loyal Customers
16570,15,10,3738.4,United Kingdom,0,Champions
16571,27,3,1421.69,United Kingdom,3,At Risk
16572,127,3,1009.6,United Kingdom,3,At Risk
16573,85,2,663.61,United Kingdom,1,Low Engagement
16574,71,1,451.44,United Kingdom,1,Low Engagement
16581,183,1,105.84,United Kingdom,1,Low Engagement
16582,113,1,313.62,United Kingdom,1,Low Engagement
16583,374,1,233.45,United Kingdom,1,Low Engagement
16584,80,2,936.08,United Kingdom,3,At Risk
16586,249,1,463.95,United Kingdom,1,Low Engagement
16587,232,1,225.15,United Kingdom,1,Low Engagement
16589,71,3,459.24,United Kingdom,3,At Risk
16591,69,1,213.5,United Kingdom,1,Low Engagement
16592,4,16,4113.68,United Kingdom,0,Champions
16593,51,3,330.03,United Kingdom,2,Loyal Customers
16594,75,1,181.09,United Kingdom,1,Low Engagement
16595,61,1,360.16,United Kingdom,1,Low Engagement
16596,16,2,250.15,United Kingdom,2,Loyal Customers
16597,4,1,90.04,United Kingdom,2,Loyal Customers
16598,286,1,145.04999999999998,United Kingdom,1,Low Engagement
16600,4,6,813.52,United Kingdom,2,Loyal Customers
16601,41,1,242.7,United Kingdom,1,Low Engagement
16602,36,1,528.08,United Kingdom,2,Loyal Customers
16603,75,2,482.47,United Kingdom,1,Low Engagement
16607,18,14,3347.71,United Kingdom,0,Champions
16609,15,7,5493.46,United Kingdom,0,Champions
16610,219,1,75.66,United Kingdom,1,Low Engagement
16611,186,1,129.49,United Kingdom,1,Low Engagement
16612,33,4,1187.66,United Kingdom,3,At Risk
16613,70,1,618.59,United Kingdom,1,Low Engagement
16614,183,1,506.19,United Kingdom,1,Low Engagement
16616,15,2,500.42,United Kingdom,2,Loyal Customers
16617,236,1,151.85,United Kingdom,1,Low Engagement
16618,31,5,2647.59,United Kingdom,3,At Risk
16619,264,1,226.21,United Kingdom,1,Low Engagement
16620,4,2,178.96,United Kingdom,2,Loyal Customers
16621,52,4,813.48,United Kingdom,3,At Risk
16623,246,1,129.45,United Kingdom,1,Low Engagement
16624,81,2,810.5699999999999,United Kingdom,3,At Risk
16625,275,1,333.08,United Kingdom,1,Low Engagement
16626,1,17,4413.1,United Kingdom,0,Champions
16627,79,1,322.8,United Kingdom,1,Low Engagement
16628,30,5,2188.05,United Kingdom,3,At Risk
16629,74,2,408.63,United Kingdom,1,Low Engagement
16633,17,6,2883.1,United Kingdom,0,Champions
16634,223,2,217.9,United Kingdom,1,Low Engagement
16637,32,4,1154.47,United Kingdom,3,At Risk
16638,23,10,1680.72,United Kingdom,0,Champions
16639,31,3,1257.51,United Kingdom,3,At Risk
16641,106,1,231.10000000000002,United Kingdom,1,Low Engagement
16642,5,2,688.33,United Kingdom,2,Loyal Customers
16643,246,1,487.51,United Kingdom,1,Low Engagement
16644,178,2,833.78,United Kingdom,1,Low Engagement
16647,170,2,214.06,United Kingdom,1,Low Engagement
16648,43,1,290.65999999999997,United Kingdom,1,Low Engagement
16650,72,1,518.42,United Kingdom,1,Low Engagement
16652,59,7,6773.97,United Kingdom,3,At Risk
16653,16,2,1212.66,United Kingdom,2,Loyal Customers
16654,141,4,601.27,United Kingdom,3,At Risk
16655,18,6,3789.52,United Kingdom,0,Champions
16656,22,15,8625.8,United Kingdom,0,Champions
16657,10,4,874.43,United Kingdom,2,Loyal Customers
16658,368,1,123.24,United Kingdom,1,Low Engagement
16659,189,1,39.12,United Kingdom,1,Low Engagement
16660,16,4,1267.6499999999999,United Kingdom,3,At Risk
16665,362,1,135.39999999999998,United Kingdom,1,Low Engagement
16666,19,1,118.98,United Kingdom,2,Loyal Customers
16667,68,2,567.1800000000001,United Kingdom,1,Low Engagement
16668,15,6,306.71999999999997,United Kingdom,2,Loyal Customers
16669,24,3,1348.88,United Kingdom,3,At Risk
16670,17,11,4095.9,United Kingdom,0,Champions
16671,28,3,1692.27,United Kingdom,3,At Risk
16672,2,20,8134.9400000000005,United Kingdom,0,Champions
16674,55,2,304.24,United Kingdom,1,Low Engagement
16676,34,4,1592.1200000000001,United Kingdom,3,At Risk
16678,3,12,3109.99,United Kingdom,0,Champions
16679,366,1,129.75,United Kingdom,1,Low Engagement
16680,43,1,183.7,United Kingdom,1,Low Engagement
16681,73,6,1770.34,United Kingdom,3,At Risk
16682,5,5,1028.0,United Kingdom,2,Loyal Customers
16684,4,28,66653.56,United Kingdom,0,Champions
16685,61,2,324.24,United Kingdom,1,Low Engagement
16686,47,7,2959.88,United Kingdom,3,At Risk
16688,1,4,1260.86,United Kingdom,2,Loyal Customers
16689,76,2,422.59999999999997,United Kingdom,1,Low Engagement
16690,72,2,225.57999999999998,United Kingdom,1,Low Engagement
16692,256,2,1276.0,United Kingdom,3,At Risk
16693,69,2,477.86,United Kingdom,1,Low Engagement
16696,135,4,657.9000000000001,United Kingdom,3,At Risk
16697,241,1,112.75,United Kingdom,1,Low Engagement
16698,227,2,1998.0,United Kingdom,3,At Risk
16700,9,13,5076.55,United Kingdom,0,Champions
16701,9,13,5398.3,United Kingdom,0,Champions
16705,1,20,14034.99,United Kingdom,0,Champions
16706,37,3,531.35,United Kingdom,2,Loyal Customers
16708,46,1,656.63,United Kingdom,2,Loyal Customers
16709,85,5,3029.87,United Kingdom,3,At Risk
16710,19,10,2467.99,United Kingdom,0,Champions
16711,3,5,1651.03,United Kingdom,0,Champions
16712,9,11,3611.31,United Kingdom,0,Champions
16713,19,15,6910.78,United Kingdom,0,Champions
16714,219,3,1129.06,United Kingdom,3,At Risk
16715,78,1,301.71999999999997,United Kingdom,1,Low Engagement
16716,267,2,901.2,United Kingdom,1,Low Engagement
16717,24,6,3843.08,United Kingdom,0,Champions
16718,369,1,606.0500000000001,United Kingdom,1,Low Engagement
16719,15,7,1770.22,United Kingdom,0,Champions
16720,26,1,152.95,United Kingdom,2,Loyal Customers
16721,262,1,292.47,United Kingdom,1,Low Engagement
16722,17,13,4730.81,United Kingdom,0,Champions
16723,91,2,576.4,United Kingdom,1,Low Engagement
16725,302,7,758.27,United Kingdom,3,At Risk
16726,26,5,1358.74,United Kingdom,3,At Risk
16727,364,1,256.32,United Kingdom,1,Low Engagement
16728,46,4,1048.28,United Kingdom,3,At Risk
16729,38,21,7205.33,United Kingdom,0,Champions
16730,52,3,743.11,United Kingdom,3,At Risk
16732,32,1,603.75,United Kingdom,2,Loyal Customers
16734,52,3,646.76,United Kingdom,3,At Risk
16735,79,5,2247.41,United Kingdom,3,At Risk
16737,53,1,417.59999999999997,United Kingdom,1,Low Engagement
16738,298,1,3.75,United Kingdom,1,Low Engagement
16739,177,1,323.0,United Kingdom,1,Low Engagement
16742,47,1,464.9,United Kingdom,1,Low Engagement
16743,29,7,2213.13,United Kingdom,3,At Risk
16744,11,7,1291.91,United Kingdom,0,Champions
16745,87,17,7180.7,United Kingdom,0,Champions
16746,5,18,6680.11,United Kingdom,0,Champions
16747,38,2,836.06,United Kingdom,3,At Risk
16748,18,5,1515.9,United Kingdom,3,At Risk
16750,45,5,623.93,United Kingdom,3,At Risk
16751,31,1,1764.72,United Kingdom,3,At Risk
16752,373,1,207.5,United Kingdom,1,Low Engagement
16753,58,1,223.92000000000002,United Kingdom,1,Low Engagement
16754,372,1,2002.4,United Kingdom,1,Low Engagement
16755,114,3,1475.43,United Kingdom,3,At Risk
16756,215,1,239.4,United Kingdom,1,Low Engagement
16757,319,1,106.83000000000001,United Kingdom,1,Low Engagement
16758,65,1,369.34000000000003,United Kingdom,1,Low Engagement
16759,8,3,789.79,United Kingdom,2,Loyal Customers
16761,97,1,316.62,United Kingdom,1,Low Engagement
16762,20,3,1207.24,United Kingdom,3,At Risk
16763,199,1,611.85,United Kingdom,1,Low Engagement
16764,4,13,2790.9500000000003,United Kingdom,0,Champions
16765,294,1,34.0,United Kingdom,1,Low Engagement
16766,273,2,1145.6,United Kingdom,1,Low Engagement
16767,31,11,5575.56,United Kingdom,0,Champions
16768,48,3,478.09000000000003,United Kingdom,3,At Risk
16769,260,1,361.54,United Kingdom,1,Low Engagement
16770,58,5,757.1,United Kingdom,3,At Risk
16771,33,5,2242.61,United Kingdom,3,At Risk
16773,57,1,171.59,United Kingdom,1,Low Engagement
16774,68,4,661.52,United Kingdom,3,At Risk
16775,10,11,1691.51,United Kingdom,0,Champions
16776,60,1,371.54,United Kingdom,1,Low Engagement
16777,80,2,222.62,United Kingdom,1,Low Engagement
16778,74,2,245.94,United Kingdom,1,Low Engagement
16779,2,22,10611.720000000001,United Kingdom,0,Champions
16780,100,2,422.24,United Kingdom,1,Low Engagement
16781,372,1,311.25,United Kingdom,1,Low Engagement
16782,10,13,2267.9500000000003,United Kingdom,0,Champions
16784,20,1,107.6,United Kingdom,2,Loyal Customers
16788,123,2,594.39,United Kingdom,1,Low Engagement
16789,8,1,80.8,United Kingdom,2,Loyal Customers
16790,4,6,1545.6200000000001,United Kingdom,0,Champions
16791,29,7,1705.78,United Kingdom,3,At Risk
16792,282,2,110.38000000000001,United Kingdom,1,Low Engagement
16793,57,1,243.84,United Kingdom,1,Low Engagement
16794,1,10,1196.5,United Kingdom,0,Champions
16795,365,1,414.88,United Kingdom,1,Low Engagement
16796,89,1,305.62,United Kingdom,1,Low Engagement
16800,11,1,1162.65,United Kingdom,2,Loyal Customers
16801,163,4,1594.23,United Kingdom,3,At Risk
16803,65,1,332.3,United Kingdom,1,Low Engagement
16804,23,3,536.99,United Kingdom,2,Loyal Customers
16805,174,2,460.59,United Kingdom,1,Low Engagement
16806,103,4,762.16,United Kingdom,3,At Risk
16807,143,3,1121.59,United Kingdom,3,At Risk
16808,99,2,288.42,United Kingdom,1,Low Engagement
16809,23,5,914.69,United Kingdom,3,At Risk
16810,192,1,309.54,United Kingdom,1,Low Engagement
16811,5,2,547.07,United Kingdom,2,Loyal Customers
16812,361,1,479.35,United Kingdom,1,Low Engagement
16813,8,10,1652.18,United Kingdom,0,Champions
16814,14,21,6416.7,United Kingdom,0,Champions
16816,103,4,417.06,United Kingdom,3,At Risk
16817,3,9,1604.75,United Kingdom,0,Champions
16818,11,11,3349.57,United Kingdom,0,Champions
16820,96,1,497.61,United Kingdom,1,Low Engagement
16823,227,1,358.38,United Kingdom,1,Low Engagement
16824,16,2,460.64,United Kingdom,2,Loyal Customers
16825,39,2,775.1800000000001,United Kingdom,3,At Risk
16826,51,1,341.7,United Kingdom,1,Low Engagement
16828,93,2,128.5,United Kingdom,1,Low Engagement
16829,157,1,197.22,United Kingdom,1,Low Engagement
16830,39,1,325.91,United Kingdom,2,Loyal Customers
16832,184,3,199.15,United Kingdom,1,Low Engagement
16833,1,4,1106.53,United Kingdom,2,Loyal Customers
16834,228,1,413.46,United Kingdom,1,Low Engagement
16835,128,2,180.85,United Kingdom,1,Low Engagement
16836,40,2,251.87,United Kingdom,2,Loyal Customers
16837,31,11,3170.98,United Kingdom,0,Champions
16838,197,2,588.85,United Kingdom,1,Low Engagement
16839,9,34,16594.35,United Kingdom,0,Champions
16841,37,6,1869.82,United Kingdom,3,At Risk
16842,101,3,1264.19,United Kingdom,3,At Risk
16843,43,16,10196.57,United Kingdom,0,Champions
16846,50,1,214.32,United Kingdom,1,Low Engagement
16847,43,1,193.44,United Kingdom,1,Low Engagement
16848,53,1,281.42,United Kingdom,1,Low Engagement
16849,187,1,124.57,United Kingdom,1,Low Engagement
16850,334,1,332.41,United Kingdom,1,Low Engagement
16851,4,3,342.45,United Kingdom,2,Loyal Customers
16852,10,2,144.91000000000003,United Kingdom,2,Loyal Customers
16855,24,2,328.4,United Kingdom,2,Loyal Customers
16856,15,1,35.400000000000006,United Kingdom,2,Loyal Customers
16858,369,1,375.69000000000005,United Kingdom,1,Low Engagement
16859,145,2,747.81,United Kingdom,1,Low Engagement
16861,60,2,173.76,United Kingdom,1,Low Engagement
16863,31,2,502.8,United Kingdom,2,Loyal Customers
16866,141,3,207.73999999999998,United Kingdom,1,Low Engagement
16869,23,4,817.12,United Kingdom,3,At Risk
16871,22,6,2812.34,United Kingdom,3,At Risk
16872,77,3,680.02,United Kingdom,3,At Risk
16873,5,6,7123.62,United Kingdom,0,Champions
16875,67,5,2095.53,United Kingdom,3,At Risk
16877,12,6,846.62,United Kingdom,3,At Risk
16878,84,1,13.3,United Kingdom,1,Low Engagement
16880,31,7,1491.43,United Kingdom,3,At Risk
16881,67,1,432.0,United Kingdom,1,Low Engagement
16882,67,3,705.12,United Kingdom,3,At Risk
16883,187,2,272.48,United Kingdom,1,Low Engagement
16884,38,2,429.84000000000003,United Kingdom,2,Loyal Customers
16885,15,3,450.41,United Kingdom,2,Loyal Customers
16887,35,1,192.32999999999998,United Kingdom,1,Low Engagement
16889,195,3,1578.67,United Kingdom,3,At Risk
16891,2,5,742.43,United Kingdom,2,Loyal Customers
16892,1,5,518.19,United Kingdom,2,Loyal Customers
16893,367,1,145.93,United Kingdom,1,Low Engagement
16895,65,1,202.27,United Kingdom,1,Low Engagement
16897,299,2,289.78,United Kingdom,1,Low Engagement
16898,26,3,501.03,United Kingdom,2,Loyal Customers
16899,8,6,1271.06,United Kingdom,0,Champions
16900,17,3,887.11,United Kingdom,2,Loyal Customers
16902,116,1,1706.88,United Kingdom,3,At Risk
16903,29,1,363.2,United Kingdom,2,Loyal Customers
16904,4,16,3653.75,United Kingdom,0,Champions
16905,5,7,3037.6,United Kingdom,0,Champions
16906,82,4,559.59,United Kingdom,3,At Risk
16907,29,5,928.76,United Kingdom,3,At Risk
16909,72,1,379.14,United Kingdom,1,Low Engagement
16910,4,8,1508.96,United Kingdom,0,Champions
16912,29,11,2555.58,United Kingdom,0,Champions
16913,290,1,113.44,United Kingdom,1,Low Engagement
16914,36,1,183.76,United Kingdom,1,Low Engagement
16915,9,6,621.6800000000001,United Kingdom,2,Loyal Customers
16916,24,2,562.41,United Kingdom,2,Loyal Customers
16917,277,1,391.52,United Kingdom,1,Low Engagement
16918,50,6,1068.82,United Kingdom,3,At Risk
16919,156,11,2592.25,United Kingdom,3,At Risk
16921,61,1,154.18,United Kingdom,1,Low Engagement
16923,12,19,7069.08,United Kingdom,0,Champions
16924,21,3,829.89,United Kingdom,2,Loyal Customers
16926,371,1,230.25,United Kingdom,1,Low Engagement
16927,116,3,543.05,United Kingdom,3,At Risk
16928,80,17,2814.7,United Kingdom,0,Champions
16929,4,7,1295.39,United Kingdom,0,Champions
16930,26,3,378.89,United Kingdom,2,Loyal Customers
16931,5,21,4554.87,United Kingdom,0,Champions
16932,53,1,150.23000000000002,United Kingdom,1,Low Engagement
16933,1,2,563.23,United Kingdom,2,Loyal Customers
16934,55,2,931.03,United Kingdom,3,At Risk
16936,26,1,261.9,United Kingdom,2,Loyal Customers
16938,9,4,2711.6800000000003,United Kingdom,0,Champions
16940,52,3,3049.88,United Kingdom,3,At Risk
16942,13,9,1904.99,United Kingdom,0,Champions
16943,212,3,816.73,United Kingdom,3,At Risk
16945,22,19,4345.5,United Kingdom,0,Champions
16947,236,1,406.48,United Kingdom,1,Low Engagement
16948,139,3,435.02,United Kingdom,1,Low Engagement
16949,4,6,1286.27,United Kingdom,0,Champions
16950,57,3,1178.56,United Kingdom,3,At Risk
16951,135,3,1277.75,United Kingdom,3,At Risk
16952,109,2,167.61,United Kingdom,1,Low Engagement
16953,30,1,20.8,United Kingdom,1,Low Engagement
16954,1,9,2085.08,United Kingdom,0,Champions
16955,185,4,518.67,United Kingdom,3,At Risk
16956,18,1,308.74,United Kingdom,2,Loyal Customers
16957,239,2,416.64,United Kingdom,1,Low Engagement
16959,87,1,117.35000000000001,United Kingdom,1,Low Engagement
16960,39,3,507.05,United Kingdom,2,Loyal Customers
16961,116,1,234.17,United Kingdom,1,Low Engagement
16963,187,1,110.55000000000001,United Kingdom,1,Low Engagement
16965,227,1,201.19,United Kingdom,1,Low Engagement
16966,8,7,2154.97,United Kingdom,0,Champions
16967,189,1,319.02,United Kingdom,1,Low Engagement
16968,4,2,439.43,United Kingdom,2,Loyal Customers
16969,39,3,650.41,United Kingdom,3,At Risk
16971,38,1,357.21,United Kingdom,2,Loyal Customers
16976,267,1,251.51999999999998,United Kingdom,1,Low Engagement
16978,78,1,344.33,United Kingdom,1,Low Engagement
16979,4,6,1852.0,United Kingdom,0,Champions
16980,255,2,1028.46,United Kingdom,1,Low Engagement
16982,61,1,384.06,United Kingdom,1,Low Engagement
16983,13,7,1905.87,United Kingdom,0,Champions
16984,88,2,4459.52,United Kingdom,3,At Risk
16985,17,10,5464.12,United Kingdom,0,Champions
16986,30,2,1873.2,United Kingdom,3,At Risk
16987,3,7,1616.8,United Kingdom,0,Champions
16988,5,1,126.12,United Kingdom,2,Loyal Customers
16989,7,6,1133.25,United Kingdom,0,Champions
16990,219,1,179.0,United Kingdom,1,Low Engagement
16992,11,5,1614.31,United Kingdom,3,At Risk
16996,30,6,1456.96,United Kingdom,3,At Risk
16997,288,3,702.0,United Kingdom,1,Low Engagement
16998,150,4,295.0,United Kingdom,1,Low Engagement
16999,23,2,484.82,United Kingdom,2,Loyal Customers
17001,1,11,3989.57,United Kingdom,0,Champions
17002,86,3,1493.73,United Kingdom,3,At Risk
17004,46,2,1312.1399999999999,United Kingdom,3,At Risk
17006,5,4,781.78,United Kingdom,2,Loyal Customers
17007,51,6,889.9300000000001,United Kingdom,3,At Risk
17010,18,1,195.36,United Kingdom,2,Loyal Customers
17011,30,1,270.9,United Kingdom,2,Loyal Customers
17014,8,3,583.4300000000001,United Kingdom,2,Loyal Customers
17015,29,3,1838.6100000000001,United Kingdom,3,At Risk
17017,3,20,8694.26,United Kingdom,0,Champions
17018,41,2,920.1,United Kingdom,3,At Risk
17019,11,4,1258.08,United Kingdom,2,Loyal Customers
17022,31,1,71.0,United Kingdom,1,Low Engagement
17024,45,3,95.85,United Kingdom,1,Low Engagement
17025,61,3,357.77,United Kingdom,1,Low Engagement
17026,185,2,154.82999999999998,United Kingdom,1,Low Engagement
17027,79,6,877.5600000000001,United Kingdom,3,At Risk
17029,111,2,716.0,United Kingdom,1,Low Engagement
17030,64,1,146.87,United Kingdom,1,Low Engagement
17031,12,2,380.35,United Kingdom,2,Loyal Customers
17033,86,3,1030.14,United Kingdom,3,At Risk
17034,16,3,745.52,United Kingdom,2,Loyal Customers
17035,246,2,433.53000000000003,United Kingdom,1,Low Engagement
17037,88,1,1267.32,United Kingdom,1,Low Engagement
17038,30,1,112.4,United Kingdom,2,Loyal Customers
17040,138,1,449.73,United Kingdom,1,Low Engagement
17041,27,3,1071.49,United Kingdom,3,At Risk
17042,3,5,1036.58,United Kingdom,2,Loyal Customers
17043,32,4,1735.18,United Kingdom,3,At Risk
17044,25,1,948.48,United Kingdom,2,Loyal Customers
17045,113,3,339.44,United Kingdom,1,Low Engagement
17046,157,1,642.02,United Kingdom,1,Low Engagement
17047,85,3,1100.9,United Kingdom,3,At Risk
17048,118,3,925.35,United Kingdom,3,At Risk
17049,3,9,5655.03,United Kingdom,0,Champions
17050,96,6,3185.64,United Kingdom,3,At Risk
17051,194,1,240.89000000000001,United Kingdom,1,Low Engagement
17052,28,1,399.09,United Kingdom,2,Loyal Customers
17053,131,1,498.48,United Kingdom,1,Low Engagement
17054,28,5,1356.33,United Kingdom,3,At Risk
17058,82,3,1179.89,United Kingdom,3,At Risk
17059,30,5,3080.39,United Kingdom,3,At Risk
17060,266,1,234.24,United Kingdom,1,Low Engagement
17061,74,11,5232.2300000000005,United Kingdom,0,Champions
17062,314,4,533.33,United Kingdom,1,Low Engagement
17063,21,7,1461.14,United Kingdom,3,At Risk
17064,59,3,855.45,United Kingdom,3,At Risk
17068,12,21,4552.14,United Kingdom,0,Champions
17069,28,9,2709.7000000000003,United Kingdom,0,Champions
17070,114,1,304.24,United Kingdom,1,Low Engagement
17071,28,9,2429.03,United Kingdom,0,Champions
17073,18,4,1446.09,United Kingdom,3,At Risk
17075,18,4,834.12,United Kingdom,2,Loyal Customers
17076,36,3,841.0799999999999,United Kingdom,3,At Risk
17078,36,2,378.2,United Kingdom,2,Loyal Customers
17079,78,1,118.80000000000001,United Kingdom,1,Low Engagement
17080,22,2,287.62,United Kingdom,2,Loyal Customers
17081,25,2,288.91,United Kingdom,2,Loyal Customers
17082,33,2,2003.85,United Kingdom,3,At Risk
17083,109,3,1405.78,United Kingdom,3,At Risk
17084,35,2,2747.9900000000002,United Kingdom,3,At Risk
17085,123,5,1562.4,United Kingdom,3,At Risk
17086,7,6,2050.08,United Kingdom,0,Champions
17088,28,4,1991.01,United Kingdom,3,At Risk
17090,4,7,1974.65,United Kingdom,0,Champions
17091,3,9,3827.76,United Kingdom,0,Champions
17092,50,4,1774.03,United Kingdom,3,At Risk
17094,322,1,302.0,United Kingdom,1,Low Engagement
17095,23,3,1324.16,United Kingdom,3,At Risk
17096,15,4,1022.13,United Kingdom,3,At Risk
17097,2,8,954.42,Spain,0,Champions
17100,18,2,971.74,United Kingdom,2,Loyal Customers
17101,10,4,1621.73,United Kingdom,3,At Risk
17102,262,1,25.5,United Kingdom,1,Low Engagement
17105,159,2,665.78,United Kingdom,1,Low Engagement
17107,33,6,10797.48,United Kingdom,0,Champions
17109,29,6,881.29,United Kingdom,3,At Risk
17110,165,1,163.29999999999998,United Kingdom,1,Low Engagement
17111,47,1,231.61,United Kingdom,1,Low Engagement
17114,6,8,801.12,United Kingdom,0,Champions
17115,8,3,837.5,United Kingdom,2,Loyal Customers
17117,288,1,116.19999999999999,United Kingdom,1,Low Engagement
17118,318,1,157.02,United Kingdom,1,Low Engagement
17119,3,2,606.91,United Kingdom,2,Loyal Customers
17120,233,1,307.46,United Kingdom,1,Low Engagement
17122,119,1,138.32,United Kingdom,1,Low Engagement
17123,162,1,345.29999999999995,United Kingdom,1,Low Engagement
17124,185,1,294.24,United Kingdom,1,Low Engagement
17125,50,1,230.5,United Kingdom,1,Low Engagement
17126,152,5,989.45,United Kingdom,3,At Risk
17128,335,1,157.09,United Kingdom,1,Low Engagement
17131,5,5,2463.17,United Kingdom,0,Champions
17133,16,7,4892.240000000001,United Kingdom,0,Champions
17134,107,2,413.2,United Kingdom,1,Low Engagement
17135,16,7,1139.73,United Kingdom,3,At Risk
17138,276,1,380.5,United Kingdom,1,Low Engagement
17139,16,12,10650.77,United Kingdom,0,Champions
17140,247,1,454.12,United Kingdom,1,Low Engagement
17142,239,1,579.0,United Kingdom,1,Low Engagement
17144,1,2,984.57,United Kingdom,2,Loyal Customers
17146,106,3,749.78,United Kingdom,3,At Risk
17147,23,4,1714.59,United Kingdom,3,At Risk
17148,52,1,124.88,United Kingdom,1,Low Engagement
17152,195,3,1689.5,United Kingdom,3,At Risk
17153,24,1,213.78,United Kingdom,2,Loyal Customers
17154,75,1,329.34,United Kingdom,1,Low Engagement
17155,18,2,251.70000000000002,United Kingdom,2,Loyal Customers
17157,8,2,319.0,United Kingdom,2,Loyal Customers
17158,32,3,1266.97,United Kingdom,3,At Risk
17159,22,3,1538.88,United Kingdom,3,At Risk
17160,31,6,3518.03,United Kingdom,3,At Risk
17162,29,10,1715.46,United Kingdom,0,Champions
17163,22,2,293.1,United Kingdom,2,Loyal Customers
17164,33,7,2467.35,United Kingdom,3,At Risk
17165,284,1,158.68,United Kingdom,1,Low Engagement
17166,39,2,206.34,United Kingdom,2,Loyal Customers
17169,58,2,835.78,United Kingdom,3,At Risk
17171,289,1,224.91,United Kingdom,1,Low Engagement
17172,79,1,317.76,United Kingdom,1,Low Engagement
17173,5,8,3766.6,United Kingdom,0,Champions
17174,218,1,59.9,United Kingdom,1,Low Engagement
17175,44,4,1443.69,United Kingdom,3,At Risk
17176,202,1,306.13,United Kingdom,1,Low Engagement
17179,178,3,711.79,United Kingdom,3,At Risk
17180,56,4,783.97,United Kingdom,3,At Risk
17181,57,2,239.92000000000002,United Kingdom,1,Low Engagement
17183,8,6,3347.31,United Kingdom,0,Champions
17186,47,2,144.0,United Kingdom,1,Low Engagement
17187,227,1,203.95,United Kingdom,1,Low Engagement
17188,11,7,2474.23,United Kingdom,0,Champions
17189,106,2,383.75,United Kingdom,1,Low Engagement
17190,59,2,444.74,United Kingdom,1,Low Engagement
17191,28,7,2093.68,United Kingdom,3,At Risk
17193,36,7,1699.3000000000002,United Kingdom,3,At Risk
17194,274,2,262.62,United Kingdom,1,Low Engagement
17197,30,1,1013.01,United Kingdom,2,Loyal Customers
17198,24,3,692.22,United Kingdom,2,Loyal Customers
17201,54,1,289.78,United Kingdom,1,Low Engagement
17203,36,6,3560.08,United Kingdom,3,At Risk
17204,175,4,1564.56,United Kingdom,3,At Risk
17205,54,1,384.08,United Kingdom,1,Low Engagement
17206,53,1,204.24,United Kingdom,1,Low Engagement
17211,27,8,2317.2200000000003,United Kingdom,0,Champions
17212,253,1,226.85,United Kingdom,1,Low Engagement
17213,40,7,2781.23,United Kingdom,3,At Risk
17214,60,6,1059.1200000000001,United Kingdom,3,At Risk
17217,234,1,113.5,United Kingdom,1,Low Engagement
17218,4,10,1951.97,United Kingdom,0,Champions
17219,32,1,114.23,United Kingdom,1,Low Engagement
17220,24,14,3187.55,United Kingdom,0,Champions
17221,7,2,334.48,United Kingdom,2,Loyal Customers
17222,65,1,328.65,United Kingdom,1,Low Engagement
17223,310,2,416.89,United Kingdom,1,Low Engagement
17226,309,1,393.49,United Kingdom,1,Low Engagement
17227,19,6,939.32,United Kingdom,3,At Risk
17228,16,8,1906.09,United Kingdom,0,Champions
17229,96,2,318.76,United Kingdom,1,Low Engagement
17230,264,8,3638.41,United Kingdom,3,At Risk
17231,12,10,3124.72,United Kingdom,0,Champions
17232,3,2,417.77,United Kingdom,2,Loyal Customers
17233,35,1,190.88,United Kingdom,1,Low Engagement
17234,183,1,149.89000000000001,United Kingdom,1,Low Engagement
17235,25,2,550.06,United Kingdom,2,Loyal Customers
17236,13,6,916.13,United Kingdom,3,At Risk
17237,11,2,314.69,United Kingdom,2,Loyal Customers
17238,3,17,3719.1,United Kingdom,0,Champions
17239,313,1,382.5,United Kingdom,1,Low Engagement
17242,108,2,1135.04,United Kingdom,3,At Risk
17243,1,26,8540.05,United Kingdom,0,Champions
17244,53,1,954.9,United Kingdom,1,Low Engagement
17245,205,1,171.45,United Kingdom,1,Low Engagement
17247,15,1,280.09000000000003,United Kingdom,2,Loyal Customers
17248,120,1,318.65,United Kingdom,1,Low Engagement
17250,4,2,381.97,United Kingdom,2,Loyal Customers
17251,363,1,269.83,United Kingdom,1,Low Engagement
17252,117,2,348.91,United Kingdom,1,Low Engagement
17253,18,1,178.26,United Kingdom,2,Loyal Customers
17254,5,2,271.19,United Kingdom,2,Loyal Customers
17255,41,2,291.48,United Kingdom,2,Loyal Customers
17256,107,2,240.0,United Kingdom,1,Low Engagement
17259,148,2,581.23,United Kingdom,1,Low Engagement
17262,52,5,1253.3600000000001,United Kingdom,3,At Risk
17263,208,1,63.440000000000005,United Kingdom,1,Low Engagement
17265,139,2,550.01,United Kingdom,1,Low Engagement
17266,2,3,296.58,United Kingdom,2,Loyal Customers
17267,127,2,317.2,United Kingdom,1,Low Engagement
17268,108,4,763.64,United Kingdom,3,At Risk
17272,42,4,2148.63,United Kingdom,3,At Risk
17274,35,1,107.82,United Kingdom,1,Low Engagement
17277,228,2,1065.3500000000001,United Kingdom,1,Low Engagement
17278,241,1,246.04,United Kingdom,1,Low Engagement
17279,58,1,187.82999999999998,United Kingdom,1,Low Engagement
17282,130,3,1685.46,United Kingdom,3,At Risk
17284,60,6,1647.48,United Kingdom,3,At Risk
17286,22,1,151.37,United Kingdom,2,Loyal Customers
17287,26,7,1049.06,United Kingdom,3,At Risk
17288,9,7,1417.63,United Kingdom,0,Champions
17289,32,3,931.02,United Kingdom,3,At Risk
17290,4,2,513.01,United Kingdom,2,Loyal Customers
17291,308,1,550.8000000000001,United Kingdom,1,Low Engagement
17293,8,9,1854.06,United Kingdom,0,Champions
17295,29,3,547.0,United Kingdom,2,Loyal Customers
17297,17,1,128.18,United Kingdom,2,Loyal Customers
17298,101,2,498.42,United Kingdom,1,Low Engagement
17299,12,4,656.61,United Kingdom,2,Loyal Customers
17301,21,1,163.24,United Kingdom,2,Loyal Customers
17302,15,5,1135.63,United Kingdom,3,At Risk
17303,361,1,250.04,United Kingdom,1,Low Engagement
17306,11,19,8631.31,United Kingdom,0,Champions
17309,95,1,82.75,United Kingdom,1,Low Engagement
17311,78,2,1384.85,United Kingdom,3,At Risk
17312,139,3,644.3,United Kingdom,3,At Risk
17313,31,1,2328.84,United Kingdom,3,At Risk
17314,25,8,2527.92,United Kingdom,0,Champions
17315,2,38,6281.23,United Kingdom,0,Champions
17317,46,3,2600.34,United Kingdom,3,At Risk
17320,100,3,1200.6200000000001,United Kingdom,3,At Risk
17321,8,2,657.16,United Kingdom,2,Loyal Customers
17323,15,7,906.52,United Kingdom,3,At Risk
17324,18,4,986.48,United Kingdom,3,At Risk
17325,280,1,96.8,United Kingdom,1,Low Engagement
17329,14,2,523.11,United Kingdom,2,Loyal Customers
17330,23,2,363.9,United Kingdom,2,Loyal Customers
17331,124,1,175.2,United Kingdom,1,Low Engagement
17333,86,1,494.25,United Kingdom,1,Low Engagement
17334,302,2,307.02,United Kingdom,1,Low Engagement
17337,151,4,1981.06,United Kingdom,3,At Risk
17338,17,8,6493.54,United Kingdom,0,Champions
17339,94,2,243.36,United Kingdom,1,Low Engagement
17340,30,11,12353.29,United Kingdom,0,Champions
17341,157,3,682.29,United Kingdom,3,At Risk
17343,355,1,193.64,United Kingdom,1,Low Engagement
17344,46,1,157.62,United Kingdom,1,Low Engagement
17345,15,4,519.6899999999999,United Kingdom,2,Loyal Customers
17346,4,15,2622.88,United Kingdom,0,Champions
17347,86,1,228.96,United Kingdom,1,Low Engagement
17348,15,5,1156.6,United Kingdom,3,At Risk
17349,179,1,98.25,United Kingdom,1,Low Engagement
17350,8,4,1281.32,United Kingdom,2,Loyal Customers
17351,36,3,587.15,United Kingdom,3,At Risk
17353,129,2,1740.0,United Kingdom,3,At Risk
17354,51,1,1393.06,United Kingdom,3,At Risk
17356,312,1,178.22,United Kingdom,1,Low Engagement
17357,24,2,384.39,United Kingdom,2,Loyal Customers
17358,303,2,360.81,United Kingdom,1,Low Engagement
17359,11,1,127.86,United Kingdom,2,Loyal Customers
17360,17,3,568.24,United Kingdom,2,Loyal Customers
17361,49,3,488.2,United Kingdom,3,At Risk
17362,239,2,312.23,United Kingdom,1,Low Engagement
17364,1,11,4462.68,United Kingdom,0,Champions
17365,13,8,4767.36,United Kingdom,0,Champions
17367,238,1,167.55,United Kingdom,1,Low Engagement
17368,23,8,1878.87,United Kingdom,0,Champions
17370,73,4,446.18,United Kingdom,3,At Risk
17371,17,3,418.4,United Kingdom,2,Loyal Customers
17372,41,8,1337.18,United Kingdom,3,At Risk
17373,40,4,646.92,United Kingdom,3,At Risk
17374,219,2,495.77,United Kingdom,1,Low Engagement
17375,199,3,400.1,United Kingdom,1,Low Engagement
17376,71,2,203.2,United Kingdom,1,Low Engagement
17377,24,20,4058.32,United Kingdom,0,Champions
17379,11,1,389.71999999999997,United Kingdom,2,Loyal Customers
17381,9,29,20275.61,United Kingdom,0,Champions
17382,65,1,65.4,United Kingdom,1,Low Engagement
17383,4,1,193.39000000000001,United Kingdom,2,Loyal Customers
17384,19,2,336.4,United Kingdom,2,Loyal Customers
17385,15,1,256.11,United Kingdom,2,Loyal Customers
17386,8,6,2686.42,United Kingdom,0,Champions
17387,20,2,746.81,United Kingdom,2,Loyal Customers
17388,78,4,1259.56,United Kingdom,3,At Risk
17389,1,34,31833.68,United Kingdom,0,Champions
17391,164,2,508.8,United Kingdom,1,Low Engagement
17392,307,2,417.27,United Kingdom,1,Low Engagement
17394,219,1,203.86999999999998,United Kingdom,1,Low Engagement
17396,39,8,7330.8,United Kingdom,0,Champions
17397,22,2,681.41,United Kingdom,2,Loyal Customers
17398,115,3,653.38,United Kingdom,3,At Risk
17400,126,5,2097.84,United Kingdom,3,At Risk
17402,5,13,2633.85,United Kingdom,0,Champions
17403,36,1,263.92,United Kingdom,2,Loyal Customers
17404,4,15,31906.82,Sweden,0,Champions
17405,1,3,1031.41,United Kingdom,2,Loyal Customers
17406,333,3,2184.42,United Kingdom,3,At Risk
17408,163,1,32.65,United Kingdom,1,Low Engagement
17409,185,2,771.85,United Kingdom,1,Low Engagement
17410,16,5,1214.72,United Kingdom,3,At Risk
17411,12,3,778.94,United Kingdom,2,Loyal Customers
17412,3,7,1258.06,United Kingdom,0,Champions
17414,44,2,778.0,United Kingdom,3,At Risk
17415,80,1,507.84,United Kingdom,1,Low Engagement
17416,30,7,6893.42,United Kingdom,0,Champions
17418,42,2,463.46000000000004,United Kingdom,2,Loyal Customers
17419,11,12,4226.57,United Kingdom,0,Champions
17420,50,3,598.83,United Kingdom,3,At Risk
17422,16,6,1979.37,United Kingdom,3,At Risk
17423,46,2,698.41,United Kingdom,3,At Risk
17425,19,2,759.17,United Kingdom,2,Loyal Customers
17426,8,6,5037.26,United Kingdom,0,Champions
17427,72,1,100.8,United Kingdom,1,Low Engagement
17428,1,28,17256.85,United Kingdom,0,Champions
17429,128,3,524.9200000000001,United Kingdom,1,Low Engagement
17430,33,2,265.76,United Kingdom,2,Loyal Customers
17431,313,1,403.3,United Kingdom,1,Low Engagement
17432,18,2,365.76,United Kingdom,2,Loyal Customers
17433,88,1,303.15999999999997,United Kingdom,1,Low Engagement
17434,2,7,2373.82,United Kingdom,0,Champions
17436,2,2,216.29999999999998,United Kingdom,2,Loyal Customers
17438,254,1,388.45000000000005,United Kingdom,1,Low Engagement
17440,157,3,186.42000000000002,United Kingdom,1,Low Engagement
17442,37,6,2248.56,United Kingdom,3,At Risk
17443,220,1,534.24,Canada,1,Low Engagement
17444,148,3,2940.04,Canada,3,At Risk
17446,177,2,120.9,United Kingdom,1,Low Engagement
17447,40,2,541.53,United Kingdom,2,Loyal Customers
17449,2,7,2519.21,United Kingdom,0,Champions
17450,8,46,194390.79,United Kingdom,0,Champions
17451,1,7,1721.4,United Kingdom,0,Champions
17453,18,2,486.71999999999997,United Kingdom,2,Loyal Customers
17454,192,4,517.53,United Kingdom,3,At Risk
17455,204,1,131.7,United Kingdom,1,Low Engagement
17456,365,1,249.86,United Kingdom,1,Low Engagement
17457,127,5,1737.7,United Kingdom,3,At Risk
17458,15,1,316.5,United Kingdom,2,Loyal Customers
17459,43,2,657.3,United Kingdom,2,Loyal Customers
17460,94,6,622.4300000000001,United Kingdom,3,At Risk
17461,23,3,735.82,United Kingdom,2,Loyal Customers
17462,60,2,675.69,United Kingdom,3,At Risk
17463,16,5,1875.86,United Kingdom,3,At Risk
17464,158,1,289.96000000000004,United Kingdom,1,Low Engagement
17466,10,2,763.28,United Kingdom,2,Loyal Customers
17468,10,2,137.0,United Kingdom,2,Loyal Customers
17469,16,5,1870.97,United Kingdom,3,At Risk
17470,45,5,1125.07,United Kingdom,3,At Risk
17472,191,3,697.54,United Kingdom,3,At Risk
17475,79,1,194.37,United Kingdom,1,Low Engagement
17480,78,1,511.82,United Kingdom,1,Low Engagement
17481,4,4,1255.59,United Kingdom,2,Loyal Customers
17483,65,3,414.04,United Kingdom,3,At Risk
17486,261,1,396.87,United Kingdom,1,Low Engagement
17489,59,2,376.64,United Kingdom,1,Low Engagement
17490,1,7,2092.32,United Kingdom,0,Champions
17491,1,10,3558.87,United Kingdom,0,Champions
17492,248,1,374.57,United Kingdom,1,Low Engagement
17495,8,2,497.56,United Kingdom,2,Loyal Customers
17496,359,1,271.05,United Kingdom,1,Low Engagement
17498,76,1,272.22,United Kingdom,1,Low Engagement
17499,290,1,622.88,United Kingdom,1,Low Engagement
17500,17,3,1138.0,United Kingdom,2,Loyal Customers
17501,221,2,288.6,United Kingdom,1,Low Engagement
17502,9,4,689.1,United Kingdom,2,Loyal Customers
17503,3,2,558.96,United Kingdom,2,Loyal Customers
17504,206,9,2997.0299999999997,United Kingdom,3,At Risk
17505,162,2,1145.84,United Kingdom,3,At Risk
17506,76,1,302.2,United Kingdom,1,Low Engagement
17507,262,2,605.58,United Kingdom,1,Low Engagement
17508,281,1,387.31,Greece,1,Low Engagement
17509,58,8,6083.64,United Kingdom,3,At Risk
17510,25,1,308.48,United Kingdom,2,Loyal Customers
17511,3,31,91062.38,United Kingdom,0,Champions
17512,29,10,2924.9900000000002,United Kingdom,0,Champions
17513,72,1,513.2,United Kingdom,1,Low Engagement
17514,128,1,208.65,United Kingdom,1,Low Engagement
17515,31,4,639.02,United Kingdom,3,At Risk
17516,15,5,764.88,United Kingdom,2,Loyal Customers
17517,309,1,153.94,United Kingdom,1,Low Engagement
17519,17,6,1844.02,United Kingdom,3,At Risk
17520,54,1,546.81,United Kingdom,1,Low Engagement
17521,30,3,723.2099999999999,United Kingdom,3,At Risk
17522,2,5,1070.71,United Kingdom,0,Champions
17523,11,4,652.74,United Kingdom,2,Loyal Customers
17524,361,1,145.0,United Kingdom,1,Low Engagement
17525,360,1,422.70000000000005,United Kingdom,1,Low Engagement
17526,5,4,1195.8999999999999,United Kingdom,2,Loyal Customers
17527,54,4,939.37,United Kingdom,3,At Risk
17528,1,8,3628.5,United Kingdom,0,Champions
17530,1,10,2367.12,United Kingdom,0,Champions
17531,190,1,296.7,United Kingdom,1,Low Engagement
17534,54,1,223.36,United Kingdom,1,Low Engagement
17535,280,1,164.4,United Kingdom,1,Low Engagement
17536,177,1,76.5,United Kingdom,1,Low Engagement
17537,30,2,887.67,United Kingdom,2,Loyal Customers
17538,26,1,98.42,United Kingdom,2,Loyal Customers
17540,25,2,578.9,United Kingdom,2,Loyal Customers
17542,270,1,170.75,United Kingdom,1,Low Engagement
17545,43,3,642.32,United Kingdom,3,At Risk
17548,234,1,103.3,United Kingdom,1,Low Engagement
17549,24,2,148.86,United Kingdom,2,Loyal Customers
17550,197,3,267.16,United Kingdom,1,Low Engagement
17551,359,1,290.34,United Kingdom,1,Low Engagement
17552,60,4,930.41,United Kingdom,3,At Risk
17553,130,1,1487.6,United Kingdom,1,Low Engagement
17554,1,5,1952.45,United Kingdom,0,Champions
17555,20,2,480.31,United Kingdom,2,Loyal Customers
17556,206,1,157.9,United Kingdom,1,Low Engagement
17557,14,3,541.46,United Kingdom,2,Loyal Customers
17560,95,4,854.95,United Kingdom,3,At Risk
17561,19,1,165.12,United Kingdom,2,Loyal Customers
17562,14,7,1122.38,United Kingdom,3,At Risk
17564,24,3,454.01,United Kingdom,2,Loyal Customers
17566,8,2,869.77,United Kingdom,2,Loyal Customers
17567,7,8,4331.48,United Kingdom,0,Champions
17569,332,1,344.14,United Kingdom,1,Low Engagement
17571,50,4,1425.67,United Kingdom,3,At Risk
17572,71,4,226.75000000000003,United Kingdom,1,Low Engagement
17573,29,3,380.6,United Kingdom,2,Loyal Customers
17574,243,1,185.65,United Kingdom,1,Low Engagement
17576,8,19,3564.83,United Kingdom,0,Champions
17578,218,1,143.45999999999998,United Kingdom,1,Low Engagement
17579,5,3,448.90000000000003,United Kingdom,2,Loyal Customers
17580,253,3,215.72,United Kingdom,1,Low Engagement
17581,1,25,11025.24,United Kingdom,0,Champions
17582,236,1,175.27,United Kingdom,1,Low Engagement
17584,7,2,1242.3,United Kingdom,2,Loyal Customers
17585,109,4,1116.68,United Kingdom,3,At Risk
17588,100,3,1240.2,United Kingdom,3,At Risk
17589,60,4,2404.17,United Kingdom,3,At Risk
17590,2,3,1468.02,United Kingdom,2,Loyal Customers
17591,73,7,2203.67,United Kingdom,3,At Risk
17593,4,5,3923.86,United Kingdom,0,Champions
17594,85,2,993.18,United Kingdom,3,At Risk
17595,12,2,386.69,United Kingdom,2,Loyal Customers
17596,23,7,2806.69,United Kingdom,0,Champions
17597,214,1,2044.3700000000001,United Kingdom,3,At Risk
17600,18,1,161.67000000000002,United Kingdom,2,Loyal Customers
17601,239,1,116.00999999999999,United Kingdom,1,Low Engagement
17602,2,6,5054.42,United Kingdom,0,Champions
17603,78,1,394.72,United Kingdom,1,Low Engagement
17604,217,2,309.36,United Kingdom,1,Low Engagement
17608,33,2,191.99,United Kingdom,2,Loyal Customers
17609,41,5,1105.78,United Kingdom,3,At Risk
17611,7,15,3961.12,United Kingdom,0,Champions
17612,53,6,2048.45,United Kingdom,3,At Risk
17613,23,14,4544.55,United Kingdom,0,Champions
17614,57,1,386.32,United Kingdom,1,Low Engagement
17615,130,3,329.6,United Kingdom,1,Low Engagement
17616,174,3,571.1999999999999,United Kingdom,1,Low Engagement
17618,6,3,930.28,United Kingdom,2,Loyal Customers
17619,312,1,214.37,United Kingdom,1,Low Engagement
17620,60,1,81.44,United Kingdom,1,Low Engagement
17621,21,3,1379.9,United Kingdom,3,At Risk
17623,33,1,527.0500000000001,United Kingdom,2,Loyal Customers
17624,15,2,843.48,United Kingdom,2,Loyal Customers
17625,18,4,2020.4,United Kingdom,3,At Risk
17628,81,1,75.75,United Kingdom,1,Low Engagement
17629,6,8,1814.12,United Kingdom,0,Champions
17630,170,2,503.59999999999997,United Kingdom,1,Low Engagement
17631,2,3,528.33,United Kingdom,2,Loyal Customers
17633,31,4,1324.84,United Kingdom,3,At Risk
17634,36,9,2358.59,United Kingdom,3,At Risk
17636,19,1,285.56,United Kingdom,2,Loyal Customers
17637,31,2,547.0600000000001,United Kingdom,2,Loyal Customers
17639,276,1,108.5,United Kingdom,1,Low Engagement
17640,87,1,621.66,United Kingdom,1,Low Engagement
17642,120,2,712.29,United Kingdom,1,Low Engagement
17643,373,1,101.55,United Kingdom,1,Low Engagement
17644,1,11,2895.64,United Kingdom,0,Champions
17646,219,3,1008.39,United Kingdom,3,At Risk
17647,65,1,133.06,United Kingdom,1,Low Engagement
17648,61,4,1797.5,United Kingdom,3,At Risk
17649,138,1,868.49,United Kingdom,1,Low Engagement
17650,21,1,166.08,United Kingdom,2,Loyal Customers
17651,12,10,3945.0,United Kingdom,0,Champions
17652,25,12,4867.72,United Kingdom,0,Champions
17653,37,4,1207.56,United Kingdom,3,At Risk
17654,277,1,117.55,United Kingdom,1,Low Engagement
17655,11,7,2638.94,United Kingdom,0,Champions
17656,73,5,1674.69,United Kingdom,3,At Risk
17658,26,2,595.42,United Kingdom,2,Loyal Customers
17659,17,12,2999.46,United Kingdom,0,Champions
17660,141,1,178.75,United Kingdom,1,Low Engagement
17663,26,7,1802.91,United Kingdom,3,At Risk
17664,19,2,604.64,United Kingdom,2,Loyal Customers
17666,4,2,728.16,United Kingdom,2,Loyal Customers
17667,66,5,2055.51,United Kingdom,3,At Risk
17668,1,2,347.75,United Kingdom,2,Loyal Customers
17669,43,7,3406.7200000000003,United Kingdom,3,At Risk
17670,228,1,205.7,United Kingdom,1,Low Engagement
17671,16,4,1572.71,United Kingdom,3,At Risk
17672,50,2,3178.17,United Kingdom,3,At Risk
17673,2,6,1594.97,United Kingdom,0,Champions
17674,74,2,551.04,United Kingdom,1,Low Engagement
17675,1,31,20374.28,United Kingdom,0,Champions
17676,4,6,1371.18,United Kingdom,0,Champions
17677,2,30,16345.38,United Kingdom,0,Champions
17678,264,1,298.11,United Kingdom,1,Low Engagement
17679,53,2,1992.1100000000001,United Kingdom,3,At Risk
17680,24,1,184.4,United Kingdom,2,Loyal Customers
17682,10,6,2474.33,United Kingdom,0,Champions
17684,44,1,239.41,United Kingdom,1,Low Engagement
17685,17,7,3155.83,United Kingdom,0,Champions
17686,7,7,5739.46,United Kingdom,0,Champions
17690,30,15,4726.8,United Kingdom,0,Champions
17691,358,2,290.40000000000003,United Kingdom,1,Low Engagement
17692,127,4,740.9399999999999,United Kingdom,3,At Risk
17693,137,1,200.47,United Kingdom,1,Low Engagement
17694,142,1,283.12,United Kingdom,1,Low Engagement
17695,132,2,765.34,United Kingdom,1,Low Engagement
17696,38,8,2285.71,United Kingdom,3,At Risk
17697,236,1,338.95,United Kingdom,1,Low Engagement
17698,261,1,154.95,United Kingdom,1,Low Engagement
17700,17,4,2534.64,United Kingdom,3,At Risk
17701,253,1,417.95,United Kingdom,1,Low Engagement
17702,30,4,1824.37,United Kingdom,3,At Risk
17703,35,3,798.74,United Kingdom,3,At Risk
17704,169,2,885.19,United Kingdom,1,Low Engagement
17705,3,9,1823.52,United Kingdom,0,Champions
17706,4,17,10504.49,United Kingdom,0,Champions
17707,185,2,152.4,United Kingdom,1,Low Engagement
17708,188,2,263.33,United Kingdom,1,Low Engagement
17709,170,1,137.45,United Kingdom,1,Low Engagement
17711,11,2,385.1,United Kingdom,2,Loyal Customers
17712,45,1,522.91,United Kingdom,1,Low Engagement
17714,321,1,153.0,United Kingdom,1,Low Engagement
17715,201,1,326.4,United Kingdom,1,Low Engagement
17716,23,11,5655.99,United Kingdom,0,Champions
17718,232,1,139.35,United Kingdom,1,Low Engagement
17719,38,15,5396.04,United Kingdom,0,Champions
17720,26,4,1195.94,United Kingdom,3,At Risk
17722,96,4,2424.04,United Kingdom,3,At Risk
17723,127,6,3276.4000000000005,United Kingdom,3,At Risk
17724,71,3,1033.0,United Kingdom,3,At Risk
17725,16,11,3439.08,United Kingdom,0,Champions
17727,15,1,1060.25,United Kingdom,2,Loyal Customers
17728,4,3,2876.01,United Kingdom,0,Champions
17730,3,13,5298.4800000000005,United Kingdom,0,Champions
17731,79,4,1240.11,United Kingdom,3,At Risk
17732,373,1,303.97,United Kingdom,1,Low Engagement
17733,39,2,692.19,United Kingdom,2,Loyal Customers
17734,54,3,700.63,United Kingdom,3,At Risk
17735,2,19,13110.02,United Kingdom,0,Champions
17736,9,3,377.44,United Kingdom,2,Loyal Customers
17737,9,2,168.24,United Kingdom,2,Loyal Customers
17738,19,4,1879.05,United Kingdom,3,At Risk
17739,12,7,2791.35,United Kingdom,0,Champions
17742,113,2,355.11,United Kingdom,1,Low Engagement
17744,4,6,2322.4,United Kingdom,0,Champions
17746,240,1,110.25,United Kingdom,1,Low Engagement
17747,113,1,71.4,United Kingdom,1,Low Engagement
17749,178,2,674.52,United Kingdom,1,Low Engagement
17750,5,9,1710.45,United Kingdom,0,Champions
17752,359,1,80.64,United Kingdom,1,Low Engagement
17754,1,5,1664.65,United Kingdom,0,Champions
17757,1,30,5593.39,United Kingdom,0,Champions
17758,19,8,3408.2000000000003,United Kingdom,0,Champions
17759,17,3,819.96,United Kingdom,2,Loyal Customers
17760,22,2,287.59,United Kingdom,2,Loyal Customers
17761,33,1,712.78,United Kingdom,2,Loyal Customers
17763,263,1,15.0,United Kingdom,1,Low Engagement
17764,51,2,772.55,United Kingdom,3,At Risk
17765,159,3,367.63,United Kingdom,1,Low Engagement
17767,15,1,271.2,United Kingdom,2,Loyal Customers
17768,8,3,2081.9,United Kingdom,2,Loyal Customers
17769,13,10,3957.43,United Kingdom,0,Champions
17770,199,5,1143.27,United Kingdom,3,At Risk
17771,57,2,245.81,United Kingdom,1,Low Engagement
17772,11,2,173.45,United Kingdom,2,Loyal Customers
17774,97,4,1213.73,United Kingdom,3,At Risk
17775,255,1,56.4,United Kingdom,1,Low Engagement
17777,25,3,647.56,United Kingdom,2,Loyal Customers
17779,21,3,650.32,United Kingdom,2,Loyal Customers
17781,159,2,188.02,United Kingdom,1,Low Engagement
17783,72,2,283.47,United Kingdom,1,Low Engagement
17785,53,1,131.94,United Kingdom,1,Low Engagement
17786,85,2,266.85,United Kingdom,1,Low Engagement
17787,153,4,1817.54,United Kingdom,3,At Risk
17788,74,2,1117.9,United Kingdom,3,At Risk
17789,281,1,225.9,United Kingdom,1,Low Engagement
17790,27,14,1964.3,United Kingdom,0,Champions
17791,30,1,106.1,United Kingdom,1,Low Engagement
17793,25,1,300.34,United Kingdom,2,Loyal Customers
17795,180,2,342.83,United Kingdom,1,Low Engagement
17796,40,4,690.0,United Kingdom,3,At Risk
17797,22,3,780.43,United Kingdom,2,Loyal Customers
17799,22,10,3039.17,United Kingdom,0,Champions
17800,37,9,1187.21,United Kingdom,3,At Risk
17802,82,3,1285.04,United Kingdom,3,At Risk
17805,74,1,512.31,United Kingdom,1,Low Engagement
17806,11,1,546.04,United Kingdom,2,Loyal Customers
17809,16,12,5411.91,United Kingdom,0,Champions
17811,4,39,7761.82,United Kingdom,0,Champions
17812,13,4,699.81,United Kingdom,2,Loyal Customers
17813,14,5,1698.07,United Kingdom,3,At Risk
17816,37,4,36.56,United Kingdom,1,Low Engagement
17817,4,3,387.68,United Kingdom,2,Loyal Customers
17819,72,7,3704.87,United Kingdom,3,At Risk
17824,51,1,298.4,United Kingdom,1,Low Engagement
17827,5,5,1987.33,United Kingdom,0,Champions
17828,23,4,1820.09,Malta,3,At Risk
17829,299,1,889.24,United Arab Emirates,1,Low Engagement
17830,2,3,398.7,United Kingdom,2,Loyal Customers
17831,33,1,35.400000000000006,United Kingdom,1,Low Engagement
17832,50,1,155.37,United Kingdom,1,Low Engagement
17835,3,3,342.24,United Kingdom,2,Loyal Customers
17836,47,1,110.21000000000001,United Kingdom,1,Low Engagement
17837,42,8,1541.23,United Kingdom,3,At Risk
17838,27,5,2720.8,United Kingdom,3,At Risk
17839,42,1,318.15,United Kingdom,1,Low Engagement
17841,2,124,40519.84,United Kingdom,0,Champions
17843,303,1,205.48,United Kingdom,1,Low Engagement
17844,107,1,51.559999999999995,Canada,1,Low Engagement
17846,85,1,2033.1,United Kingdom,3,At Risk
17848,81,9,901.1999999999999,United Kingdom,3,At Risk
17849,218,4,605.8000000000001,United Kingdom,3,At Risk
17850,372,34,5391.21,United Kingdom,0,Champions
17852,12,2,114.34,United Kingdom,2,Loyal Customers
17854,185,2,311.26,United Kingdom,1,Low Engagement
17855,373,1,208.97,United Kingdom,1,Low Engagement
17856,2,4,1418.03,United Kingdom,2,Loyal Customers
17857,4,23,26879.04,United Kingdom,0,Champions
17858,6,12,5140.66,United Kingdom,0,Champions
17859,305,1,141.92000000000002,United Kingdom,1,Low Engagement
17860,369,1,226.45000000000002,United Kingdom,1,Low Engagement
17861,3,8,2097.88,United Kingdom,0,Champions
17862,324,1,330.9,United Kingdom,1,Low Engagement
17863,59,6,3160.0,United Kingdom,3,At Risk
17864,13,3,554.85,United Kingdom,2,Loyal Customers
17865,31,20,10526.32,United Kingdom,0,Champions
17866,143,1,329.65,United Kingdom,1,Low Engagement
17867,30,6,1157.8700000000001,United Kingdom,3,At Risk
17869,107,5,428.18,United Kingdom,3,At Risk
17870,2,12,1865.89,United Kingdom,0,Champions
17871,205,1,155.9,United Kingdom,1,Low Engagement
17873,80,5,1848.96,United Kingdom,3,At Risk
17874,185,6,683.46,United Kingdom,3,At Risk
17877,170,1,237.61,United Kingdom,1,Low Engagement
17878,44,1,379.45,United Kingdom,1,Low Engagement
17879,174,1,178.51999999999998,United Kingdom,1,Low Engagement
17880,365,1,458.92,United Kingdom,1,Low Engagement
17881,304,1,133.35000000000002,United Kingdom,1,Low Engagement
17883,3,4,664.34,United Kingdom,2,Loyal Customers
17884,4,4,695.0699999999999,United Kingdom,2,Loyal Customers
17885,12,1,156.34,United Kingdom,2,Loyal Customers
17886,32,3,869.28,United Kingdom,3,At Risk
17887,129,1,111.35,United Kingdom,1,Low Engagement
17888,21,8,716.0,United Kingdom,3,At Risk
17889,212,2,201.37,United Kingdom,1,Low Engagement
17890,323,2,586.89,United Kingdom,1,Low Engagement
17891,162,1,203.85999999999999,United Kingdom,1,Low Engagement
17892,56,3,244.1,United Kingdom,1,Low Engagement
17893,225,1,107.21,United Kingdom,1,Low Engagement
17894,72,8,1118.96,United Kingdom,3,At Risk
17895,44,1,95.45,United Kingdom,1,Low Engagement
17896,23,1,256.32,United Kingdom,2,Loyal Customers
17897,173,3,541.8100000000001,United Kingdom,1,Low Engagement
17898,85,2,152.06,United Kingdom,1,Low Engagement
17899,159,1,154.55,United Kingdom,1,Low Engagement
17900,190,2,112.19999999999999,United Kingdom,1,Low Engagement
17901,29,1,110.38,United Kingdom,2,Loyal Customers
17904,21,1,181.07,United Kingdom,2,Loyal Customers
17905,71,4,798.99,United Kingdom,3,At Risk
17906,247,1,72.9,United Kingdom,1,Low Engagement
17908,374,1,232.03,United Kingdom,1,Low Engagement
17911,9,1,366.23,United Kingdom,2,Loyal Customers
17912,310,5,310.06,United Kingdom,1,Low Engagement
17913,59,2,408.65,United Kingdom,1,Low Engagement
17914,4,1,329.36,United Kingdom,2,Loyal Customers
17917,45,3,335.03,United Kingdom,2,Loyal Customers
17919,88,1,1304.04,United Kingdom,3,At Risk
17920,4,17,4119.5,United Kingdom,0,Champions
17921,64,4,820.23,United Kingdom,3,At Risk
17923,282,1,207.50000000000003,United Kingdom,1,Low Engagement
17924,12,7,2962.5,United Kingdom,0,Champions
17925,373,1,244.08,United Kingdom,1,Low Engagement
17926,133,2,397.29,United Kingdom,1,Low Engagement
17928,45,2,212.54,United Kingdom,1,Low Engagement
17929,11,4,843.0,United Kingdom,2,Loyal Customers
17930,36,5,1740.48,United Kingdom,3,At Risk
17931,134,2,408.36,United Kingdom,1,Low Engagement
17932,29,3,1331.57,United Kingdom,3,At Risk
17934,52,2,704.25,United Kingdom,3,At Risk
17935,138,2,145.79,United Kingdom,1,Low Engagement
17936,5,1,380.13,United Kingdom,2,Loyal Customers
17937,9,7,4301.22,United Kingdom,0,Champions
17939,160,1,99.14,United Kingdom,1,Low Engagement
17940,49,10,4020.04,United Kingdom,0,Champions
17941,131,1,304.56,United Kingdom,1,Low Engagement
17942,8,1,77.50000000000001,United Kingdom,2,Loyal Customers
17946,233,2,149.57999999999998,United Kingdom,1,Low Engagement
17947,37,1,176.68,United Kingdom,1,Low Engagement
17948,147,1,358.56000000000006,United Kingdom,1,Low Engagement
17949,1,45,58510.48,United Kingdom,0,Champions
17950,72,3,482.2,United Kingdom,3,At Risk
17951,40,3,1008.5400000000001,United Kingdom,3,At Risk
17954,5,12,2314.13,United Kingdom,0,Champions
17955,199,4,557.3,United Kingdom,3,At Risk
17956,249,1,12.75,United Kingdom,1,Low Engagement
17957,66,1,111.68,United Kingdom,1,Low Engagement
17958,117,1,508.4599999999999,United Kingdom,1,Low Engagement
17960,171,1,73.78,United Kingdom,1,Low Engagement
17961,21,39,1296.44,United Kingdom,0,Champions
17962,142,1,102.41,United Kingdom,1,Low Engagement
17964,32,2,463.21,United Kingdom,2,Loyal Customers
17965,38,14,2599.19,United Kingdom,0,Champions
17966,38,5,1098.43,United Kingdom,3,At Risk
17967,372,1,112.27,United Kingdom,1,Low Engagement
17968,374,1,265.1,United Kingdom,1,Low Engagement
17969,166,2,228.2,United Kingdom,1,Low Engagement
17970,211,1,562.79,United Kingdom,1,Low Engagement
17972,242,1,135.19,United Kingdom,1,Low Engagement
17973,52,1,337.04,United Kingdom,1,Low Engagement
17974,25,3,703.99,United Kingdom,2,Loyal Customers
17975,15,13,4483.26,United Kingdom,0,Champions
17976,372,1,321.79,United Kingdom,1,Low Engagement
17977,29,1,288.14,United Kingdom,2,Loyal Customers
17978,365,1,300.91999999999996,United Kingdom,1,Low Engagement
17979,36,4,732.41,United Kingdom,3,At Risk
17980,166,3,811.45,United Kingdom,3,At Risk
17984,145,1,152.68,United Kingdom,1,Low Engagement
17985,22,1,631.35,United Kingdom,2,Loyal Customers
17986,56,1,20.8,United Kingdom,1,Low Engagement
17987,185,1,198.57,United Kingdom,1,Low Engagement
17988,12,7,201.12,United Kingdom,2,Loyal Customers
17990,237,3,630.84,United Kingdom,1,Low Engagement
17991,225,2,93.35,United Kingdom,1,Low Engagement
17994,122,4,674.89,United Kingdom,3,At Risk
17995,282,1,76.1,United Kingdom,1,Low Engagement
17997,74,8,1962.46,United Kingdom,3,At Risk
17999,37,2,380.39,United Kingdom,2,Loyal Customers
18001,12,2,415.13,United Kingdom,2,Loyal Customers
18004,362,1,157.92,United Kingdom,1,Low Engagement
18005,4,2,226.47,United Kingdom,2,Loyal Customers
18006,23,1,444.68,United Kingdom,2,Loyal Customers
18008,70,9,2116.19,United Kingdom,3,At Risk
18009,235,1,247.39,United Kingdom,1,Low Engagement
18010,257,1,174.8,United Kingdom,1,Low Engagement
18011,373,1,102.78999999999999,United Kingdom,1,Low Engagement
18013,155,2,187.29,United Kingdom,1,Low Engagement
18014,28,1,162.22,United Kingdom,2,Loyal Customers
18015,4,1,120.03,United Kingdom,2,Loyal Customers
18016,32,5,1477.66,United Kingdom,3,At Risk
18017,81,3,523.0,United Kingdom,3,At Risk
18018,108,2,122.14,United Kingdom,1,Low Engagement
18019,52,1,38.45,United Kingdom,1,Low Engagement
18022,36,1,612.72,United Kingdom,2,Loyal Customers
18024,153,2,389.78,United Kingdom,1,Low Engagement
18027,99,1,115.31,United Kingdom,1,Low Engagement
18030,4,2,230.64999999999998,United Kingdom,2,Loyal Customers
18032,334,1,73.5,United Kingdom,1,Low Engagement
18033,65,1,93.82000000000001,United Kingdom,1,Low Engagement
18034,22,2,418.68,United Kingdom,2,Loyal Customers
18035,36,3,713.89,United Kingdom,3,At Risk
18036,32,3,403.12,United Kingdom,2,Loyal Customers
18037,154,6,70.02,United Kingdom,1,Low Engagement
18040,19,2,357.20000000000005,United Kingdom,2,Loyal Customers
18041,12,21,4097.37,United Kingdom,0,Champions
18042,54,1,165.04999999999998,United Kingdom,1,Low Engagement
18043,25,3,529.29,United Kingdom,2,Loyal Customers
18044,4,10,2088.6,United Kingdom,0,Champions
18045,45,1,178.34,United Kingdom,1,Low Engagement
18048,203,2,172.29000000000002,United Kingdom,1,Low Engagement
18050,359,1,74.4,United Kingdom,1,Low Engagement
18053,71,1,300.02,United Kingdom,1,Low Engagement
18055,7,10,6761.34,United Kingdom,0,Champions
18056,288,1,363.65,United Kingdom,1,Low Engagement
18058,10,1,170.16,United Kingdom,2,Loyal Customers
18059,23,3,306.46,United Kingdom,2,Loyal Customers
18061,22,10,2119.41,United Kingdom,0,Champions
18062,173,3,720.52,United Kingdom,3,At Risk
18064,133,2,814.0,United Kingdom,1,Low Engagement
18065,6,14,2392.83,United Kingdom,0,Champions
18066,75,1,318.0,United Kingdom,1,Low Engagement
18067,40,1,396.33,United Kingdom,2,Loyal Customers
18068,289,1,101.69999999999999,United Kingdom,1,Low Engagement
18069,26,5,2009.24,United Kingdom,3,At Risk
18071,258,2,453.0,United Kingdom,1,Low Engagement
18072,186,1,247.44,United Kingdom,1,Low Engagement
18073,114,12,3859.82,United Kingdom,3,At Risk
18074,374,1,489.6,United Kingdom,1,Low Engagement
18075,23,10,2611.75,United Kingdom,0,Champions
18077,8,11,2584.41,United Kingdom,0,Champions
18078,217,2,336.13,United Kingdom,1,Low Engagement
18079,45,4,3613.15,United Kingdom,3,At Risk
18080,19,2,1231.5,United Kingdom,2,Loyal Customers
18081,36,3,343.45,United Kingdom,2,Loyal Customers
18082,26,1,680.84,United Kingdom,2,Loyal Customers
18084,16,1,90.47999999999999,United Kingdom,2,Loyal Customers
18085,330,2,689.95,United Kingdom,1,Low Engagement
18086,274,1,101.34,United Kingdom,1,Low Engagement
18087,98,2,4055.7199999999993,United Kingdom,3,At Risk
18088,61,1,166.03,United Kingdom,1,Low Engagement
18092,2,11,9068.26,United Kingdom,0,Champions
18093,93,4,2106.52,United Kingdom,3,At Risk
18094,82,7,3017.3,United Kingdom,3,At Risk
18095,313,2,580.0500000000001,United Kingdom,1,Low Engagement
18096,12,3,849.06,United Kingdom,2,Loyal Customers
18097,8,6,2662.4,United Kingdom,0,Champions
18099,127,1,168.31,United Kingdom,1,Low Engagement
18101,11,2,222.4,United Kingdom,2,Loyal Customers
18102,1,60,259657.3,United Kingdom,0,Champions
18104,37,1,754.64,United Kingdom,2,Loyal Customers
18105,38,1,113.48000000000002,United Kingdom,1,Low Engagement
18106,330,1,421.9,United Kingdom,1,Low Engagement
18108,254,1,271.0,United Kingdom,1,Low Engagement
18109,2,26,8004.92,United Kingdom,0,Champions
18110,20,1,198.8,United Kingdom,2,Loyal Customers
18112,12,2,352.69,United Kingdom,2,Loyal Customers
18113,369,1,76.32000000000001,United Kingdom,1,Low Engagement
18114,290,1,220.1,United Kingdom,1,Low Engagement
18116,68,8,1403.1100000000001,United Kingdom,3,At Risk
18117,26,1,315.65,United Kingdom,2,Loyal Customers
18118,11,26,5625.08,United Kingdom,0,Champions
18119,368,1,180.7,United Kingdom,1,Low Engagement
18120,214,1,111.15,United Kingdom,1,Low Engagement
18121,149,2,653.3,United Kingdom,1,Low Engagement
18122,8,6,1793.06,United Kingdom,0,Champions
18123,24,2,574.4399999999999,United Kingdom,2,Loyal Customers
18125,30,4,1131.75,United Kingdom,3,At Risk
18126,61,1,200.92000000000002,United Kingdom,1,Low Engagement
18127,19,3,347.08,United Kingdom,2,Loyal Customers
18129,243,1,112.55000000000001,United Kingdom,1,Low Engagement
18130,15,3,1059.39,United Kingdom,2,Loyal Customers
18133,212,1,931.4999999999999,United Kingdom,1,Low Engagement
18135,29,5,681.9100000000001,United Kingdom,3,At Risk
18136,63,3,784.33,United Kingdom,3,At Risk
18138,295,1,152.65,United Kingdom,1,Low Engagement
18139,18,6,8438.34,United Kingdom,0,Champions
18142,157,2,1019.52,United Kingdom,3,At Risk
18143,117,2,1000.16,United Kingdom,3,At Risk
18144,8,12,2888.75,United Kingdom,0,Champions
18145,13,4,2861.55,United Kingdom,3,At Risk
18146,141,2,160.35000000000002,United Kingdom,1,Low Engagement
18147,46,2,179.33999999999997,United Kingdom,1,Low Engagement
18149,51,3,612.0799999999999,United Kingdom,3,At Risk
18150,32,3,566.58,United Kingdom,2,Loyal Customers
18151,135,2,653.35,United Kingdom,1,Low Engagement
18154,3,2,399.19,United Kingdom,2,Loyal Customers
18155,75,3,371.62,United Kingdom,1,Low Engagement
18156,13,2,675.64,United Kingdom,2,Loyal Customers
18158,9,2,453.4,United Kingdom,2,Loyal Customers
18159,301,1,530.15,United Kingdom,1,Low Engagement
18160,57,2,638.0600000000001,United Kingdom,3,At Risk
18161,15,5,1618.69,United Kingdom,3,At Risk
18164,37,1,399.65000000000003,United Kingdom,2,Loyal Customers
18165,177,1,302.46000000000004,United Kingdom,1,Low Engagement
18167,23,3,1384.8600000000001,United Kingdom,3,At Risk
18168,176,6,1160.04,United Kingdom,3,At Risk
18169,61,1,202.65,United Kingdom,1,Low Engagement
18170,33,3,980.31,United Kingdom,3,At Risk
18171,59,5,1231.31,United Kingdom,3,At Risk
18172,15,20,7561.68,United Kingdom,0,Champions
18173,87,4,2106.84,United Kingdom,3,At Risk
18174,7,1,104.0,United Kingdom,2,Loyal Customers
18176,358,1,476.35,United Kingdom,1,Low Engagement
18177,31,6,1340.8700000000001,United Kingdom,3,At Risk
18178,129,4,1590.81,United Kingdom,3,At Risk
18179,9,6,1793.17,United Kingdom,0,Champions
18180,5,6,1843.75,United Kingdom,0,Champions
18181,24,1,366.85,United Kingdom,2,Loyal Customers
18183,227,2,632.07,United Kingdom,1,Low Engagement
18184,15,1,49.8,United Kingdom,2,Loyal Customers
18185,249,1,304.25,United Kingdom,1,Low Engagement
18188,15,3,2001.04,United Kingdom,3,At Risk
18189,78,2,1090.24,United Kingdom,3,At Risk
18190,192,2,284.46000000000004,United Kingdom,1,Low Engagement
18191,262,1,207.79999999999998,United Kingdom,1,Low Engagement
18192,72,1,957.97,United Kingdom,1,Low Engagement
18193,165,1,243.76,United Kingdom,1,Low Engagement
18194,82,1,973.8399999999999,United Kingdom,1,Low Engagement
18196,95,2,686.63,United Kingdom,1,Low Engagement
18198,4,17,5425.56,United Kingdom,0,Champions
18200,106,1,150.35,United Kingdom,1,Low Engagement
18202,200,3,1396.99,United Kingdom,3,At Risk
18203,157,1,160.42000000000002,United Kingdom,1,Low Engagement
18204,71,3,1975.35,United Kingdom,3,At Risk
18205,36,2,517.36,United Kingdom,2,Loyal Customers
18209,29,1,139.10000000000002,United Kingdom,2,Loyal Customers
18210,2,6,2621.38,United Kingdom,0,Champions
18211,26,5,600.07,United Kingdom,3,At Risk
18212,326,1,216.07,United Kingdom,1,Low Engagement
18213,237,1,232.48000000000002,United Kingdom,1,Low Engagement
18215,89,1,299.34000000000003,United Kingdom,1,Low Engagement
18216,31,1,481.75,United Kingdom,2,Loyal Customers
18217,29,2,621.75,United Kingdom,2,Loyal Customers
18218,211,2,641.92,United Kingdom,1,Low Engagement
18219,3,10,2069.77,United Kingdom,0,Champions
18220,227,1,305.28000000000003,United Kingdom,1,Low Engagement
18221,22,5,1041.61,United Kingdom,3,At Risk
18222,93,1,443.0,United Kingdom,1,Low Engagement
18223,5,14,6484.54,United Kingdom,0,Champions
18224,264,1,158.95000000000002,United Kingdom,1,Low Engagement
18225,3,12,5504.96,United Kingdom,0,Champions
18226,44,11,5228.05,United Kingdom,0,Champions
18227,218,1,93.75,United Kingdom,1,Low Engagement
18228,57,2,779.9,United Kingdom,3,At Risk
18229,12,20,7276.900000000001,United Kingdom,0,Champions
18230,9,7,2810.2000000000003,United Kingdom,0,Champions
18231,192,5,2071.77,United Kingdom,3,At Risk
18232,82,4,592.97,United Kingdom,3,At Risk
18233,326,1,440.0,United Kingdom,1,Low Engagement
18235,72,3,1796.48,United Kingdom,3,At Risk
18236,30,6,882.24,United Kingdom,3,At Risk
18237,3,5,987.1,United Kingdom,2,Loyal Customers
18239,219,5,1561.6100000000001,United Kingdom,3,At Risk
18240,46,1,422.58,United Kingdom,1,Low Engagement
18241,10,17,2073.09,United Kingdom,0,Champions
18242,72,4,2232.4900000000002,United Kingdom,3,At Risk
18245,7,7,2567.06,United Kingdom,0,Champions
18246,24,2,596.1,United Kingdom,2,Loyal Customers
18248,123,2,804.02,United Kingdom,1,Low Engagement
18249,17,1,95.34,United Kingdom,2,Loyal Customers
18250,310,1,349.27,United Kingdom,1,Low Engagement
18251,87,1,4314.72,United Kingdom,3,At Risk
18252,51,2,518.27,United Kingdom,2,Loyal Customers
18255,89,1,103.3,United Kingdom,1,Low Engagement
18257,39,8,2337.63,United Kingdom,3,At Risk
18259,25,3,2338.6000000000004,United Kingdom,3,At Risk
18260,173,6,2628.35,United Kingdom,3,At Risk
18261,43,2,324.24,United Kingdom,2,Loyal Customers
18262,140,1,149.48,United Kingdom,1,Low Engagement
18263,26,3,1213.1599999999999,United Kingdom,3,At Risk
18265,72,2,801.51,United Kingdom,3,At Risk
18268,134,1,25.5,United Kingdom,1,Low Engagement
18269,366,1,168.6,United Kingdom,1,Low Engagement
18270,38,2,283.15,United Kingdom,2,Loyal Customers
18272,3,6,3078.58,United Kingdom,0,Champions
18273,2,3,204.0,United Kingdom,2,Loyal Customers
18274,30,1,175.92,United Kingdom,2,Loyal Customers
18276,44,1,335.86,United Kingdom,1,Low Engagement
18277,58,1,110.38,United Kingdom,1,Low Engagement
18278,74,1,173.9,United Kingdom,1,Low Engagement
18280,278,1,180.60000000000002,United Kingdom,1,Low Engagement
18281,181,1,80.82,United Kingdom,1,Low Engagement
18282,8,2,178.05,United Kingdom,2,Loyal Customers
18283,4,16,2045.53,United Kingdom,0,Champions
18287,43,3,1837.28,United Kingdom,3,At Risk
